id,name,incarnation,bio,time_period,birthplace,uid,taniyan_tamil,taniyan_english
1,Poygai Āḻvār,Panchajanya,"Poigai Āḻvār stands at the very threshold of the Tamil Bhakti movement and is honoured as the first among the *Mudal Āḻvārs*, the “First Three Āḻvārs,” whose inspired hymns laid the foundations for the devotional renaissance that would transform the religious landscape of South India. Through his life and poetry, Poigai Āḻvār inaugurated a tradition in which profound Vedāntic truths were expressed in the sweet cadences of Tamil, making divine wisdom accessible to all.

Tradition places Poigai Āḻvār's birth in the sacred city of Tiruvekkā, one of the most celebrated Divya Deśams of the Śrīvaiṣṇava tradition. This shrine, dedicated to Yathōktakāri Perumāḷ, is intimately associated with the earliest history of the Āḻvārs. According to the Guruparamparā narratives, Poigai Āḻvār was not born in the ordinary manner. He manifested miraculously in a golden lotus blooming in a sacred pond adjacent to the temple. It is from this pond, or *poigai* in Tamil, that he derived the name by which posterity remembers him.

Śrīvaiṣṇava tradition reveres him as the incarnation of the divine conch (*Pāñcajanya*) of Bhagavān Nārāyaṇa. Just as the Lord's conch proclaims His presence and summons devotees toward righteousness, Poigai Āḻvār's hymns announced the dawn of a new age of devotion. His very appearance symbolized the beginning of a spiritual awakening that would later blossom through the works of the remaining Āḻvārs.

Historical scholarship generally places the Āḻvārs between the sixth and ninth centuries CE, though traditional accounts situate them within a far more ancient sacred chronology. Regardless of chronology, there is broad agreement that Poigai Āḻvār belongs to the earliest stratum of Tamil Vaiṣṇava saints and represents one of the foundational voices of South Indian Bhakti literature.

From childhood, Poigai Āḻvār is said to have possessed extraordinary spiritual insight. Unlike ordinary seekers who acquire knowledge through study and instruction, the Āḻvārs are described in the tradition as souls blessed with innate realization. Divine wisdom did not have to be learned; it awakened naturally within them. Their understanding of Bhagavān arose not from intellectual speculation but from direct experience and overwhelming devotion.

The defining event in Poigai Āḻvār's life occurred at the sacred Divya Deśam of Tirukkōvilūr. This incident remains one of the most beloved narratives in the history of the Śrīvaiṣṇava tradition and marks the beginning of the *Nālāyira Divya Prabandham* itself.

On a stormy evening, Poigai Āḻvār sought shelter in the narrow vestibule of the āśrama associated with the sage Mṛkaṇḍu. The space was exceedingly small. Tradition beautifully summarizes the situation through a famous saying: “One may lie down, two may sit, three may stand.”

As Poigai Āḻvār settled within the shelter, another saint arrived, Bhūtat Āḻvār. The two accommodated one another by sitting. Soon thereafter, Pey Āḻvār also arrived, and all three stood together in the confined space. Suddenly they became aware of a mysterious fourth presence pressing against them.

Though the darkness prevented them from seeing who had entered, their hearts recognized something extraordinary. The unknown presence filled the tiny shelter with an indescribable spiritual radiance. Realizing that Bhagavān Himself had manifested among them, Poigai Āḻvār sought to illuminate the darkness, not with a physical lamp, but with the light of devotion.

At that moment he composed the opening verse of the *Mudal Tiruvandādi*, one of the most celebrated hymns in Tamil religious literature:

*""Vaiyam tagaḷiyā, vār kaḍalē neyyāga...""*

In this magnificent verse, the entire universe becomes a lamp. The earth serves as the lamp itself, the vast ocean becomes the ghee, and the radiant sun functions as the flame. With this cosmic lamp, Poigai Āḻvār seeks to behold the Supreme Lord.

The imagery is remarkable. Instead of using a small earthly lamp to perceive God, the poet transforms the entire cosmos into an instrument of worship. The universe itself becomes an offering placed before Bhagavān. This vision reveals the depth of Poigai Āḻvār's spiritual perception: all creation exists to illuminate and glorify the Divine.

Inspired by this experience, Bhūtat Āḻvār and Pey Āḻvār each composed their own hundred-verse works. Together these three collections became known as the *Mudal*, *Irandām*, and *Mūnṟām Tiruvandādis*, forming the earliest layer of the Divya Prabandham.

Poigai Āḻvār's literary contribution consists of one hundred verses known as the *Mudal Tiruvandādi*. The work is composed in the *andādi* style, a poetic form in which the concluding word or idea of one verse becomes the opening of the next. This structure creates an unbroken chain of devotion, symbolizing the endless contemplation of Bhagavān.

Theologically, Poigai Āḻvār's hymns are profound. They present Nārāyaṇa as the Supreme Reality, the source, sustainer, and ultimate refuge of all existence. Yet these teachings are expressed not through abstract philosophical language but through vivid images, devotional intimacy, and poetic beauty.

One of the recurring themes in his work is the glory of Bhagavān's relationship with His devotees. The Lord is not portrayed as a distant cosmic principle but as a compassionate presence who willingly enters the lives of those who seek Him. This emphasis would become a defining characteristic of the entire Śrīvaiṣṇava tradition.

Poigai Āḻvār also displays deep reverence toward the various manifestations of Bhagavān found in the Divya Deśams. His verses reveal a sacred geography in which temples become living centres of divine presence. Through his hymns, the pilgrim landscape of South India was transformed into a spiritual map guiding devotees toward realization.

Another notable feature of his poetry is its integration of Vedāntic insight and devotional experience. The highest truths of the Upaniṣads appear naturally within his verses, yet they are clothed in language accessible to ordinary devotees. In this way, Poigai Āḻvār helped bridge the worlds of philosophical reflection and popular devotion.

The influence of Poigai Āḻvār extended far beyond his own lifetime. The tradition of Tamil Vaiṣṇava devotion that he helped inaugurate eventually reached its fullest expression in the works of Nammāḻvār and later found systematic theological articulation through Bhagavad Rāmānuja. Thus, Poigai Āḻvār stands not merely as an individual saint but as the first herald of a spiritual movement that would shape the religious history of South India for centuries.

Today, devotees remember Poigai Āḻvār not only as a poet but as a visionary who transformed the universe into a lamp for the worship of Bhagavān. His life reminds us that true illumination does not arise from external light but from devotion kindled within the heart. Standing in a tiny dark shelter at Tirukkōvilūr, he perceived what others could not see, the presence of the Supreme Lord hidden within apparent darkness. That moment of revelation continues to shine through his hymns, guiding generations of devotees along the path of bhakti.

Thus, Poigai Āḻvār remains the first radiant light of the Āḻvār tradition, the saint whose cosmic lamp continues to illuminate the spiritual heritage of Śrīvaiṣṇavism.","End of Dvāpara, dawn of Kali Yuga",Kāñchipuram,1,,"kaidai śēr pūm pozil śūz kaccinagar vanduditta

poygai ppirān kaviñar pōr ēṟu |

vaiyattu aḍiyavargaḻ vāza arundamiz nūṭrandādi

paḍi viḻaṅga cceydān parindu ||"
2,Bhūtat Āḻvār,Kaumodakī,"Following the appearance of Poigai Āḻvār, the Śrīvaiṣṇava tradition reverently remembers Bhūtat Āḻvār as the second among the *Mudal Āḻvārs*. If Poigai Āḻvār transformed the universe into a lamp with which to behold the Supreme Lord, Bhūtat Āḻvār illuminated that lamp with the fuel of divine love. Together with Poigai Āḻvār and Pey Āḻvār, he occupies a unique place in the history of Tamil Bhakti, standing at the very beginning of a devotional movement that would eventually reshape the religious life of South India.

Bhūtat Āḻvār is traditionally associated with the sacred coastal town of Tirukkaḍalmallai, known today as Mahābalipuram. Situated on the shores of the Bay of Bengal, this ancient settlement was already an important centre of trade and culture during the Pallava period. Long before its rock-cut monuments earned fame among historians, it was celebrated by devotees as a sacred abode of Bhagavān.

According to the Guruparamparā tradition, Bhūtat Āḻvār did not take birth through ordinary human means. He manifested within a fragrant *kurukkatti* flower that bloomed in a sacred tank near the Divya Deśam of Sthalasayana Perumāḷ. Just as Poigai Āḻvār emerged from a lotus, Bhūtat Āḻvār too appeared as a divine child through miraculous circumstances, emphasizing his transcendental nature.

Śrīvaiṣṇava tradition identifies him as the incarnation of Bhagavān's divine mace, the *Kaumodakī Gadā*. In the iconography of Viṣṇu, the mace symbolizes strength, protection, and the destruction of ignorance. The life and hymns of Bhūtat Āḻvār reflect these very qualities. His devotion was powerful, unwavering, and capable of dispelling spiritual darkness.

The name ""Bhūtat"" often invites curiosity. In ordinary Tamil usage, the word may evoke the idea of a supernatural being. Within the Āḻvār tradition, however, the name carries a different significance. It signifies one who has become completely possessed by devotion to Bhagavān. Every thought, emotion, and action of Bhūtat Āḻvār was centred upon Nārāyaṇa. His individuality had become inseparable from divine love.

Like the other early Āḻvārs, Bhūtat Āḻvār is described as possessing innate spiritual wisdom. He did not acquire realization through prolonged scholastic study. Rather, knowledge of the Supreme Lord arose naturally within him, as though it were being remembered rather than learned. This feature is common to the lives of the Āḻvārs, who are regarded not merely as saints but as divinely inspired beings sent to rekindle devotion in the world.

The most celebrated event in Bhūtat Āḻvār's life occurred at Tirukkōvilūr. During a stormy night, Poigai Āḻvār had already taken shelter in the narrow vestibule of Mṛkaṇḍu Ṛṣi's āśrama. Bhūtat Āḻvār arrived shortly thereafter and requested refuge from the rain. Though the space was limited, the two saints accommodated one another.

Soon Pey Āḻvār also arrived, and the three stood together within the tiny enclosure. As they stood in darkness, they suddenly became aware of an additional presence among them. The confined space seemed crowded beyond what was physically possible. Yet the atmosphere was filled not with discomfort but with overwhelming spiritual ecstasy.

Poigai Āḻvār responded by creating a cosmic lamp through his opening verse. Bhūtat Āḻvār, inspired by the same divine experience, composed the first verse of the *Irandām Tiruvandādi*. His imagery is among the most beautiful in all devotional literature:

*""Anbē tagaḷiyā, ārvamē neyyāga...""*

""Let love be the lamp, let longing be the ghee.""

The contrast with Poigai Āḻvār's vision is striking. The first Āḻvār had used the external universe as a lamp. Bhūtat Āḻvār turned inward. For him, the lamp was not the earth, nor the oceans, nor the sun. The lamp was love itself. The fuel was yearning. The flame was spiritual awareness directed toward Bhagavān.

This verse reveals the essential character of Bhūtat Āḻvār's spirituality. His devotion was intensely personal and emotional. While deeply grounded in theological truth, it was expressed through the language of love. The path to Bhagavān was not merely intellectual understanding but heartfelt longing.

Bhūtat Āḻvār's literary contribution consists of one hundred verses known as the *Irandām Tiruvandādi*. Like the work of Poigai Āḻvār, it is composed in the *andādi* style, where each verse flows into the next through an interconnected chain of words and ideas. The structure itself symbolizes the unbroken remembrance of Bhagavān.

Throughout the work, Bhūtat Āḻvār repeatedly emphasizes the supremacy of Nārāyaṇa and the transformative power of devotion. His hymns portray Bhagavān not as an abstract philosophical principle but as a living presence who enters the hearts of devotees. The Lord becomes both the object of love and the source from which that love arises.

A notable feature of Bhūtat Āḻvār's poetry is its emotional intensity. The language often conveys the urgency of a devotee who cannot bear separation from the Divine. Love is not presented as a metaphor. It is treated as a genuine spiritual force capable of illuminating reality itself.

His verses also reveal a profound appreciation for the manifestations of Bhagavān in various sacred temples. The Divya Deśams are not merely locations in geography; they are places where the transcendent Lord becomes accessible to human beings. Through his hymns, Bhūtat Āḻvār helped establish the sacred landscape that would later become central to Śrīvaiṣṇava pilgrimage.

The influence of Bhūtat Āḻvār extends beyond his own literary work. Together with Poigai Āḻvār and Pey Āḻvār, he established the pattern that would characterize the entire Āḻvār movement. Their hymns demonstrated that profound spiritual truths could be communicated through Tamil poetry without sacrificing philosophical depth. This achievement opened the doors of devotion to countless devotees who may never have had access to formal Sanskrit learning.

In later centuries, Śrīvaiṣṇava Ācāryas frequently cited the opening verse of the *Irandām Tiruvandādi* as a perfect summary of the devotional path. Knowledge may guide the seeker, discipline may strengthen the seeker, but it is love that ultimately illuminates the presence of Bhagavān.

Today, Bhūtat Āḻvār is remembered as the saint whose lamp was kindled by devotion itself. If Poigai Āḻvār provided the lamp and Pey Āḻvār would soon behold the divine vision revealed by its light, Bhūtat Āḻvār supplied the fuel that made illumination possible. His life teaches that the deepest spiritual insight arises not merely from learning or austerity, but from a heart overflowing with love for the Supreme Lord.","End of Dvāpara, dawn of Kali Yuga",Tirukkaḍalmallai,2,,"en piṟavi tīra iṟaiñjinēn in amudā

anbē tagaḻi aḻittānai |

nan pugaz śēr śīdattār muttukkaḻ śērum

kaḍal mallai ppūdattār pon am kazal ||"
3,Pey Āḻvār,Nandaka,"Among the revered *Mudal Āḻvārs*, Pey Āḻvār occupies a unique and deeply symbolic position. If Poigai Āḻvār fashioned a cosmic lamp and Bhūtat Āḻvār filled that lamp with the oil of divine love, Pey Āḻvār was the one who finally beheld the vision illuminated by that light. His hymns represent the culmination of a spiritual progression that began with illumination, deepened through devotion, and culminated in direct experience of Bhagavān. For this reason, Pey Āḻvār is often remembered as the saint of divine vision.

Tradition associates Pey Āḻvār with the ancient sacred settlement of Tirumayilai, known today as Mylapore in Chennai. Long before it became a bustling urban centre, Tirumayilai was celebrated as a holy region sanctified by temples, saints, and sacred legends. It was here that Pey Āḻvār is believed to have manifested through divine grace.

According to the Guruparamparā accounts, Pey Āḻvār was not born through ordinary human means. He appeared within a red lily blooming in a sacred well associated with the temple of Ādikēsava Perumāḷ. His miraculous manifestation was regarded as a sign that he belonged not merely to the earthly realm but to the eternal retinue of Bhagavān.

Śrīvaiṣṇava tradition identifies Pey Āḻvār as the incarnation of the divine sword *Nandaka*, one of the principal weapons of Lord Viṣṇu. In Vaiṣṇava symbolism, the sword represents knowledge that cuts through ignorance and false understanding. This symbolism becomes particularly significant when one considers Pey Āḻvār's life and works. His hymns are filled with the certainty and clarity of direct spiritual realization.

The name ""Pey"" has often intrigued devotees and scholars alike. In ordinary Tamil, the word can mean one who appears possessed or overwhelmed. Within the devotional context of the Āḻvārs, however, the name reflects a profound spiritual state. Pey Āḻvār was regarded as one who had become completely intoxicated with divine love. His absorption in Bhagavān was so complete that worldly distinctions no longer held any significance for him. To ordinary observers, such intense devotion might appear like divine madness. To the tradition, it was the highest expression of spiritual realization.

Like Poigai Āḻvār and Bhūtat Āḻvār, Pey Āḻvār is described as possessing innate wisdom. His understanding of Bhagavān did not arise through prolonged study or philosophical debate. Rather, it flowed naturally from an intimate awareness of the Divine that accompanied him from birth. The Āḻvārs are frequently portrayed as souls who descended into the world already established in devotion, and Pey Āḻvār exemplifies this ideal.

The most celebrated episode of his life occurred at Tirukkōvilūr, where destiny brought together the three *Mudal Āḻvārs*. On a stormy evening, Poigai Āḻvār had taken shelter in the narrow vestibule of Mṛkaṇḍu Ṛṣi's āśrama. Bhūtat Āḻvār soon joined him, and eventually Pey Āḻvār also arrived seeking refuge from the rain.

The space was exceedingly small. One could lie down alone, two could sit together, and three could stand. Yet as the three saints stood in darkness, they became aware of an extraordinary fourth presence among them. The atmosphere was charged with spiritual power. Though their eyes could not yet perceive who stood before them, their hearts sensed that Bhagavān Himself had manifested within that humble shelter.

Poigai Āḻvār responded by creating a cosmic lamp. Bhūtat Āḻvār lit that lamp with the oil of devotion. Then came Pey Āḻvār's moment of revelation.

As the darkness vanished before the light of devotion, he beheld the Divine Couple directly. The opening verse of his *Mūnṟām Tiruvandādi* remains one of the most celebrated declarations in all of Tamil devotional literature:

*""Tirukkaṇḍēn, poṉ mēni kaṇḍēn...""*

""I beheld Śrī. I beheld the golden form.""

The order of his vision is deeply significant. The first thing he sees is not Bhagavān alone, but Śrī Mahālakṣmī. Only thereafter does he behold the Lord Himself. This sequence became profoundly important within the later Śrīvaiṣṇava tradition, which emphasizes the inseparable relationship between Nārāyaṇa and Śrī. Divine grace is understood to flow through the compassionate mediation of Mahālakṣmī, and Pey Āḻvār's vision beautifully anticipates this theological principle.

The verse continues as he describes the Lord's radiant form, His resplendent weapons, and the divine beauty that overwhelmed his senses. The language is not that of philosophical speculation but of immediate experience. Pey Āḻvār is not describing what he believes. He is describing what he has seen.

This directness distinguishes much of his poetry. While the earlier two Āḻvārs focus on preparing for divine realization through illumination and devotion, Pey Āḻvār speaks as one who has already entered into the experience of God's presence. His hymns carry the confidence and joy of realization.

Pey Āḻvār's literary contribution consists of one hundred verses collectively known as the *Mūnṟām Tiruvandādi*. Like the works of the other two *Mudal Āḻvārs*, it employs the *andādi* poetic structure, creating an uninterrupted flow of devotion and contemplation.

Throughout the work, he repeatedly celebrates the beauty of Bhagavān's form, the glory of His divine attributes, and the boundless compassion He extends toward devotees. The Lord appears not as a distant ruler but as a loving presence who willingly reveals Himself to those whose hearts are purified by devotion.

One of the striking features of Pey Āḻvār's poetry is its visual richness. His hymns frequently dwell upon the details of Bhagavān's appearance: the brilliance of His complexion, the splendour of His ornaments, the radiance of His weapons, and the grace of His divine consort. Through these descriptions, the reader is invited to participate in the same vision that transformed the poet.

His verses also demonstrate a profound awareness of the Divya Deśams and the various manifestations of Bhagavān worshipped throughout the Tamil country. Like the other Āḻvārs, he helped establish the sacred geography that would later become central to Śrīvaiṣṇava religious life.

The influence of Pey Āḻvār extends far beyond his hundred verses. His opening declaration, ""Tirukkaṇḍēn,"" has echoed through centuries of Vaiṣṇava literature and devotion. It represents one of the earliest and most powerful expressions of divine vision in Tamil religious poetry. Later Ācāryas frequently cited this verse as evidence of the inseparability of Śrī and Nārāyaṇa and as a model of authentic spiritual realization.

Viewed collectively, the three *Mudal Āḻvārs* form a beautiful spiritual sequence. Poigai Āḻvār provides the lamp. Bhūtat Āḻvār supplies the oil of devotion. Pey Āḻvār beholds the Divine Couple in the light that has been kindled. Together, their works symbolize the journey of the soul from spiritual darkness to illumination, from devotion to realization.

Today, Pey Āḻvār is remembered as the saint who saw. His life demonstrates that the purpose of devotion is not merely ritual observance or intellectual understanding, but direct experience of Bhagavān's presence. Through the luminous verses of the *Mūnṟām Tiruvandādi*, generations of devotees continue to share in that vision first granted within a small shelter at Tirukkōvilūr, where three saints stood together and discovered that the Lord Himself had come to stand among them.

Thus, Pey Āḻvār remains one of the earliest and most beloved voices of the Tamil Bhakti tradition, the poet whose eyes first beheld the Divine Couple and whose words continue to illuminate the path of devotion for seekers across the centuries.","End of Dvāpara, dawn of Kali Yuga",Mylāpūr,3,,"śīr ārum māḍa ttirukkōvalūr adanuḻ

kār ār karu mugilai kkāṇa ppukku |

0ōrā ttirukkaṇḍēn enṟuraitta śīrān kazalē

uraikkaṇḍāy neñjē ! ugandu ||"
4,Tirumalisai Āḻvār,Sudarśana Cakra,"Among the twelve Āḻvārs, Tirumaḻisai Āḻvār stands apart as one of the most intellectually fascinating and spiritually compelling figures. While many of the Āḻvārs are remembered primarily for their ecstatic devotion, Tirumaḻisai Āḻvār is equally celebrated for his relentless search for truth. His life embodies the journey of a seeker who refused to accept inherited beliefs without examination, who traversed numerous philosophical traditions in pursuit of ultimate reality, and who finally discovered lasting fulfilment at the lotus feet of Śrīman Nārāyaṇa. For this reason, his life has often been viewed as a bridge between philosophical inquiry and devotional surrender, demonstrating that the deepest investigation of truth ultimately culminates in bhakti.

The sacred village of Tirumaḻisai, situated near the ancient city of Kāñcīpuram, is revered as the birthplace of this remarkable saint. According to the traditional accounts preserved by the Śrīvaiṣṇava Guruparamparā, his birth itself was extraordinary. His parents, the sage Bhārgava and his wife Kanakāṅgī, had long prayed for a child and undertook severe austerities in the hope of receiving divine blessings. Their prayers were eventually answered, yet the child who was born did not resemble an ordinary infant. Tradition narrates that the newborn appeared as an undeveloped mass, causing bewilderment and sorrow to his parents. Unable to comprehend the divine purpose behind such a birth, they left the child amidst a grove of reeds. Yet what appeared to be abandonment was in reality the beginning of a divine drama. Bhagavān Nārāyaṇa and Śrī Mahālakṣmī are said to have bestowed their grace upon the infant, transforming him into a radiant child. Soon thereafter, he was discovered and lovingly raised by a humble couple. This episode occupies an important place in the tradition, for it subtly emphasizes a theme that would recur throughout the lives of the Āḻvārs: spiritual greatness is determined not by birth, social status, or worldly privilege, but by divine grace and devotion.

From a young age, Tirumaḻisai Āḻvār displayed an unusual temperament. Unlike many saintly figures whose devotion emerges naturally from childhood, he possessed an intensely inquisitive mind. Questions concerning existence, the nature of the self, the origin of the universe, and the identity of the Supreme Being occupied his thoughts. The religious environment of South India during this period was vibrant and diverse. Buddhism, Jainism, various Śaiva traditions, and several schools of philosophical speculation flourished alongside Vedic religion. Rather than confining himself to a single tradition, Tirumaḻisai immersed himself in many of them. The traditional biographies describe him as a seeker who studied numerous systems, carefully evaluating their claims and disciplines. He is said to have spent time among Buddhists, explored Jain teachings, and immersed himself deeply in Śaiva philosophy. Some traditions even identify him with the renowned Śaiva figure Śivavākkiyar, suggesting the depth of his engagement with that tradition. Yet despite acquiring knowledge and recognition, a sense of incompleteness remained. The answers he encountered were profound, but they did not entirely satisfy his search for ultimate truth.

The decisive turning point in his life came through his encounter with Pey Āḻvār. The meeting between these two saints occupies a cherished place in Śrīvaiṣṇava memory. Pey Āḻvār, who had himself experienced the direct vision of the Divine Couple at Tirukkōvilūr, recognized the extraordinary spiritual potential hidden within Tirumaḻisai. Through conversations, instruction, and above all divine grace, he gradually guided the seeker toward the realization that Nārāyaṇa alone is the Supreme Reality described by the Vedas and Upaniṣads. For Tirumaḻisai Āḻvār, this was not a casual conversion nor a change of religious affiliation. It was the culmination of a lifelong search. Having explored numerous paths, he arrived at a conviction rooted in both reason and experience. This realization transformed him completely. The intensity with which he embraced devotion to Nārāyaṇa reflects the certainty of one who has examined many alternatives and found his final refuge.

The literary contributions of Tirumaḻisai Āḻvār reflect this unique background. He composed two works that occupy an important place within the *Nālāyira Divya Prabandham*: the *Nānmugan Tiruvandādi*, consisting of ninety-six verses, and the *Tirucchanda Viruttam*, containing one hundred and twenty verses. These compositions reveal a mind that combined philosophical precision with devotional fervour. In the *Nānmugan Tiruvandādi*, he repeatedly establishes the supremacy of Nārāyaṇa over all other deities, including Brahmā, the four-faced creator referred to in the title itself. Yet these arguments are not presented as abstract theological assertions. They emerge naturally from his experience and conviction. The verses display an impressive command of Vedāntic ideas while remaining deeply personal and devotional. Throughout his works, one encounters a recurring theme: worldly achievements, intellectual accomplishments, and even heavenly rewards pale into insignificance when compared with the joy of surrendering to Bhagavān.

Among the many episodes associated with his life, none is more celebrated than the events that unfolded in Kāñcīpuram with his devoted disciple Kaṇikaṇṇan. The story beautifully illustrates both the greatness of the disciple and the affection Bhagavān bears toward His devotees. During his stay in Kāñcīpuram, Tirumaḻisai Āḻvār was served with unwavering devotion by an elderly woman. Moved by her sincerity, he blessed her, and through his grace she regained youthful beauty. News of this miraculous transformation eventually reached the Pallava king, who desired the same blessing for himself. He summoned Kaṇikaṇṇan and ordered him to persuade the Āḻvār to grant such a favour. The disciple refused. Spiritual grace, he understood, could not be reduced to a tool for satisfying royal vanity. Enraged by this refusal, the king banished Kaṇikaṇṇan from the kingdom. When Tirumaḻisai Āḻvār learned of his disciple's exile, he did not hesitate for a moment. A kingdom that rejected a devotee was not a place where he wished to remain. Preparing to leave, he turned toward the presiding deity of Tiruvekkā, Yathōktakāri Perumāḷ, and requested the Lord to accompany them. Tradition recounts that Bhagavān immediately obeyed. Rolling up His serpent couch, He rose and followed His devotee out of the city. The departure of the Lord plunged Kāñcīpuram into darkness and misfortune. Realizing the gravity of his error, the king sought forgiveness and pleaded for their return. Tirumaḻisai Āḻvār accepted the apology and returned to the city, whereupon Bhagavān resumed His resting posture. The deity came thereafter to be known as Yathōktakāri, ""He who acts according to the words of His devotee,"" a title that continues to remind devotees of the extraordinary intimacy that can exist between Bhagavān and those who surrender to Him.

Another beloved tradition connects Tirumaḻisai Āḻvār with the Divya Deśam of Kumbhakoṇam. Upon learning that the saint was approaching, Śārṅgapāṇi Perumāḷ is believed to have risen from His reclining posture to welcome him. Overwhelmed by such honour, Tirumaḻisai Āḻvār requested Bhagavān to remain exactly as He was. The Lord complied, freezing in a partially risen posture. Even today, temple traditions preserve the memory of this episode as an expression of Bhagavān's affection for His devotee. Such narratives are not merely miracle stories. They communicate a central insight of Śrīvaiṣṇava theology: Bhagavān, though the supreme ruler of the universe, willingly places Himself under the influence of pure devotion.

The enduring significance of Tirumaḻisai Āḻvār lies not only in his miracles or literary achievements but also in the example of his spiritual journey. He demonstrated that faith need not fear inquiry. His life rejects the false opposition between reason and devotion. By examining multiple traditions with sincerity and intellectual honesty, he ultimately arrived at a devotion that was stronger precisely because it had been tested. His works would later provide important theological foundations for Śrīvaiṣṇava Ācāryas, while his life continued to inspire seekers struggling with questions of truth, identity, and spiritual purpose. Today, Tirumaḻisai Āḻvār is remembered as the philosopher-saint who searched widely yet found lasting fulfilment only in Nārāyaṇa. His life remains a powerful reminder that the quest for truth, when pursued with humility and sincerity, ultimately leads to the boundless grace of Bhagavān.",Early Kali Yuga,Tirumalisai,4,,"nārāyaṇan paḍaittān nānmuganai\
nānmuganukkērār śivan piṟandān ennum śol |\
śīrār mozi śeppi vāzalām neñjamē !\
moy pū maziśai pparan aḍiyē vāzttu ||

taruccanda ppozil tazuvu tāraṇiyin tuyar tīra\
tiruccanda viruttam śey tirumaziśai pparan varum ūr |\
karuccandum kāragilum kamaz kōṅgum maṇanāṟum\
tiruccanda ttuḍan maruvu tirumaziśai vaḻam padiyē ||

ulagum maziśaiyum uḻ uṇarndu\
tammil pulavar pugaz kkōlāl tūkka |\
ulagu tannai vaitteḍutta pakkattum\
mānīr maziśaiyē vaitteḍutta pakkam validu ||"
5,Nammāḻvār,Vishvaksena,"Among the twelve Āḻvārs, Nammāḻvār occupies a position of unparalleled prominence. If the earlier Āḻvārs kindled the first flames of the Tamil Bhakti movement, Nammāḻvār transformed that flame into a brilliant spiritual sun whose radiance continues to illuminate the Śrīvaiṣṇava tradition. Later Ācāryas would regard him not merely as one among the Āḻvārs, but as the very heart of the *Nālāyira Divya Prabandham*. His compositions constitute nearly a quarter of the entire Prabandham, and his theological vision would profoundly shape the development of Śrīvaiṣṇava philosophy for centuries to come. Indeed, among devotees, the simple word ""Āḻvār"" often refers to Nammāḻvār himself, a reflection of the extraordinary reverence he commands within the tradition.

Nammāḻvār was born in the sacred town of Tirukkurugūr, known today as Āḻvār Tirunagari, situated on the fertile banks of the river Tāmiraparṇī in southern Tamil Nadu. This region, celebrated in both sacred literature and historical memory, occupies a special place in the spiritual geography of Vaiṣṇavism. Tradition identifies him as the incarnation of Viṣvaksena, the celestial commander of Bhagavān Nārāyaṇa's divine retinue in Vaikuṇṭha. His parents, Kāri and Uḍaiya Naṅgai, belonged to a respected agricultural lineage and were renowned for their devotion. Yet the child born to them was unlike any ordinary infant. From the very moment of birth, he displayed an extraordinary detachment from the world. He neither cried nor sought nourishment. He did not open his eyes to behold the world around him, nor did he exhibit any of the ordinary behaviours associated with infancy. Astonished and bewildered, his parents came to regard him as a divine child whose purpose lay beyond ordinary human understanding.

Unable to comprehend the mystery before them, his parents eventually brought the child to the temple of Ādinātha Perumāḷ at Tirukkurugūr and placed him beneath a sacred tamarind tree within the temple precincts. There the child remained in deep meditation. Tradition records that he sat motionless beneath that tree for sixteen years, immersed in uninterrupted contemplation of Bhagavān. During this entire period, he neither spoke nor interacted with the world. He appeared as though detached from earthly existence, absorbed entirely in divine consciousness. For later generations, this image of the silent saint seated beneath the tamarind tree would become one of the most powerful symbols of spiritual realization in the Śrīvaiṣṇava tradition.

The arrival of Madhurakavi Āḻvār marked the turning point in Nammāḻvār's earthly life. Madhurakavi, a learned devotee undertaking a pilgrimage through northern India, observed an extraordinary celestial light in the night sky. Intrigued by its brilliance, he followed it southward. The mysterious light ultimately led him to Tirukkurugūr and to the tamarind tree beneath which the silent youth sat in meditation. Curious to determine whether the young ascetic possessed ordinary awareness, Madhurakavi posed a famous question that has echoed through centuries of theological reflection: ""If the small one is born within the dead one, what will it eat and where will it remain?"" The question referred to the jīvātmā dwelling within the material body. To the astonishment of all, the youth who had remained silent for sixteen years opened his eyes and replied, ""It will eat that and remain there."" In this concise response, Nammāḻvār conveyed profound truths concerning the relationship between the soul, karma, and embodied existence. Recognizing immediately that he stood before a realized master, Madhurakavi fell at his feet and accepted him as his Ācārya.

From this moment onward, Nammāḻvār began to reveal the spiritual treasures that had been silently maturing within him. Unlike many saints who journeyed extensively to sacred places, Nammāḻvār rarely left Tirukkurugūr. Yet through divine vision, he experienced countless Divya Deśams and sang of them with remarkable intimacy and detail. Later tradition would describe this phenomenon as a form of spiritual pilgrimage transcending physical limitations. While his body remained beneath the tamarind tree, his consciousness travelled freely through the sacred landscape of Bhagavān's manifestations.

Nammāḻvār's literary contribution to the *Nālāyira Divya Prabandham* is immense. He composed four works: the *Tiruviruttam* consisting of one hundred verses, the *Tiruvāśiriyam* containing seven verses, the *Periya Tiruvandādi* comprising eighty-seven verses, and the monumental *Tiruvāymoḻi* consisting of 1,102 verses. Together, these works represent the summit of Tamil Vaiṣṇava literature. Later Ācāryas would often compare them to the four Vedas themselves, regarding the *Tiruvāymoḻi* in particular as the ""Tamil Veda."" Such comparisons were not made lightly. The theological sophistication, poetic beauty, and spiritual depth of these compositions established them as foundational texts within the Śrīvaiṣṇava tradition.

The *Tiruviruttam* presents the soul's longing for union with Bhagavān through the language of classical Tamil love poetry. Here Nammāḻvār frequently assumes the role of a heroine separated from her beloved Lord. This literary technique allowed him to express the intensity of devotional yearning with extraordinary emotional power. The *Tiruvāśiriyam* reveals a more explicitly theological dimension, contemplating creation, divine sovereignty, and cosmic order. The *Periya Tiruvandādi* continues these reflections through a series of interconnected verses rich in philosophical insight. Yet it is the *Tiruvāymoḻi* that stands as his crowning achievement, a work that combines theology, devotion, poetry, mysticism, and scriptural exegesis in a manner unparalleled in Tamil literature.

One of the most remarkable aspects of Nammāḻvār's writings is the way in which he enters multiple emotional perspectives. At times he speaks as himself, a devotee yearning for Bhagavān. At other moments he becomes a mother lamenting her daughter's love for the Lord. Elsewhere he assumes the voice of a friend, a messenger, or the heroine herself. These shifting perspectives are not merely literary devices. They reflect the conviction that every aspect of human experience can become a vehicle for expressing devotion. Through these voices, Nammāḻvār transforms ordinary emotions into profound spiritual insights.

Among the countless passages of the *Tiruvāymoḻi*, many have become central to Śrīvaiṣṇava theology. His repeated emphasis on *śaraṇāgati* or total surrender would later influence the teachings of Bhagavad Rāmānuja and subsequent Ācāryas. For Nammāḻvār, the jīvātmā's ultimate fulfilment lies not in self-sufficiency or intellectual achievement but in complete dependence upon Bhagavān's grace. This theme appears repeatedly throughout his works, where the soul is portrayed as helpless without divine compassion and yet infinitely cherished by the Lord.

Tradition also preserves moving accounts of Nammāḻvār's intense emotional experiences while composing his hymns. Certain verses describing Kṛṣṇa's childhood pastimes are said to have overwhelmed him completely. One celebrated tradition recounts that while reflecting upon Yaśodā binding Kṛṣṇa to a mortar, Nammāḻvār became so overcome by the Lord's simplicity and accessibility that he lost external consciousness for an extended period. Whether understood literally or symbolically, such narratives convey the extraordinary depth of his devotional absorption.

The influence of Nammāḻvār on subsequent generations can scarcely be overstated. Several centuries after his earthly life, Nāthamuni recovered the lost corpus of the *Nālāyira Divya Prabandham* through the grace of Nammāḻvār. This event ensured the preservation of the entire Āḻvār tradition and laid the foundations for the later development of Śrīvaiṣṇavism. Successive Ācāryas including Yāmunācārya, Bhagavad Rāmānuja, Piḷḷān, Nampiḷḷai, Periyavāccān Piḷḷai, and Vedānta Deśika devoted immense effort to studying, teaching, and commenting upon his works. Few figures in Indian religious history have inspired such a vast and enduring tradition of interpretation.

Today, pilgrims who visit Āḻvār Tirunagari continue to stand before the sacred tamarind tree associated with Nammāḻvār's meditation. The tree itself has become a living symbol of his presence, reminding devotees of the silent youth who transformed Tamil devotional literature forever. More than a poet, more than a mystic, and more than a theologian, Nammāḻvār is remembered as the voice through which the deepest truths of the Vedas found expression in Tamil. His hymns continue to guide seekers toward the realization that the highest wisdom lies not in worldly accomplishment but in loving surrender to Bhagavān. For this reason, generations of devotees have revered him as the very soul of the Āḻvār tradition, the mystic of Tirukkurugūr whose words continue to echo across the centuries as the eternal voice of the Tamil Veda.",Early Kali Yuga,Tirukkurugūr,5,,"bhaktāmṛtaṃ viśvajanānumōdanaṃ\
sarvārthadaṃ śrīśaṭhakōpavāṅmayam |\
sahasraśākhōpaniṣatsamāgamaṃ\
namāmyahaṃ drāviḍavēdasāgaram ||

tiruvazudi nāḍenṟum ten kurugūr enṟum\
maruviniya vaṇ porunal enṟum |\
aru maṟaigaḻ andādi śeydān aḍi iṇaiyē eppozudum\
śindiyāy neñjē ! teḻindu ||

manattālum vāyālum vaṇ kurugūr pēṇum\
inattārai allādiṟaiñjēn |\
tanattālum ēdum kuṟaivilēn endai śaḍagōban\
pādaṅgaḻ yāmuḍaiya paṭru ||

ēynda peruṅgīrtti irāmānuśamuni tan\
vāynda malarppādam vaṇaṅguginṟēn |\
āynda perum śīrār śaḍagōban śendamiz vēdam tarikkum\
pērāda uḻḻam peṟa ||

vān tigazum śōlai madiḻ araṅgar vaṇ pugaz mēl\
ānṟa tamiz maṟaigaḻ āyiramum |\
īnṟa mudal tāy śaḍagōban moymbāl vaḻartta\
idattāy irāmānuśan ||

mikka iṟai nilaiyum meyyām uyir nilaiyum\
takka neṟiyum taḍai āgi ttokkiyalum |\
ūzvinaiyum vāzvinaiyum ōdum kurugaiyar kōn\
yāzin iśai vēdattiyal ||"
6,Madhurakavi Āḻvār,Garuda / Gajanana,"Madhurakavi Āḻvār occupies a truly unique position. While every other Āḻvār poured forth hymns directly in praise of Bhagavān Nārāyaṇa and His various manifestations, Madhurakavi Āḻvār chose an entirely different path. His devotion was so firmly centred upon his guru, Nammāḻvār, that he composed no hymns directly addressed to Bhagavān. Instead, he sang exclusively about his Ācārya. In doing so, he established one of the most profound principles of the Śrīvaiṣṇava tradition: that the grace of Bhagavān is often experienced through the grace of the guru. For this reason, Madhurakavi Āḻvār is remembered not merely as a poet-saint but as the foremost exemplar of *ācārya-bhakti*.

Madhurakavi Āḻvār was born in Tirukkōḷūr, a sacred settlement situated near Tirukkurugūr on the banks of the Tāmiraparṇī. The region was already renowned for its spiritual atmosphere, and it would eventually become associated with some of the most important events in the history of the Āḻvārs. Tradition identifies Madhurakavi Āḻvār as an incarnation of Garuḍa's divine attendants, though different traditions preserve varying details concerning this identification. From an early age, he displayed exceptional intelligence, mastery of language, and a deep attraction toward religious life. Unlike Nammāḻvār, whose spiritual greatness manifested through prolonged silence and contemplation, Madhurakavi appears in the tradition as a learned pilgrim, a scholar devoted to sacred travel and the pursuit of spiritual wisdom.

The defining episode of his life began during a pilgrimage to the northern regions of Bhārata. While residing there, he observed an extraordinary light appearing in the southern sky. The brilliance of this light was unlike anything he had previously witnessed. Night after night, it continued to draw his attention. Interpreting it as a divine sign, he resolved to follow its direction. The journey led him steadily southward across rivers, forests, and kingdoms until he arrived at Tirukkurugūr. There, beneath the shade of a sacred tamarind tree, he encountered a young ascetic seated in profound meditation. The youth neither spoke nor moved. His eyes remained closed, and he appeared completely detached from the external world. This silent sage was Nammāḻvār.

Madhurakavi immediately sensed that he stood before an extraordinary being. Yet he wished to determine whether the young ascetic retained awareness of the world around him. To test this, he posed a question that would later become one of the most famous exchanges in Śrīvaiṣṇava history. ""If the small one is born within the dead one, what will it eat and where will it remain?"" The question referred symbolically to the jīvātmā dwelling within the material body. After sixteen years of silence, Nammāḻvār opened his eyes and replied, ""It will eat that and remain there."" Though brief, the answer conveyed profound truths concerning the embodied soul and its relationship with karma. More importantly for Madhurakavi, it revealed that the silent ascetic possessed spiritual insight of the highest order. In that moment, the pilgrim found not merely a teacher but the master who would transform his entire life.

From then onward, Madhurakavi dedicated himself completely to Nammāḻvār. He became his disciple, attendant, recorder, and messenger. While Nammāḻvār remained immersed in divine contemplation beneath the tamarind tree, Madhurakavi carefully preserved the revelations that flowed from him. In many respects, the relationship between the two resembles that between a devoted disciple and a realized guru found throughout Indian spiritual history. Yet within the Śrīvaiṣṇava tradition, this relationship attained extraordinary significance because it became the model for all later guru-disciple relationships.

The most remarkable aspect of Madhurakavi Āḻvār's life is the nature of his devotion. Unlike the other Āḻvārs, he did not seek direct experiences of Bhagavān. He did not undertake extensive pilgrimages to numerous Divya Deśams. He did not compose hymns celebrating the Lord's incarnations, temples, or divine attributes. Instead, he saw all these realities reflected perfectly within Nammāḻvār. For him, serving the guru was identical to serving Bhagavān. The divine presence he sought was fully manifest in his Ācārya. This conviction finds expression in his sole literary work, the *Kaṇṇiṇuṇ Siruttāmbu*, a collection of only eleven verses. Though brief in length, this work occupies a place of immense importance within the Śrīvaiṣṇava tradition.

The title *Kaṇṇiṇuṇ Siruttāmbu* carries profound symbolism. It refers to the small and delicate cord with which Yaśodā bound Kṛṣṇa to the mortar. Madhurakavi invokes this image in his opening verse, not to speak directly about Kṛṣṇa, but to glorify Nammāḻvār. The implication is striking. Just as the infinite Lord allowed Himself to be bound by the love of Yaśodā, the highest spiritual truths become accessible through the loving relationship between disciple and guru. Throughout the work, Madhurakavi repeatedly declares that his refuge lies not elsewhere but entirely at the feet of Nammāḻvār.

The theological significance of these verses cannot be overstated. In later centuries, Śrīvaiṣṇava Ācāryas would cite *Kaṇṇiṇuṇ Siruttāmbu* as one of the clearest scriptural foundations for the doctrine of *ācārya-niṣṭhā*, unwavering devotion to one's spiritual preceptor. Madhurakavi presents the guru not merely as a teacher of doctrine but as the living embodiment of divine grace. Through the guru, one receives knowledge, guidance, and ultimately access to Bhagavān Himself. Thus, while his work contains only eleven verses, its influence upon Śrīvaiṣṇava thought has been immense.

Madhurakavi's importance extends even beyond his own compositions. Tradition remembers him as the faithful disciple who preserved and propagated Nammāḻvār's teachings. Without his devotion, much of what later generations received from Nammāḻvār might never have been transmitted. In this sense, Madhurakavi occupies a role comparable to that of many great disciples throughout religious history whose loyalty ensured the survival of their master's teachings. The relationship between Nammāḻvār and Madhurakavi became a model repeatedly invoked by later Ācāryas, illustrating the transformative power of discipleship grounded in humility and devotion.

Several centuries later, when Nāthamuni sought to recover the lost corpus of the *Nālāyira Divya Prabandham*, it was *Kaṇṇiṇuṇ Siruttāmbu* that played a crucial role in the process. Tradition records that Nāthamuni repeatedly recited Madhurakavi's eleven verses thousands of times at Āḻvār Tirunagari. Through the grace of Nammāḻvār, this devotion ultimately led to the recovery of the entire Divya Prabandham. Thus, a composition consisting of only eleven verses became the key through which four thousand verses were restored to the tradition.

The legacy of Madhurakavi Āḻvār is therefore unique among the Āḻvārs. Others taught devotees how to love Bhagavān. Madhurakavi taught them how to love the one who reveals Bhagavān. Others celebrated the Lord's divine forms, temples, and incarnations. Madhurakavi celebrated the feet of his guru. Yet far from diminishing devotion to Bhagavān, this path deepened it, for in Nammāḻvār he saw the fullest manifestation of divine grace available to a seeker.

Today, Madhurakavi Āḻvār remains one of the most beloved figures within the Śrīvaiṣṇava tradition. His life demonstrates that spiritual greatness does not always consist in composing thousands of verses or performing extraordinary miracles. Sometimes it consists in recognizing greatness in another and dedicating oneself completely to its service. Through his unwavering devotion to Nammāḻvār, Madhurakavi established an ideal that continues to shape the spiritual life of countless devotees. His eleven verses continue to remind seekers that the path to Bhagavān is illuminated by the guidance of the guru, and that true discipleship, when rooted in humility and love, becomes itself a form of divine realization.",Early Kali Yuga,Tirukkōvilūr,6,,"avidita viṣayāntaraḥ śaṭhārēḥ\
upaniṣadām upagānamātra bhōgaḥ |\
api ca guṇavaśā ttadēkaśēṣī\
madhurakavirhṛdayē mamāvirastu ||

vēṟonṟum nān aṟiyēn vēdam tamiz śeyda\
māṟan śaḍagōban vaṇ kurugūr ēreṅgaḻ |\
vāzvām enṟēttum\
madurakaviyār emmai āḻvār avarē araṇ ||"
7,Kulasekara Āḻvār,Kaustubha Maṇi,"Kulacēkara Āḻvār occupies a distinctive place as both a monarch and a saint. While many of the Āḻvārs emerged from humble backgrounds, Kulacēkara Āḻvār ruled a kingdom, commanded armies, administered a prosperous realm, and enjoyed all the privileges that worldly power could offer. Yet his life stands as a powerful reminder that neither political authority nor material prosperity can satisfy the deepest aspirations of the jīvātmā. Amidst royal splendour, his heart remained fixed upon Bhagavān, and the longing that ultimately defined his life was not for conquest or glory, but for eternal service at the Lord's lotus feet.

Tradition identifies Kulacēkara Āḻvār as a ruler of the Cēra kingdom, whose territories encompassed much of present-day Kerala and portions of western Tamil Nadu. Historical evidence suggests that he lived during a period when the Bhakti movement was steadily transforming the religious landscape of South India. The exact dates of his life remain a subject of scholarly discussion, but both traditional and historical sources agree that he was a king of considerable influence and stature. Śrīvaiṣṇava tradition reveres him as the incarnation of the divine Kaustubha gem that adorns the chest of Śrīman Nārāyaṇa. Just as the Kaustubha jewel rests perpetually upon the Lord, Kulacēkara Āḻvār's heart remained inseparably attached to Bhagavān throughout his life.

From an early age, Kulacēkara displayed an unusual attraction toward sacred narratives, particularly the *Rāmāyaṇa*. While he received the education expected of a prince and mastered the arts of governance, warfare, diplomacy, and administration, his greatest delight lay in listening to the stories of Bhagavān's incarnations. Courtly entertainments, political discussions, and royal ceremonies never captivated him as deeply as the recitation of sacred literature. The lives of Śrī Rāma and Śrī Kṛṣṇa became living realities within his consciousness. Unlike many who merely heard these stories as accounts of the distant past, Kulacēkara experienced them with such immediacy that the boundaries between narrative and present reality often seemed to disappear.

One of the most celebrated episodes from his life illustrates the extraordinary depth of his devotion. As was customary in many royal courts, learned scholars regularly recited the *Rāmāyaṇa* before the king. On one occasion, the recitation reached the episode in which Śūrpaṇakhā's humiliation led Khara, Dūṣaṇa, and their vast army of rākṣasas to march against Śrī Rāma in the forests of Daṇḍakāraṇya. The narrator vividly described the approach of thousands of armed warriors preparing to attack the Lord. Kulacēkara listened with complete absorption. To him, these events were not ancient history; they were unfolding before his very eyes. As the description progressed, concern for Rāma overwhelmed him. Forgetting entirely that the events had occurred long ago, he immediately ordered his ministers and generals to mobilize the royal army. Determined to aid Rāma in battle, he prepared to march toward the battlefield. The court was thrown into confusion. Ministers desperately tried to explain that Rāma had already defeated the rākṣasas thousands of years earlier, but the king's devotion had carried him beyond ordinary considerations of time. Only when the reciter quickly narrated Rāma's victory did Kulacēkara regain composure. This incident became one of the defining symbols of his life, illustrating a devotion so intense that sacred history became living reality.

As his devotion deepened, the responsibilities of kingship increasingly appeared secondary. Though he continued to govern justly, his thoughts constantly gravitated toward Bhagavān and His devotees. The company of devotees brought him greater joy than the company of nobles, and the service of temples appeared more meaningful than the administration of kingdoms. This preference occasionally created tensions within the royal court. Some ministers grew concerned that the king's generosity toward devotees was excessive and feared that his devotion might interfere with matters of state. Yet Kulacēkara regarded service to devotees as one of the highest forms of worship, for he believed that Bhagavān's devotees were infinitely dear to Him.

A famous tradition illustrates this conviction. Certain courtiers, wishing to undermine the influence of Vaiṣṇava devotees at court, accused them of theft. To prove their innocence, Kulacēkara ordered a pot containing a venomous serpent to be brought before him. Declaring that genuine devotees of Bhagavān could never commit such a crime, he placed his hand into the vessel. The serpent did not harm him. The king emerged unharmed, and the false accusations were exposed. Whether understood literally or symbolically, the story reflects the extraordinary trust he placed in the purity of Bhagavān's devotees.

Kulacēkara Āḻvār's literary contribution to the *Nālāyira Divya Prabandham* is the *Perumāḷ Tirumoḻi*, a work consisting of 105 verses. These hymns reveal the full range of his devotional personality. At times he appears as a king yearning for the Lord's presence. At other times he assumes the role of a mother, a devotee, or a participant in the sacred events of the *Rāmāyaṇa*. The work is marked by profound emotional intensity and vivid imagination. Unlike purely philosophical texts, the *Perumāḷ Tirumoḻi* invites the reader into a world where devotion transforms perception itself.

Among the most celebrated sections of the work are those devoted to Śrī Rāma. Kulacēkara's love for Rāma permeates the entire composition. He does not merely praise Rāma's virtues; he longs to participate personally in the events of the *Rāmāyaṇa*. His devotion is characterized by an overwhelming desire for proximity. He wishes not simply to worship Bhagavān from afar but to be physically present wherever the Lord resides. This longing reaches one of its most famous expressions in the verses concerning Tiruvēṅkaṭam.

In these hymns, Kulacēkara declares that he desires no exalted position, neither heavenly pleasures nor royal authority. Instead, he wishes to be reborn in any form that would permit him to remain close to Bhagavān. He would gladly become a bird, a fish, a tree, a stone, or even a step at the sacred hill of Tiruvēṅkaṭam if such a birth would allow him to remain in the Lord's presence. This sentiment became so beloved within the tradition that the threshold of the sanctum in several Vaiṣṇava temples came to be known as the *Kulacēkara Paḍi*, the ""Step of Kulacēkara."" Devotees often refrain from crossing this threshold, remembering the Āḻvār's prayer that he might exist eternally as a step sanctified by the touch of Bhagavān's devotees.

Kulacēkara's devotion extended beyond Tamil compositions. Tradition also attributes to him the celebrated Sanskrit work *Mukunda Mālā*. Although scholarly discussions continue regarding authorship, the text has long been associated with him within the Vaiṣṇava tradition. The work reveals the same intense longing for Bhagavān that characterizes the *Perumāḷ Tirumoḻi*. Throughout its verses, one encounters a king who has recognized the fleeting nature of worldly power and who seeks refuge solely in Mukunda, the giver of liberation.

As the years passed, Kulacēkara gradually withdrew from active political life. The attractions of kingship had lost their hold upon him. Pilgrimage, devotion, and contemplation increasingly occupied his attention. Temple traditions across South India preserve memories of his visits and his profound attachment to various Divya Deśams. Whether at Śrīraṅgam, Tiruvēṅkaṭam, or other sacred centres, his deepest desire remained unchanged: to remain forever in the service of Bhagavān and His devotees.

The legacy of Kulacēkara Āḻvār extends far beyond his own lifetime. Later generations revered him as the ideal example of a ruler whose devotion transcended worldly ambition. His hymns continue to inspire devotees with their emotional sincerity, their vivid participation in sacred history, and their profound humility. In an age when kings were remembered for military victories and territorial expansion, Kulacēkara achieved immortality through a different kind of conquest. He conquered his own attachment to power and surrendered completely to Bhagavān.

Today, Kulacēkara Āḻvār is remembered not merely as a king who became a saint, but as a devotee whose love for Bhagavān transformed every aspect of his life. His story demonstrates that devotion is not limited by social status, profession, or circumstance. Whether one governs a kingdom or lives in obscurity, the ultimate fulfilment of the jīvātmā lies in loving service to Bhagavān. Through his life and hymns, Kulacēkara Āḻvār continues to remind devotees that the greatest throne is not one fashioned by earthly power, but the place nearest to the lotus feet of the Lord.",Early Kali Yuga,Kolli Nādu,7,,"in amudam ūṭṭugēn iṅgēvā paiṅgiḻiyē !\
ten araṅgam pāḍavalla śīrpperumāḻ |\
ponnam śilai śēr nudaliyar vēḻ śēralar kōn\
eṅgaḻ kulaśēgaran enṟē kūṟu ||

āram keḍapparan anbar koḻḻār enṟu\
avargaḻukkē vāraṅgoḍu kuḍa ppāmbil kaiyiṭṭavan |\
māṭralarai vīraṅgeḍutta śeṅgōl kolli kāvalan villavar kōn\
śēran kulaśēgaran muḍivēndar śigāmaṇiyē ||"
8,Periyāḻvār,Garuḍa,"While the other Āḻvārs sang of their longing for Bhagavān, praised His greatness, or sought refuge at His lotus feet, Periyāḻvār did something extraordinary. He blessed Bhagavān Himself. This singular act earned him a unique place in the history of Vaiṣṇava devotion. In a tradition where devotees seek blessings from the Lord, Periyāḻvār's love was so intense, so maternal, and so protective that he worried not for himself but for Bhagavān. His devotion was not rooted in fear, reverence, or even longing alone. It was rooted in *vātsalya-bhāva*, the affection of a parent toward a beloved child. Through this distinctive mode of devotion, he transformed the relationship between devotee and Bhagavān into one of the most tender and intimate expressions found in Indian religious literature.

Periyāḻvār was born in the sacred town of Śrīvilliputtūr, one of the most celebrated Divya Deśams of the Śrīvaiṣṇava tradition. His birth name was Viṣṇucitta, a name that beautifully reflected his nature, for his mind was entirely occupied by thoughts of Viṣṇu. Śrīvilliputtūr, nestled amidst fertile landscapes and temple gardens, would later become one of the most important centres of Vaiṣṇava devotion, owing largely to the lives of Periyāḻvār and his foster daughter Āṇḍāḷ. Tradition reveres Periyāḻvār as an incarnation of Garuḍa, the divine vehicle of Bhagavān Nārāyaṇa. Just as Garuḍa eternally serves the Lord, Viṣṇucitta dedicated every moment of his life to the service of Bhagavān.

Unlike many saints associated with royal courts, philosophical debates, or extensive pilgrimages, Periyāḻvār lived a simple and humble life. His daily occupation was the cultivation of flowers. Maintaining a sacred garden near the temple, he lovingly grew fragrant blossoms which he wove into garlands for Vatapatraśāyī Perumāḷ, the presiding deity of Śrīvilliputtūr. For him, this service was not merely a ritual obligation. Every flower was nurtured as an offering, every garland woven with devotion, and every act of service performed as an expression of love. The temple garden became his world, and the Lord of Śrīvilliputtūr became the centre of his existence.

The defining event in Periyāḻvār's life occurred during the reign of a Pāṇḍya king at Madurai. According to tradition, the king had become deeply interested in understanding the nature of the Supreme Reality. Scholars representing various philosophical and religious traditions gathered in his court, each presenting arguments in support of their respective doctrines. A substantial reward awaited the scholar capable of establishing the identity of the Supreme Being through scriptural authority and reason. Viṣṇucitta, who had never regarded himself as a scholar and had spent his life tending flowers rather than engaging in public debate, received a divine command from Bhagavān instructing him to travel to Madurai and participate in the assembly.

Obedient to the Lord's will, he journeyed to the royal court. There, before learned scholars and assembled dignitaries, the humble gardener expounded the supremacy of Nārāyaṇa using the authority of the Vedas, Upaniṣads, Itihāsas, and Purāṇas. Tradition recounts that divine wisdom flowed effortlessly through him. The scholars were astonished, the king was convinced, and the assembly acknowledged his victory. At that very moment, the reward suspended above the gathering is said to have fallen of its own accord, signifying divine approval. The king honoured Viṣṇucitta and arranged a grand procession through the streets of Madurai, seating him upon a royal elephant amidst great celebration.

It was during this triumphal procession that one of the most celebrated moments in the history of the Āḻvārs occurred. Bhagavān Himself appeared before the assembled crowds, accompanied by Śrī Mahālakṣmī. One might expect a devotee who had just witnessed such a vision to fall into ecstasy, offer praise, or seek blessings. Periyāḻvār did something entirely different. Looking upon the incomparable beauty of the Lord, he was suddenly overcome by concern. What if someone cast an evil eye upon Bhagavān? What if harm somehow came to Him? The thought itself was unbearable. Forgetting that he stood before the Supreme Lord of the universe, he instinctively responded as a loving parent would respond to a precious child. From this overflowing affection emerged the immortal opening of the *Tiruppallāṇḍu*:

*""Pallāṇḍu Pallāṇḍu Pallāyirattaṇḍu...""*

""May You live for many years, for many thousands of years, for countless ages.""

The theological significance of this moment is profound. Periyāḻvār did not merely praise Bhagavān; he blessed Him. This inversion of the normal relationship between devotee and deity became the defining characteristic of his devotional outlook. The Lord who protects the universe became, in the eyes of Periyāḻvār, an object of loving concern. Such is the transformative power of *vātsalya-bhakti*. The devotee becomes so absorbed in affection that divine majesty recedes into the background, replaced by intimate love.

Periyāḻvār's literary contributions consist primarily of the *Tiruppallāṇḍu* and the *Periyāḻvār Tirumoḻi*. Together, these works reveal the extraordinary richness of his devotional imagination. Throughout the *Periyāḻvār Tirumoḻi*, he repeatedly assumes the role of Yaśodā, Kṛṣṇa's foster mother, and narrates the Lord's childhood exploits with remarkable tenderness and realism. Few works in devotional literature portray the childhood of Kṛṣṇa with such intimacy. The reader encounters not the cosmic Lord who sustains the universe, but a mischievous child who steals butter, refuses to bathe, plays pranks on neighbours, and fills his mother's life with both delight and anxiety.

These hymns reveal Periyāḻvār's unique genius. He does not merely describe Kṛṣṇa's childhood; he enters into it completely. One moment he is calling the child to take a bath, another moment he is feeding him, comforting him, protecting him, or worrying about his safety. Through these compositions, the infinite Lord becomes accessible in the most human and affectionate manner possible. The theological message underlying these verses is subtle yet profound. The Supreme Being, though transcendent and omnipotent, willingly accepts the love and care of His devotees. Divine greatness is revealed not only through cosmic power but also through divine simplicity.

Another defining chapter in Periyāḻvār's life began with the discovery of a divine child in his garden. One day, while tending the flowers destined for Bhagavān's worship, he found a baby girl beneath a sacred Tulasī plant. Recognizing the event as divinely ordained, he adopted the child and named her Kōdai, known to posterity as Āṇḍāḷ. The relationship between Periyāḻvār and Āṇḍāḷ would become one of the most beloved narratives in the entire Śrīvaiṣṇava tradition. He nurtured her with affection, instructed her in devotion, and raised her amidst the sacred atmosphere of temple service. Little did he realize that the child he had found would one day become one of the greatest poet-saints of India and the eternal bride of Śrī Raṅganātha.

The later years of Periyāḻvār's life were marked by increasing spiritual fulfilment. His devotion deepened through the blossoming of Āṇḍāḷ's own spiritual greatness, and he witnessed firsthand the unfolding of a divine destiny. The humble gardener of Śrīvilliputtūr had become not only a celebrated saint but also the foster father of one of the most revered figures in the Vaiṣṇava tradition.

The influence of Periyāḻvār upon subsequent generations has been immense. His hymns established *vātsalya-bhāva* as one of the most cherished modes of devotion within Vaiṣṇavism. Through his poetry, countless devotees learned to approach Bhagavān not merely with reverence but with affection. The image of the devotee blessing the Lord remains one of the most distinctive and moving themes in the entire Bhakti tradition.

Today, Periyāḻvār is remembered as the saint whose love transcended all conventional boundaries. Standing before the Lord of the universe, he did not ask for wealth, liberation, or even divine grace. Instead, he prayed for Bhagavān's well-being. In that moment, the gardener of Śrīvilliputtūr revealed a profound spiritual truth: the highest devotion is not concerned with what one receives from Bhagavān, but with loving Him so completely that one forgets oneself entirely. Through his life, his hymns, and his boundless affection, Periyāḻvār continues to inspire generations of devotees to cultivate a love for Bhagavān that is selfless, intimate, and eternal.",Early Kali Yuga,Srivilliputtūr,8,,"gurumukhamanadhītya prāha vēdānaśēṣān\
narapatiparikḷptaṃ śulkamādātukāmaḥ |\
śvaśuramamaravandyaṃ raṅganāthasya sākṣāt\
dvijakulatilakaṃ taṃ viṣṇucittaṃ namāmi ||

minnār taḍa madiḻ śūz villibuttūr enṟoru kāl\
śonnār kazaṟkamalam śūḍinōm |\
munnāḻ kizi aṟuttān enṟuraittōm\
kīzmaiyiniṟ śērum vazi aṟuttōm neñjamē ! vandu ||

pāṇḍiyan koṇḍāḍa ppaṭṭarbirān vandān enṟu\
īṇḍiya śaṅgam eḍuttūda |\
vēṇḍiya vēdaṅgaḻōdi viraindu kizi aṟuttān\
pādaṅgaḻ yāmuḍaiya paṭru ||"
9,Āṇḍāḻ,Bhūdevi,"Āṇḍāḻ is the only female Āḻvār, the only one revered not merely as a saint but as an incarnation of Śrī Mahālakṣmī herself, and the only Āḻvār whose life culminated in a divine marriage with Bhagavān. Across more than a millennium, her voice has continued to resonate in temples, homes, and hearts throughout Bhārata. While kings have risen and fallen, dynasties have vanished, and languages have evolved, the verses of Āṇḍāḷ remain alive, recited daily by devotees and especially cherished during the sacred month of Mārgaḻi. Her life is not simply the biography of a poet-saint; it is the story of a soul whose love for Bhagavān transcended every earthly boundary and culminated in eternal union with the Lord she adored.

The story of Āṇḍāḷ begins in the sacred town of Śrīvilliputtūr, one of the most celebrated Divya Deśams of the Śrīvaiṣṇava tradition. There lived Periyāḻvār, known in his earlier life as Viṣṇucitta, whose days were devoted to cultivating flowers and preparing garlands for Vatapatraśāyī Perumāḷ. One morning, while tending his sacred garden, he discovered an infant girl beneath a Tulasī plant. The child appeared not as an abandoned infant but as a divine gift entrusted to him by Bhagavān Himself. Overwhelmed with wonder, he carried her home and raised her as his own daughter. He named her Kōdai, meaning ""one adorned with garlands"" or ""one of exquisite beauty."" In later generations she would become known as Āṇḍāḷ, ""she who ruled"" or ""she who conquered,"" a title reflecting the extraordinary influence she would exercise over the hearts of devotees and even, according to tradition, over Bhagavān Himself.

Śrīvaiṣṇava tradition reveres Āṇḍāḷ as an incarnation of Bhūdevī, one of the divine consorts of Nārāyaṇa. From childhood, she displayed qualities that distinguished her from ordinary children. While others played with toys and games, Kōdai immersed herself in stories of Kṛṣṇa, Rāma, and the divine exploits of Bhagavān. Growing up in the home of Periyāḻvār, she absorbed the devotional atmosphere created by her father's hymns and temple service. The narratives of Kṛṣṇa's childhood enchanted her imagination. The Lord was not for her a distant deity residing in some inaccessible heaven. He was her beloved, her companion, and ultimately the bridegroom for whom she believed she had descended into the world.

As she grew older, her devotion assumed a remarkable form. Periyāḻvār would prepare flower garlands every day for Vatapatraśāyī Perumāḷ. Before these garlands were taken to the temple, Kōdai secretly adorned herself with them. Standing before a mirror, she would ask whether she appeared worthy of Bhagavān. Only after satisfying herself would she carefully remove the garlands and place them where her father expected to find them. For a considerable period, Periyāḻvār remained unaware of this practice. One day, however, he witnessed the act and was deeply distressed. According to temple custom, garlands intended for Bhagavān were required to be fresh and untouched. Believing that the garlands had become unsuitable for worship, he discarded them and prepared new ones.

That night, Bhagavān appeared to Periyāḻvār in a dream and revealed His preference. Far from rejecting the garlands worn by Kōdai, He declared that those were the only garlands He truly desired. The garlands sanctified by her devotion were dearer to Him than untouched flowers. From that day onward, she became celebrated as *Sūḍikkoḍutta Nācciyār*, ""the lady who first wore the garland and then offered it to the Lord."" This incident remains one of the most beloved episodes in her life and symbolizes a profound theological truth: Bhagavān values the devotion behind an offering more than the offering itself.

As Kōdai entered adolescence, her devotion intensified into a consuming longing for union with Bhagavān. Unlike ordinary aspirations for marriage, her desire was directed exclusively toward the Supreme Lord. She resolved that she would accept no mortal husband. Her heart belonged entirely to Śrīman Nārāyaṇa. This longing found expression in her first literary masterpiece, the *Tiruppāvai*, a collection of thirty verses that has become one of the most celebrated works in all of Tamil literature. Set against the backdrop of a sacred vow observed during the month of Mārgaḻi, the *Tiruppāvai* portrays a group of young cowherd maidens awakening one another and journeying together to attain Kṛṣṇa's grace. On the surface, the work appears simple and accessible. Yet beneath its charming imagery lies profound theology. The verses explore themes of surrender, divine grace, communal devotion, and the soul's longing for union with Bhagavān. For this reason, later Ācāryas often described the *Tiruppāvai* as containing the essence of the Vedas themselves.

If the *Tiruppāvai* represents the disciplined and communal dimension of devotion, Āṇḍāḷ's second work, the *Nācciyār Tirumoḻi*, reveals the intensely personal and emotional depths of her spiritual experience. In these verses, the longing for Bhagavān becomes overwhelming. She speaks as a heroine separated from her beloved. She addresses birds, clouds, flowers, and even the god of love, asking them to carry messages to Kṛṣṇa. Her language is rich with the imagery of classical Tamil love poetry, yet every emotion is directed toward the Divine. Among the most famous sections is the *Vāraṇam Āyiram* decad, in which she describes a dream of her marriage to Bhagavān. The verses vividly portray the rituals, ceremonies, and joy of a divine wedding. Over the centuries, these hymns have become an integral part of Śrīvaiṣṇava marriage ceremonies, recited as blessings upon newly married couples.

As her longing for Bhagavān deepened, Āṇḍāḷ increasingly identified Śrī Raṅganātha of Śrīraṅgam as the Lord whom she wished to marry. Her devotion had progressed beyond symbolic expression. She genuinely regarded herself as the bride of Bhagavān. Tradition records that Śrī Raṅganātha Himself responded to this devotion. Through divine revelations received by temple authorities and Periyāḻvār, instructions were given for Āṇḍāḷ to be brought to Śrīraṅgam. Accompanied by her father and a great procession of devotees, she journeyed to the island city sanctified by the Kāverī.

What occurred thereafter belongs to the realm of sacred tradition rather than historical narration. As Āṇḍāḷ entered the sanctum of Śrī Raṅganātha, she approached the reclining Lord whom she had loved throughout her life. According to the tradition cherished by generations of devotees, she merged into the divine presence of Bhagavān and disappeared from earthly sight. There was no ordinary conclusion to her life because her earthly existence itself had been a preparation for eternal union with the Lord. In Śrīvaiṣṇava understanding, this event represents not death but fulfilment, the consummation of a love that had transcended all worldly limitations.

The influence of Āṇḍāḷ upon the Śrīvaiṣṇava tradition has been immense. Her *Tiruppāvai* continues to be recited daily in temples across the world and occupies a central place during the month of Mārgaḻi. Great Ācāryas including Bhagavad Rāmānuja held her works in extraordinary reverence. Tradition even remembers Rāmānuja as *Tiruppāvai Jīyar* because of his deep attachment to her verses. Unlike many literary works that remain confined to scholars, Āṇḍāḷ's compositions are equally beloved by children, householders, ascetics, and theologians. Their simplicity allows them to be cherished by ordinary devotees, while their theological depth continues to inspire generations of scholars.

Today, Āṇḍāḷ remains one of the most beloved figures in all of Vaiṣṇavism. She is remembered not merely as a poet, saint, or mystic, but as the eternal bride of Bhagavān. Her life demonstrates the transformative power of divine love, a love capable of transcending social conventions, worldly ambitions, and even the boundaries separating the human and the divine. Through her hymns and her example, Āṇḍāḷ continues to invite every jīvātmā to awaken from spiritual slumber, seek the grace of Bhagavān, and ultimately discover the fulfilment that lies in eternal union with Him. In this way, the young girl who once wore flower garlands in the gardens of Śrīvilliputtūr continues to adorn the hearts of devotees across the centuries, reigning forever as the beloved Nācciyār of the Śrīvaiṣṇava tradition.",Early Kali Yuga,Srivilliputtūr,9,,"allināḻ tāmarai mēl āraṇaṅgin in tuṇaivi\
mallināḍāṇḍa maḍamayil mel iyalāḻ |\
āyar kulavēndan āgattāḻ\
ten puduvai vēyar payanda viḻakku ||

nīḻātuṅga stanagiritaṭī suptamudbōdhya kṛṣṇam\
pārārthyaṃ svaṃ śrutiśataśirassiddhamadhyāpayantī |\
svōcchiṣṭāyāṃ srajinigaḻitaṃ yā balātkṛtya bhuṅktē\
gōdā tasyai nama idamidaṃ bhūya ēvāstu bhūyaḥ ||

annavayal puduvai āṇḍāḻ araṅgaṟku\
pannu tiruppāvai ppalpadiyam |\
inniśaiyāl pāḍi kkoḍuttāḻ naṟ pāmālai\
pūmālai śūḍi kkoḍuttāḻai ccollu ||

śūḍi kkoḍutta śuḍarkkoḍiyē ! tol pāvai\
pāḍi aruḻavalla palvaḻaiyāy ! |\
nāḍinī vēṅgaḍavaṟkennai vidi enṟa immāṭram\
nām kaḍavā vaṇṇamē nalgu ||"
10,Toṇḍaraḍippoḍi Āḻvār,Vanamālā,"Āḻvārs travelled extensively across the sacred landscape of Bhārata, singing the glories of numerous Divya Deśams, Toṇḍaraḍippoḍi Āḻvār chose a different path. Having once beheld the majesty and beauty of Śrī Raṅganātha at Śrīraṅgam, he found no reason to look elsewhere. For him, all sacred places culminated in Śrīraṅgam, all forms of Bhagavān converged in Raṅganātha, and all aspirations found fulfilment in service to the Lord and His devotees. His life is therefore a remarkable testament to the power of single-minded devotion, demonstrating how one devotee's entire existence can become centred upon a single divine presence.

Toṇḍaraḍippoḍi Āḻvār was born in Tirumaṇḍaṅguḍi, a village situated near the fertile banks of the Kāverī. Tradition records that he was born into a brāhmaṇa family and was given the name Vipra Nārāyaṇa. Śrīvaiṣṇava tradition reveres him as an incarnation of the divine Vaijayantī mālā, the celestial garland adorning the chest of Śrīman Nārāyaṇa. Just as the garland rests close to the Lord, the Āḻvār's heart remained inseparably attached to Bhagavān throughout his life. From an early age, he displayed a profound inclination toward devotion and temple service. While he possessed the qualifications necessary for a life of scholarship and ritual learning, his heart gravitated toward a simpler and more intimate form of worship.

At some point in his youth, Vipra Nārāyaṇa journeyed to Śrīraṅgam, the foremost among the Divya Deśams and the spiritual capital of the Śrīvaiṣṇava tradition. There he encountered Śrī Raṅganātha, the reclining Lord who rests upon Ādiśeṣa amidst the island formed by the twin branches of the Kāverī. The sight transformed him completely. For many devotees, a pilgrimage eventually ends and life resumes its ordinary course. For Vipra Nārāyaṇa, the pilgrimage never ended. Having seen Raṅganātha, he chose to remain permanently in Śrīraṅgam. He established a flower garden near the temple and dedicated his life to cultivating blossoms for the Lord's worship. Every flower he nurtured, every garland he prepared, and every act of service he performed was directed toward pleasing Raṅganātha. Unlike kings who sought kingdoms or scholars who sought renown, Vipra Nārāyaṇa desired nothing beyond the privilege of serving the Lord.

Yet the life of Toṇḍaraḍippoḍi Āḻvār is also remembered for a dramatic episode that illustrates both human vulnerability and divine compassion. According to traditional accounts, there lived in the region a celebrated courtesan named Dēvadēvī. Renowned for her beauty and accomplishments, she became aware of the young devotee whose mind seemed entirely untouched by worldly attractions. A challenge emerged, whether from pride, curiosity, or circumstance, and she resolved to test the strength of his detachment. Through a series of events narrated in various traditional sources, Vipra Nārāyaṇa gradually became entangled in worldly attachment and neglected the service that had once defined his life. The episode occupies an important place in the tradition because it demonstrates that even a sincere devotee may experience moments of weakness. The greatness of a saint does not lie in never stumbling, but in ultimately returning to Bhagavān through divine grace.

The turning point came through the intervention of Raṅganātha Himself. Tradition relates that Bhagavān, unwilling to abandon His devotee, personally orchestrated events that exposed the transient nature of worldly attachment and restored Vipra Nārāyaṇa to the path of devotion. When the illusion finally dissolved, the devotee was overcome with repentance and humility. He recognized with renewed clarity that the only lasting refuge lay at the feet of Bhagavān. This experience transformed him profoundly. No longer did he regard himself as worthy of honour or distinction. Instead, he adopted the name Toṇḍaraḍippoḍi, meaning ""the dust of the feet of the devotees."" The title reveals much about his spiritual maturity. He did not aspire to be known as a great scholar, saint, or mystic. He wished only to be counted among the servants of Bhagavān's servants.

This spirit of humility permeates his literary works. Toṇḍaraḍippoḍi Āḻvār contributed two compositions to the *Nālāyira Divya Prabandham*: the *Tiruppalliyeḻucci*, consisting of ten verses, and the *Tirumālai*, comprising forty-five verses. Though modest in size when compared with the vast compositions of Nammāḻvār, these works occupy a cherished place within the Śrīvaiṣṇava tradition. The *Tiruppalliyeḻucci* is particularly significant because it serves as a sacred awakening hymn addressed to Śrī Raṅganātha. In these verses, the Āḻvār lovingly calls upon the Lord to awaken and bless the world. The imagery is vivid and beautiful. Dawn has arrived. Birds are singing. The fragrance of flowers fills the air. The devotees have gathered. Nature itself seems eager for the Lord's audience. Through these verses, the devotee performs the intimate service of awakening Bhagavān, not because the Lord truly sleeps in a human sense, but because such loving service expresses the devotee's affection.

The *Tirumālai* reveals another dimension of the Āḻvār's spirituality. Here one encounters a devotee profoundly aware of the fleeting nature of worldly life. The verses repeatedly emphasize the impermanence of wealth, status, beauty, and human achievement. Kingdoms rise and fall, bodies age and perish, and worldly pleasures vanish as quickly as they arise. Against this backdrop of impermanence stands the eternal refuge of Bhagavān. The work combines humility, devotion, repentance, and spiritual wisdom in a manner that has inspired generations of devotees. Particularly striking is the Āḻvār's repeated emphasis on the greatness of Bhagavān's devotees. For him, service to devotees is inseparable from service to Bhagavān Himself.

Unlike several other Āḻvārs who sang extensively about numerous Divya Deśams, Toṇḍaraḍippoḍi Āḻvār's heart belonged almost exclusively to Śrīraṅgam. His hymns repeatedly return to Raṅganātha and the sacred island of the Kāverī. This focused devotion became one of his defining characteristics. In his eyes, there was no need to search for Bhagavān elsewhere when Raṅganātha lay before him in all His splendour. The temple city, the Kāverī, the devotees, and the Lord together formed the entire universe of his spiritual experience.

The influence of Toṇḍaraḍippoḍi Āḻvār upon later generations has been profound. His life demonstrates that devotion is sustained not by personal perfection but by divine grace. His humility became a model for later Ācāryas, who frequently emphasized that the highest spiritual state is not self-glorification but service. His awakening hymns continue to be recited in temples, and his verses remain treasured for their sincerity and devotional depth. Above all, his life reminds devotees that Bhagavān never abandons those who belong to Him. Even when a devotee falters, divine compassion remains steadfast.

Toṇḍaraḍippoḍi Āḻvār is remembered as the gardener of Śrīraṅgam, the servant who desired nothing more than to gather flowers for Raṅganātha and the saint who called himself merely the dust beneath the feet of devotees. In an age often captivated by power, achievement, and recognition, his life offers a different vision of greatness. True greatness, he teaches, lies not in being honoured by the world, but in becoming worthy of service at the feet of Bhagavān and His devotees. Through his hymns and example, he continues to guide countless seekers toward a devotion marked by humility, gratitude, and unwavering love for Śrī Raṅganātha.",Early Kali Yuga,Tirumaḷirumcōlai,10,,"maṭronṟum vēṇḍā manamē ! madiḻ araṅgar\
kaṭrinam mēytta kazal iṇai kkīz |\
uṭra tirumālai pāḍum śīr ttoṇḍaraḍi ppoḍi em perumānai\
eppozudum pēśu ||

tamēvamatvā paravāsudēvam\
raṅgēśayaṃ rājavadarhaṇīyam |\
prābōdhakīṃ yō’kṛta sūktimālām\
bhaktāṅghrirēṇuṃ bhagavantamīḍē ||"
11,Tiruppāṇ Āḻvār,Śrīvatsa,"Tiruppāṇ Āḻvār emerged as a shining example of the transformative power of devotion. His life demonstrates that Bhagavān sees not the external identity of a devotee but the purity of the heart. Though his literary contribution consists of only ten verses, those ten verses have secured for him an eternal place among the greatest poet-saints of India.

Tiruppāṇ Āḻvār was born near Uraiyūr, the ancient capital of the Cōḻas, situated close to the sacred city of Śrīraṅgam. Tradition associates him with the Pāṇar community, a group renowned for their musical abilities and their skill in singing and playing stringed instruments. The Pāṇars occupied a distinctive place within ancient Tamil society, preserving rich traditions of music and poetry. From his earliest years, Tiruppāṇ Āḻvār displayed an extraordinary attraction toward Bhagavān. Music became the medium through which his devotion found expression. Standing upon the banks of the Kāverī, he would sing the glories of Śrī Raṅganātha with such sincerity and absorption that all awareness of the external world would disappear.

Yet despite his intense devotion, he maintained a profound sense of humility. Because of prevailing social customs, he considered himself unworthy to enter the sacred precincts of Śrīraṅgam. Rather than approaching the temple directly, he would stand at a distance and sing in praise of the Lord. The temple towers, the flowing Kāverī, and the distant vision of Raṅganātha became the focus of his daily worship. What others might have regarded as exclusion, he transformed into devotion. His longing for Bhagavān only intensified, and his songs became increasingly filled with love and surrender.

The defining event of Tiruppāṇ Āḻvār's life occurred through the intervention of Śrī Raṅganātha Himself. One morning, the temple priest Lōkasāranga Mahāmuni proceeded to the Kāverī to collect water for the Lord's worship. As he approached the riverbank, he found Tiruppāṇ Āḻvār standing there absorbed in devotional singing. Lost in contemplation, the saint remained unaware of his surroundings and did not respond when asked to move aside. According to traditional accounts, the priest, frustrated by the delay, threw a small stone to attract his attention. The stone struck Tiruppāṇ Āḻvār, who immediately moved away in distress, feeling that he had inadvertently obstructed temple service. The incident appeared insignificant at the moment, yet it would soon reveal a profound divine purpose.

That night, Śrī Raṅganātha appeared in a dream to Lōkasāranga Mahāmuni. The Lord expressed displeasure, declaring that the injury inflicted upon Tiruppāṇ Āḻvār had been inflicted upon Him. Bhagavān commanded the priest to seek forgiveness and to bring the devotee into the temple, not on foot, but carried upon his own shoulders. The command carried deep theological significance. The Lord was publicly affirming the greatness of His devotee and demonstrating that devotion transcends all worldly distinctions. Upon awakening, the priest was overwhelmed with remorse. Gathering the temple devotees, he approached Tiruppāṇ Āḻvār and conveyed the Lord's instruction.

The saint was deeply troubled by the request. Out of humility, he considered himself unworthy even to place his feet upon the sacred soil leading to the temple. Yet the command had come from Raṅganātha Himself. Unable to refuse the Lord's will, he allowed Lōkasāranga Mahāmuni to carry him upon his shoulders into Śrīraṅgam. This extraordinary procession remains one of the most beloved episodes in Śrīvaiṣṇava history. The image of the temple priest carrying the devotee symbolizes the triumph of bhakti over social hierarchy and the Lord's unwavering affection for those who love Him.

As Tiruppāṇ Āḻvār entered the temple and approached the sanctum, he beheld Śrī Raṅganātha directly for the first time. What followed was not merely an act of seeing but an overwhelming spiritual vision. Standing before the reclining Lord, the Āḻvār became absorbed in contemplation of the divine form. His gaze moved gradually upward, beginning at the Lord's lotus feet and ascending step by step through every aspect of the divine body. Each stage of this vision gave rise to a verse. The result was the immortal *Amalan Ādipirān*, a composition of ten verses that remains one of the jewels of the *Nālāyira Divya Prabandham*.

The structure of *Amalan Ādipirān* is remarkable. The Āḻvār begins with the Lord's feet, the traditional refuge of devotees, and slowly ascends through the ankles, legs, waist, chest, arms, neck, lips, eyes, and crown. The progression mirrors both physical vision and spiritual ascent. The devotee moves from surrender at the feet toward complete absorption in the beauty of Bhagavān. Few compositions in Indian devotional literature describe the divine form with such intimacy and reverence.

One of the most celebrated features of these verses is their visual richness. Tiruppāṇ Āḻvār does not merely describe physical beauty. Every feature of the Lord becomes a source of theological reflection and spiritual ecstasy. The chest adorned by Śrī Mahālakṣmī reveals divine compassion. The eyes radiate boundless grace. The lips possess a beauty beyond comparison. The entire form becomes an object of contemplation through which the devotee experiences the presence of the Supreme Reality.

The concluding verse of the *Amalan Ādipirān* reveals the culmination of the Āḻvār's experience. Having beheld the beauty of Raṅganātha, he declares that his eyes will never again turn toward anything else. This statement is not merely poetic exaggeration. It reflects the fundamental conviction that once the soul has truly experienced Bhagavān, all worldly attractions lose their power. The vision of the Lord becomes the ultimate fulfilment of every longing.

Tradition holds that after completing the ten verses, Tiruppāṇ Āḻvār attained union with Bhagavān. Just as Āṇḍāḷ's life culminated in her union with Śrī Raṅganātha, Tiruppāṇ Āḻvār's earthly journey reached its fulfilment through the direct vision of the Lord. Whether understood literally or symbolically, this tradition expresses the belief that his devotion had reached its final destination.

The influence of Tiruppāṇ Āḻvār far exceeds the size of his literary contribution. His ten verses have inspired generations of devotees, theologians, and poets. Later Ācāryas repeatedly praised the *Amalan Ādipirān* for its theological depth and devotional beauty. The work remains central to temple recitation traditions and continues to be studied as a masterpiece of Vaiṣṇava spirituality. Equally important is the example of his life. Through him, the Śrīvaiṣṇava tradition affirms that Bhagavān's grace is available to all who approach Him with sincerity and love.

Standing before Śrī Raṅganātha, he beheld a beauty so overwhelming that it transformed his entire being. His life teaches that true spiritual vision does not depend upon scholarship, social position, or worldly achievement. It arises from a heart wholly devoted to Bhagavān. Through the ten luminous verses of the *Amalan Ādipirān*, generations of devotees continue to share in that sacred vision, ascending with the Āḻvār from the Lord's lotus feet to the splendour of His divine countenance. In doing so, they encounter the same truth that transformed Tiruppāṇ Āḻvār: that the beauty of Bhagavān is the ultimate refuge and fulfilment of the jīvātmā.",Early Kali Yuga,Uraiyūr,11,,"āpādacūḍamanubhūya hariṃ śayānaṃ\
madhyē kavēraduhiturmuditāntarātmā |\
adraṣṭṛtāṃ nayanayōrviṣayāntarāṇāṃ\
yō niścikāya manavai munivāhanaṃ tam ||

kāṭṭavē kaṇḍa pāda kamalam nallāḍaiyundi\
tēṭṭarum udarabandam tirumārbu kaṇḍam śevvāy |\
vāṭṭamil kaṇgaḻ mēni muniyēṟi ttani pugundu\
pāṭṭināl kaṇḍu vāzum pāṇardāḻ paravinōmē ||"
12,Tirumaṅgai Āḻvār,Śārṅga,"The history of the Āḻvārs reaches one of its most dramatic and vibrant expressions in the life of Tirumaṅgai Āḻvār. Few saintly figures in Indian religious history embody such a remarkable combination of courage, passion, poetic brilliance, worldly accomplishment, and spiritual transformation. His life unfolds almost like an epic narrative. He appears first as a warrior and ruler, then as a lover willing to change his life for devotion, later as a man driven to desperate measures in the service of Bhagavān's devotees, and finally as one of the greatest poet-saints of the Śrīvaiṣṇava tradition. If Nammāḻvār gave the tradition its theological depth, Tirumaṅgai Āḻvār gave it movement, energy, and geographical breadth. Through his tireless pilgrimages and extensive hymns, he preserved the memory of numerous Divya Deśams and helped shape the sacred map that continues to guide devotees today.

Tradition identifies Tirumaṅgai Āḻvār as the incarnation of Śārṅga, the divine bow of Śrīman Nārāyaṇa. The symbolism is fitting, for his entire life was marked by dynamism and action. He was born at Tirukkuṟaiyalūr in the fertile Cōḻa country and was given the name Nīlan. From an early age, he distinguished himself through exceptional courage, physical prowess, intelligence, and leadership. The political landscape of South India during this period was characterized by regional chieftains, military alliances, and shifting centres of power. Nīlan rose rapidly within this environment, earning distinction as a military commander and eventually becoming the ruler of the region known as Tirumaṅgai. Consequently, he became widely known as Tirumaṅgai Maṇṇan, the King of Tirumaṅgai.

The young ruler possessed all the qualities admired in a warrior aristocrat. He was skilled in warfare, respected by his followers, and accustomed to command. Yet despite his worldly success, destiny had prepared a very different future. The turning point arrived through his encounter with Kumudavalli Nācciyār, a deeply devoted Vaiṣṇava woman whose spiritual strength would profoundly alter the course of his life. Captivated by her beauty and character, Nīlan sought her hand in marriage. Kumudavalli, however, was not impressed by wealth, military glory, or political authority. She agreed to marry him only on the condition that he embrace the path of Vaiṣṇava devotion and dedicate himself to serving devotees of Bhagavān. More specifically, he was required to undertake the daily feeding of one thousand Vaiṣṇavas.

What began as a condition for marriage gradually became a spiritual discipline that transformed his heart. Nīlan accepted Vaiṣṇava initiation and faithfully fulfilled the commitment. Day after day, vast numbers of devotees were fed at his expense. Enormous quantities of wealth flowed into this sacred service. At first, the resources of a ruler seemed sufficient. Eventually, however, the burden became overwhelming. Treasuries emptied, revenues diminished, and debts mounted. Yet Tirumaṅgai Maṇṇan refused to abandon the service he had undertaken. His devotion had become genuine, and he could not bear the thought of turning away Bhagavān's devotees.

The crisis pushed him toward a path that later generations would remember with astonishment. Unable to sustain the service through legitimate means, he began intercepting wealthy travellers and appropriating their possessions. Unlike an ordinary criminal motivated by greed, Tirumaṅgai's actions arose from a misguided determination to continue feeding devotees. The contradiction is striking and deeply human. His devotion was authentic, yet his methods were flawed. The tradition preserves this period of his life not to glorify wrongdoing but to illustrate the extraordinary intensity of his character. Whatever he pursued, he pursued completely.

The decisive transformation occurred during one of these encounters. One night, Tirumaṅgai and his companions encountered a magnificent bridal couple travelling through the countryside. Their ornaments appeared extraordinarily valuable, and the ruler-turned-bandit prepared to seize them. Yet when he attempted to remove the ornaments, he discovered that they could not be moved. Despite his renowned strength and military prowess, he found himself powerless. Astonished, he demanded to know the secret behind this mystery. The bridegroom was none other than Śrīman Nārāyaṇa Himself, accompanied by Śrī Mahālakṣmī. What followed became one of the most sacred moments in Śrīvaiṣṇava tradition. The Lord bestowed upon Nīlan the sacred *tirumantra* through divine grace. In that instant, the warrior's heart was transformed. The restless search for fulfilment that had shaped his life suddenly found its destination. The conqueror was conquered, not by force, but by compassion.

Following this divine encounter, Tirumaṅgai Maṇṇan became Tirumaṅgai Āḻvār. The immense energy that had once driven military campaigns and political ambitions was now directed entirely toward Bhagavān. Yet his essential character remained unchanged. He did not become a recluse withdrawn from the world. Instead, he became one of the most active and influential figures in the history of the Bhakti movement. His devotion expressed itself through travel, poetry, temple worship, and the preservation of sacred traditions. More than any other Āḻvār, he journeyed extensively across the Tamil country and beyond, visiting an extraordinary number of Divya Deśams. Many temples receive their most detailed and passionate descriptions from his hymns. In numerous cases, the historical memory and religious prominence of these sacred sites owe much to his tireless pilgrimages.

The literary contribution of Tirumaṅgai Āḻvār is surpassed only by that of Nammāḻvār. His works include the *Periya Tirumoḻi*, *Tirukkuṟuntāṇḍakam*, *Tiruneḍuntāṇḍakam*, *Tiruvēḻukūṟṟirukkai*, *Siriya Tirumaḍal*, and *Periya Tirumaḍal*. Together, these compositions reveal one of the most accomplished poets in the entire corpus of Tamil devotional literature. His command of language is astonishing. The verses display immense lexical richness, sophisticated poetic structures, and a remarkable ability to blend theology with emotional intensity. Scholars have long noted that Tirumaṅgai Āḻvār's poetry often exhibits a complexity and literary ambition unmatched by many of his predecessors.

A striking feature of his compositions is their emotional force. Tirumaṅgai Āḻvār rarely speaks in moderate tones. Love becomes overwhelming longing. Separation becomes anguish. Devotion becomes all-consuming passion. When describing Bhagavān's beauty, he does so with extraordinary vividness. When lamenting separation from the Lord, his verses carry a profound emotional intensity. Like Nammāḻvār, he frequently adopts the voice of a heroine yearning for union with her beloved. Yet there is a distinct energy in his poetry, a sense of urgency and movement that reflects the temperament of the man himself.

His contribution to temple culture was equally significant. Traditional accounts associate him closely with the development and protection of Śrīraṅgam. Several narratives describe his efforts to support temple construction, fortification, and ritual life. Whether every detail can be verified historically is less important than the broader truth reflected in the tradition: Tirumaṅgai Āḻvār viewed temples not merely as places of worship but as living centres of spiritual civilization. His devotion was inseparable from his commitment to preserving and strengthening these sacred institutions.

The influence of Tirumaṅgai Āḻvār upon later Śrīvaiṣṇavism is immense. Through his travels, numerous Divya Deśams became woven into the collective devotional consciousness of the tradition. Through his poetry, theological truths acquired powerful emotional expression. Through his life, devotees encountered a compelling example of transformation through grace. Unlike saints who appear detached from ordinary human struggles, Tirumaṅgai Āḻvār's story unfolds amidst ambition, desire, failure, redemption, and surrender. This complexity makes him one of the most relatable and compelling figures among the Āḻvārs.

By the end of his life, the warrior who once sought glory on battlefields had become one of the greatest heralds of Bhagavān's glory. The ruler who once commanded armies now sought only the privilege of serving the Lord. The man who once measured wealth in gold and territory came to value only the treasure of divine grace. His hymns continue to echo through temples across South India, carrying with them the voice of a saint whose devotion possessed the same power and intensity as the bow whose incarnation he is believed to have been. Through his extraordinary life and enduring works, Tirumaṅgai Āḻvār remains one of the most dynamic and influential figures in the entire history of the Śrīvaiṣṇava tradition.",Early Kali Yuga,Tirukkuraiyalūr,12,,"kalayāmi kalidhvaṃsaṃ kaviṃ lōkadivākaram |\
yasya gōbhiḥ prakāśābhirāvidyaṃ nihataṃ tamaḥ ||

vāzi paragālan vāzi kaliganṟi\
vāzi kuṟaiyalūr vāz vēndan |\
vāziyarō māyōnai vāḻ valiyāl mandiram koḻ\
maṅgaiyar kōn tūyōn śuḍar māna vēl ||

neñjukkiruḻ kaḍi tīpam aḍaṅgā neḍum piṟavi\
nañjukku nalla amudam tamiz nannūl tuṟaigaḻ\
añju kkilakkiyam āraṇa śāram |\
paraśamaya ppañju kkanalin poṟi\
paragālan panuvalgaḻē ||

eṅgaḻ kadiyē ! irāmānuja muniyē !\
śaṅgai keḍuttāṇḍa tavarāśā |\
poṅgu pugaz maṅgaiyar kōn īnda maṟai āyiram anaittum\
taṅgu manam nī enakku ttā ||

mālai ttaniyē vazi paṟikka vēṇum enṟu\
kōli ppadivirunda koṭravanē |\
vēlai aṇaittaruḻum kaiyāl aḍiyēn vinaiyai\
tuṇittaruḻa vēṇum tuṇindu ||

muḻḻi ccezumalarō tārān muḻaimadiyam\
koḻḻikken uḻḻam kodiyāmē |\
vaḻḻal tiruvāḻan śīrkkaliyan kārkkaliyai veṭṭi\
maruvāḻan tandān maḍal ||

pon ulagil vānavarum pū magaḻum pōṭri śeyyum\
nannudalīr ! nambi naṟaiyūrar |\
man ulagil en nilaimai kaṇḍum iraṅgārēyām āgil\
mannu maḍal ūrvan vandu ||"
