id,uid,tamil_scripts,english_scripts,meaning,purport,azhwar,archavathara,avataram,rasa,si_no,prabhandham
8,1,"அமலனாதிபிரான் அடியார்க்கு என்னை ஆட்படுத்த\
விமலன் விண்ணவர்கோன் விரையார் பொழில் வேங்கடவன்\
நிமலன் நின்மலன் நீதிவானவன் நீள்மதிள் அரங்கத்தம்மான்\
திருக் கமலபாதம் வந்தென் கண்ணின் உள்ளன ஒக்கின்றதே.","amalanādhi pirān aḍiyārkkennai āṭpaḍuttha vimalan\
viṇṇavar kōn viraiyār pozil vēṅgaḍavan\
nimalan ninmalan nīdi vānavan neezh madiḻ araṅgatthammān\
thirukkamala pādham vandhu en kaṇṇin uḻḻana okkinṟadhē","He who is devoid of all impure qualities and is responsible for creation, thereby being called the Primordial One, made him serve His servants. The Lord of the Nityasūris, whose bliss is without a second, shines as Veṅkaṭeśvara on the divine hill. He, the ruler of Paramapadam, never expects anything in return and is compassionate towards His devotees. The same Lord of all the devas is reclining in Tiruvaraṅgam, which is surrounded by lofty walls. Oh! The lotus feet of Raṅganātha have come to him and are residing in his eyes.","Śrīman Nārāyaṇa is celebrated as *Paratattva*, the Supreme Reality, who is the source, sustainer, and controller of all existence. Tiruppāṇ Āḻvār proclaims this truth through the very opening word, *amalanādhipirān*, declaring Him to be the Lord who stands above all devas and celestial powers. This title itself reveals His unsurpassed supremacy and His flawless, blemishless nature.

The significance of this opening word extends even deeper into Vedāntic thought. The sacred syllable *Praṇava* (*A-U-M*) encapsulates the essence of all Vedic wisdom. The first letter of *amalanādhipirān* corresponds to the first sound of the *Praṇava*, which denotes Nārāyaṇa Himself. This profound connection is beautifully reflected in the iconography of Śrīraṅgam, where Namperumāḷ reclines upon Ādiśeṣa beneath the *Praṇavākāra Vimāna*, signifying that He is the very meaning and embodiment of the *praṇava-rahasya*. The Āḻvār further reinforces this supremacy by addressing Him as *viṇṇavar kōn*, the sovereign Lord of the celestial realm. Even Indra, the king of the devas, derives his authority from Him and remains dependent upon His grace.

Yet, while His greatness is immeasurable, it is His compassion that captivates the hearts of devotees. The Lord does not remain distant in His majesty. Instead, He lovingly reaches out to uplift souls trapped in *saṃsāra*. When a devotee surrenders completely to Him, the accumulated burden of karma and the deep-rooted impressions of countless births are gradually removed through His grace. It is for this reason that Tiruppāṇ Āḻvār praises Him as *nimalan*, the Pure One who purifies others.

The Āḻvār's meditation then rests upon the divine feet of the Lord. These sacred feet, softer than newly blossomed lotus petals, are adorned with auspicious marks and possess incomparable beauty. They are the refuge sought by devotees, sages, and even the gods themselves. These are the very feet that measured all the worlds during the *Trivikrama-avatāra*, revealing His sovereignty over the entire cosmos. Their beauty is inseparable from their mercy, for they descend to reach those who are unable to rise by their own effort. Even Śrī Mahālakṣmī, the eternal Divine Mother, joyfully serves those feet of Her own accord, recognizing them as the source of all auspiciousness.

The teachings of the *Brahma-sūtras*, as understood in the Śrīvaiṣṇava tradition, are beautifully reflected in this pāsuram. The *jīva* is an eternal conscious entity, subtle like an *aṇu*, whose intrinsic nature is to serve the Supreme Lord. This truth is echoed in the phrase *aḍiyārkku eṉṉai āṭpaḍutta*, where the Āḻvār rejoices in being placed in the service of the Lord's devotees. *Brahman*, on the other hand, is the Supreme Reality who pervades, governs, and transcends everything. This is the Lord praised as *amalanādhipirān*.

The relationship between the *jīva* and *Brahman* is one of *Śeṣa-Śeṣi-bhāva*, the relationship between the servant and the Master. Though inseparably connected, the two remain eternally distinct. The greatest obstacle preventing the *jīva* from realizing this relationship is ignorance born of ego and false identification with the material world. Bound by this misconception, the soul wanders through the cycle of birth and death. Yet the Lord, praised as *nimalan*, removes these impurities through His grace and draws the soul towards Himself.

Ultimately, the path to liberation lies not in personal strength or intellectual achievement, but in surrender. Tiruppāṇ Āḻvār experiences this directly when he declares that the *tirukkamala-pādam*, the divine lotus feet of the Lord, have entered and become firmly established within his vision. To seek refuge at those sacred feet is to attain the highest goal. They alone grant freedom from *saṃsāra* and lead the soul to its eternal destiny of loving service in the presence of the Supreme Lord.",Tiruppāṇ Āḻvār,"Śrī Raṅganātha,Śrīnivāsa,Para Vāsudeva",,"Dāsya,Paratattva Anubhavam,Kainkarya-prārthanā",1.01,Amalanādipirān
9,2,"உவந்த வுள்ளத்தனா யுலகமளந் தண்டமுற
நிவந்த நீள்முடியன் அன்று நேர்ந்த நிசாசரைக்
கவர்ந்த வெங்கணைக் காகுத்தன் கடியார் பொழில் அரங்கத் தம்மான்
அரைச் சிவந்த ஆடையின் மேல் சென்ற தாமென சிந்தனையே !","uvanda uḻḻattanāy ulagam aḻandaṇḍam uṟa
nivanda nīḻ muḍiyan anṟu nērnda niśāśararai
kavarnda veṅgaṇai kkāguttan kaḍiyār pozil araṅgattammān
araiccivanda āḍaiyin mēl śenṟadām en śindanaiyē","My Lord, who with a joyous mind measured all the worlds by growing as tall as the heavens, with a crown that reached the skies; who once, as Rāma, took the lives of the opposing Asuras with His fierce arrows; and who now rests in Araṅgam amidst fragrant forests—upon Him, his mind has settled.","The Lord draws all beings towards Himself through the irresistible charm of His auspicious qualities and His wondrous divine form, whose beauty transcends ordinary description. Every attribute of His exists solely for the welfare and delight of His devotees. There is not even a single quality in Him that could give rise to aversion or displeasure. For this reason, the scriptures describe Him as *Nirguṇa*, not in the sense of being devoid of qualities, but as being entirely free from all inauspicious attributes. He is the embodiment of limitless auspiciousness and boundless compassion. Reflecting upon this truth, the Āḻvār addresses Him as *uvaṇḍa uḷḷattaṉāy*, the One whose heart overflows with delight and affection for His devotees.

By referring to the Lord as Vāmana, the Āḻvār simultaneously recalls His manifestation as Trivikrama through the expression *ulagam aḷandaṇḍam uṟa*. The seemingly diminutive Vāmana assumed a cosmic form and measured all the worlds with His divine strides. This act was not merely a display of supreme sovereignty but also an expression of universal grace. As His sacred lotus feet traversed the worlds, every region, every being, and every realm received the sanctifying touch of those auspicious feet. Thus, the *Trivikrama-avatāra* revealed both His immeasurable greatness and His desire to bless all creation.

The Āḻvār next contemplates the beauty of Śrī Rāmacandra and describes Him through the expression *nivaṇḍa nīḷ muḍiyaṉ*. This evokes the Lord's luxuriant curly locks and His majestic bearing. The beauty of Śrī Rāma is celebrated throughout the tradition as captivating not merely human beings but all forms of life. Indeed, the very name Rāma is traditionally explained as:

He who delights and enchants all through His beauty, virtues, and conduct.

The Āḻvār therefore delights in the exquisite form of the Lord, whose outward beauty perfectly reflects His inner excellence.

The remembrance of Śrī Rāma naturally leads to His role as the upholder of righteousness. Rāvaṇa incurred destruction because of his lustful disposition and his improper attitude towards Sītā Devī, the universal mother and the eternal consort of Śrīman Nārāyaṇa. Yet the same Lord who destroyed Rāvaṇa readily accepted the *śaraṇāgati* of Vibhīṣaṇa, Rāvaṇa's own brother. In this context, the term *niśācarar* refers to the Asuras. Although both Rāvaṇa and Vibhīṣaṇa belonged to the same race, the Lord's dealings with them differed according to their disposition. Rāvaṇa was subdued through the Lord's strength and power, whereas Vibhīṣaṇa was won over through His love, mercy, and affectionate acceptance. Thus, the Lord demonstrated both His justice towards the arrogant and His boundless compassion towards those who sought refuge in Him through *prapatti*.

The Āḻvār then recalls the noble lineage into which Śrī Rāma descended. The illustrious Ikṣvāku dynasty produced many celebrated rulers and warriors, among whom Kakutstha occupied a place of great distinction. Since Rāma appeared in that revered lineage, He is praised as *kākuttan*. The people of Ayodhyā cherished Him with profound love and reverence, affectionately addressing Him as Perumāḷ. This title signifies not merely greatness but also the intimate bond of love between the Lord and His devotees. Since Raṅganātha was worshipped by Śrī Rāma Himself, the Lord of Śrīraṅgam came to be known as Periya Perumāḷ, the Supreme Lord who is adored even by the Lord who appeared as Rāma.

The pāsuram concludes with the Āḻvār's contemplation of the Lord's divine attire. His gaze, having journeyed through the Lord's qualities, incarnations, and form, now comes to rest upon the sacred garment described as *araiccivanda āḍaiyiṉ*. This refers to the Lord's *Pītāmbara*, the reddish-yellow garment that adorns His divine form. The Āḻvār becomes wholly absorbed in its beauty, for the brilliance of the garment forms a striking contrast with the Lord's dark *tirumēṉi*, which resembles a rain-laden cloud. In this harmonious union of colours, the devotee beholds yet another expression of the Lord's incomparable beauty, and his mind remains completely captivated by that enchanting vision.",Tiruppāṇ Āḻvār,Śrī Raṅganātha,"Vāmana-Trivikrama,Śrī Rāma","Sauśīlyam,Parākrama Anubhavam",1.02,Amalanādipirān
10,3,"மந்தி பாய்வட வேங்கட மாமலை
வானவர்கள் சந்தி செய்ய நின்றா னரங்கத் தரவி னணையான்
அந்தி போல்நிறத் தாடையு மதன்மேல் அயனைப் படைத்த தோரெழில்
உந்தி மேலதன் றோ!அடி யேனுள்ளத் தின்னுயிரே!","mandi pāy vaḍa vēṅgaḍa mā malai\
vānavargaḻ śandi śeyya ninṟān araṅgattaravin aṇaiyān\
andi pōl niṟattāḍaiyum adan mēl ayanai ppaḍaittadōr ezil\
undi mēladanṟō aḍiyēn uḻḻattin uyirē","He who stands in the mountains of the northern Tirumalā, where male monkeys leap from branch to branch, and where the Nityasūris worship Him with flowers; He who rests in Tiruvāraṅgam, reclining upon the sweet bed of Ananta (Ādiśeṣa)—upon His red garment and His most beautiful navel, from which even the creator Brahmā was born, has his innermost heart settled.","Here is the refined version, preserving the original meaning, theological intent, and devotional tone while improving grammar, flow, and readability:

Thiruppān Āḻvār is experiencing Thiruveṅgaḍamuḍaiyān of Tirumalā. Here, the Āḻvār uses the expression *Vaḍa Veṅgaḍam*, referring to the Northern Veṅgaḍam. Āḻvār Tirunagari is traditionally known as the Southern Tirumalā, and therefore the Āḻvār explicitly identifies Tirumalā through the phrase *mandhi pāy vaḍa veṅgaḍa māmalai*.

Here, *vāṉavar* refers to the residents of the upper worlds, namely the Devatas. These celestial beings descend to worship Śrīnivāsa Perumāḷ at Tirumalā, while human beings ascend the seven sacred hills to offer their worship. Thus, Śrīnivāsa stands atop the hill as a meeting place for both the Devatas and human beings, granting equal access to all who seek to render service unto Him. The very same Lord who reclines upon the serpent couch of Ādiśeṣa as Namperumāḷ in Śrīraṅgam stands upon the summit of Tirumalā as Thiruveṅgaḍamuḍaiyān. Thiruppān Āḻvār simultaneously enjoys the forms of Śrīnivāsa and Raṅganātha while describing Him through the words *vāṉavargaḷ sandhi seyya niṉṟāṉ araṅgatthu araviṉ aṇaiyāṉ*.

The Āḻvār once again turns his attention to the reddish *Pītāmbara* adorning Raṅganātha and alludes to it through the phrase *andhi pōl niṟattadaiyum adhan mēl ayaṉaip paḍaittathōr ezhil*. Above this divine garment shines the Lord's lotus navel. This is the very navel from which *Ayaṉ*, Brahmā, the creator of the universe, was brought forth. Here, the Āḻvār enjoys the Anantapadmanābha-svarūpa of the Lord. Overwhelmed by this vision, he marvels, ""Is this not the very navel that gave birth to Brahmā? Now it has completely captivated my heart!"" This experience is expressed through the words *undi mēladanṟō aḍiyēn uḷḷattin uyirē*.",Tiruppāṇ Āḻvār,"Śrī Raṅganātha,Śrīnivāsa",Pradyumna,"Soulabhyam,Paratattva Anubhavam",1.03,Amalanādipirān
11,4,"சதுர மாமதிள் சூழ் இலங்கைக்கு இறைவன் தலைபத்து
உதிர ஓட்டி ஓர் வெங்கண் உய்த்தவன் ஓதவண்ணன்
மதுர மாவண்டு பாட மாமயில் ஆட அரங்கத்து அம்மான் திருவயிற்று
உதரபந்தம் என் உள்ளத்துள் நின்று உலாகின்றதே","śadura mā madiḻ śūz ilaṅgaikkiṟaivan talaipattudira ōṭṭi
ōr veṅgaṇai uyttavan ōda vaṇṇan
madura mā vaṇḍu pāḍa mā mayilāḍaraṅgattammān
tiru vayiṭrudara bandam en uḻḻattuḻ ninṟulāginṟadē","He who resides in Śrīraṅgam, where bees sing sweetly and majestic peacocks dance; who, with a single fierce arrow, caused the ten heads of the lord of Laṅkā, surrounded on all four sides by lofty walls, to fall; and whose complexion is that of the cool ocean—His ornament, which He wears around His waist, has now entered his inner heart and settled there.","To the south of Bhārata lies Laṅkā, which was once ruled by Kubera. Rāvaṇa seized this magnificent city from the Yakṣa king and established his dominion over it. Laṅkā was comparable to the celestial realm of Indra in its splendour and prosperity. Surrounded by formidable fortifications and adorned with resplendent golden structures, it stood as one of the most glorious cities in existence. Thiruppān Āḻvār observes that only an exceptionally powerful ruler could govern such a kingdom and therefore refers to Rāvaṇa as *Iraivan*, the mighty sovereign of Laṅkā.

Rāvaṇa's tyranny and the disturbances he inflicted upon the worlds of the Devatas ultimately led to the descent of the Lord as Śrī Rāmacandra. The Lord effortlessly destroyed this formidable Asura, causing his ten heads to fall one after another as easily as a puppeteer manipulates and casts aside his puppets. Through the expressions *udhira oṭṭi* and *vem kaṇai uyttavan ōda vaṇṇan*, the Āḻvār delights in the Lord's *Vīrattva*, His unsurpassed valour and heroic prowess, manifested in the destruction of Rāvaṇa.

Thiruppān Āḻvār is immersed in *Viṣṇu-samleśa-bhāva*, a state of profound and intimate union with the Lord through devotion. Having reached the pinnacle of his experience of Raṅganātha, he perceives the entire environment of Śrīraṅgam as participating in divine worship. The bees hum melodiously as though chanting ""Raṅga, Raṅga,"" while the peacocks dance in joyous response to that sacred refrain. In the Āḻvār's vision, both the bees and the peacocks celebrate the glory of Raṅga. Through the phrase *madhura māvandu pāda māmayil āḍu araṅgattu amman*, he experiences the omnipresent Lord whose presence fills and sanctifies all creation.

The Āḻvār then contemplates the celebrated Dāmodara-līlā of Namperumāḷ through the words *thiruvayiṟṟu udhara bandham en uḷḷattil niṉṟu ulagiṉṟadhe*. Namperumāḷ is the Supreme Reality, beyond the reach of even Brahmā and Rudra. Yet this very Lord allowed Himself to be bound by a simple rope in the hands of Yaśodā. This līlā reveals the incomparable love and affection that He bears towards His devotees and *Prapannas*. The rope with which He was bound left a mark upon His divine stomach, a mark that now remains vividly present within the Āḻvār's heart. As he meditates upon this sacred sign, he becomes immersed in the Lord's *Saulabhya*, His extraordinary accessibility and loving condescension towards those who seek refuge in Him.",Tiruppāṇ Āḻvār,Śrī Raṅganātha,"Śrī Rāma,Śrī Kṛṣṇa","Soulabhyam,Parākrama Anubhavam",1.04,Amalanādipirān
12,5,"பாரம் ஆய பழவினை பற்றறுத்து என்னைத் தன்\
வாரம் ஆக்கி வைத்தான் வைத்தது அன்றி என்னுள் புகுந்தான்\
கோர மாதவம் செய்தனன் கொல் அறியேன் அரங்கத்து அம்மான் திரு\
ஆர மார்பு அதன்றோ அடியேனை ஆட்கொண்டதே.","pāram āya pazavinai paṭraṟuttu
ennai ttan vāram ākki vaittān vaittadanṟi ennuḻ pugundān
kōra mādavam śeydanan kolaṟiyēn araṅgattammān
tiru āra mārvadanṟō aḍiyēnai āṭkoṇḍadē","He who removed his association with unbearable and ancient sins; who not only made him a person filled with love for Him and bound to Him, but also entered his very mind—for which he knows not when he performed such great and arduous penances—such Raṅganātha's chest, the abode of Lakṣmī, and the ornament adorning it, have made him serve Him.","Thiruppān Āḻvār speaks of how Raṅganātha Himself transformed the course of his life. From beginningless time, the Jīvātmā accumulates the results of its actions. This accumulated store of karma is known as *Sañcita Karma*. It serves as a major obstacle that prevents the Jīvātmā from attaining Mokṣa. When the Āḻvār declares *pāram āya paḻavinai paṭṟaṟuttu*, he indicates that the grace of Raṅganātha severed all connections with these accumulated karmic bonds. This idea is beautifully echoed in Rāmānujācārya's *Gadyatrayam*. In the *Śrī Raṅga Gadyam*, he states that when Raṅganātha casts His merciful glance upon His devotees, sins as vast as mountains are instantly reduced to ashes. Not only does He destroy their sins, but He also enters their hearts, enabling them to perform *Kaiṅkaryam* to Himself and to His devotees. This experience is expressed through the words *eṉṉai ttaṉ vāram ākki vaittāṉ vaittadaṉṟi eṉṉuḷ pugundhāṉ*.

The Āḻvār then marvels at the Lord's boundless compassion and wonders what extraordinary merit he could possibly have accumulated to deserve such grace. ""What great austerities could have been performed by me,"" he asks, ""for Paravāsudeva, reclining upon Ādiśeṣa as Raṅga, to destroy my sins and draw me close to Himself?"" A similar sentiment is found in the works of Parāśara Bhaṭṭar, the eminent scholar and Ācārya of the Śrī Vaiṣṇava tradition. In one of his hymns, he pleads before Raṅganātha, saying, ""O Lord, I am the lowest among the lowly. What will You do when one such as I enters Your temple precincts, which are themselves Vaikuṇṭha?"" Both Bhaṭṭar and the Āḻvār celebrate the Lord's *Dayā-guṇa*, His infinite compassion. Even those who possess no worthiness of their own are uplifted by His grace, drawn into His presence, and made to realise the true purpose of life.

The pāsuram concludes with the Āḻvār's contemplation of Bhagavān together with His inseparable consort, Śrī Mahālakṣmī. Although Mahālakṣmī is eternally united with Bhagavān, the two together constitute the complete *Īśvara-tattva*. Therefore, she eternally resides upon His divine chest, reposing there in bliss. Her presence is associated with the auspicious mark known as *Śrīvatsam*, which adorns the Lord's chest. When the Vedas seek to identify the Supreme Reality, they glorify Brahman through countless distinguishing attributes, known as *Viśeṣaṇas*. Among all these exalted characteristics, particular emphasis is placed upon His being *Śrīyapati* and *Śrīman*—the Lord who is eternally united with Śrī, Bhū, and Nīlā Devīs. The scriptures proclaim that the Supreme Puruṣa, the creator and sustainer of all beings, is He who is never separated from Lakṣmī. Reflecting upon this truth, the Āḻvār acknowledges that it is through the *anugraha* of Mahālakṣmī that he has been blessed with the privilege of rendering service to the Lord.",Tiruppāṇ Āḻvār,Śrī Raṅganātha,,"Sauśīlyam,Soulabhyam",1.05,Amalanādipirān
13,6,"பாரம் ஆய பழவினை பற்றறுத்து என்னைத் தன்
வாரம் ஆக்கி வைத்தான் வைத்தது அன்றி என்னுள் புகுந்தான்
கோர மாதவம் செய்தனன் கொல் அறியேன் அரங்கத்து அம்மான் திரு
ஆர மார்பு அதன்றோ அடியேனை ஆட்கொண்டதே.
","tuṇḍa veṇpiṟaiyan tuyar tīrttavan
añjiṟaiya vaṇḍuvāz pozil śūz araṅga nagar mēya appan
aṇḍar aṇḍa pagiraṇḍattu
orumānilam ezumāl varai
muṭrum uṇḍa kaṇḍam kaṇḍīr aḍiyēnai uyyakkoṇḍadē","That Śrīraṅganātha, who removed the sin of Rudra, who wears the white crescent moon; who resides in Śrīraṅgam, surrounded by gardens where bees with beautiful wings dwell—His throat, which swallowed this world, the other worlds, the seven mountains, and the entire universe, has saved him, who is His servant.","As a consequence of severing one of Brahmā's heads, Rudra incurred the sin of Brahmahatyā and sought a means to free himself from its effects. Rudra, revered as one of the greatest Vaiṣṇavas, performed penance to Raṅganātha on the banks of the Candra Puṣkariṇī. Through the grace of Mahā Viṣṇu, the bearer of the white crescent moon upon his matted locks was finally relieved of his suffering and freed from the burden of that sin. This is indicated by the expression *tuṇḍa veṇpiṟaiyaṉ tuyar tīrttavaṉ*. The same compassionate Lord resides in Śrīraṅgam, the sacred city surrounded by flourishing groves filled with flowers and resonant with the humming of bees, as celebrated in the words *añjiṟaiya vaṇḍuvāḻ poḻil śūz araṅga nagar mēya appaṉ*.

Finally, the Āḻvār revels in the immeasurable glory of the Lord through the words:

The Āḻvār reflects upon the time of *Pralaya*, when the entire universe reaches dissolution. At that time, the Supreme Lord, in His form as Saṅkarṣaṇa, withdraws all creation into Himself, leaving nothing apart from His own divine existence. The worlds, the mountains, the celestial systems, and all beings, from Brahmā down to the smallest ant, are absorbed into Him, only to be brought forth again at the beginning of the next cycle of creation. Gazing upon this wondrous act, the Āḻvār becomes captivated by the Lord's divine throat, which has contained the entirety of existence within itself.

Filled with astonishment, the Āḻvār reflects, ""That very Lord, who creates, sustains, and withdraws the universe, has now taken possession of me and granted me salvation."" By revealing His true *svarūpa*, severing the bonds of saṁsāra, and bestowing the privilege of rendering *kaiṅkaryam* with complete joy and fulfilment, the Lord has rescued the Āḻvār from the endless cycle of birth and death. Thus, the Āḻvār delights in the Supreme Protector, who unfailingly comes to the aid of those who seek refuge in Him. His deep devotion shines through his wonder at the Lord's cosmic deeds and his profound gratitude for the personal grace that transformed his life and secured his ultimate welfare.",Tiruppāṇ Āḻvār,Śrī Raṅganātha,,Paratattva Anubhavam,1.06,Amalanādipirān
14,7,"கையின் ஆர் சுரி சங்கு அனல் ஆழியர் நீள் வரை போல்
மெய்யனார் துளப விரையார் கமழ் நீள் முடி எம்
ஐயனார் அணி அரங்கனார் அரவின் அணை மிசை மேய
மாயனார் செய்ய வாய், ஐயோ ! என்னைச் சிந்தை கவர்ந்ததுவே !
","kaiyin ār śuri śaṅganal āziyar nīḻvarai pōl
meyyanār tuḻaba viraiyār kamaz nīṇ muḍi em
aiyanār aṇi araṅganār aravin aṇaimiśai mēya māyanār
śeyya vāy aiyō ! ennai ccindai kavarndaduvē !","He who bears the conch and the flaming Cakra (Tiruvāḻi) in His divine hands; who possesses a divine body resembling a great mountain; who wears a divine crown fragrant with sweet Tiruttuḻāy (Tulasi); who is his Lord; who reclines in Śrīraṅgam, an ornament among sacred places; who rests upon the sweet bed of Ādiśeṣa (Tiruvanantāḻvān); and who performs wondrous deeds—His red lips have stolen his mind.","Bhagavān is traditionally depicted with two prominent divine weapons: Pāñcajanya, the conch, and Sudarśana, the discus. Pāñcajanya symbolizes divine knowledge, while Sudarśana represents His *Saṅkalpa-śakti*, the irresistible power of His divine will. Although the Lord has no need of weapons for His protection or victory, these eternal attendants remain ever ready to serve Him. To Asuras and Daityas such as the Hiraṇyas, they appear fearsome and destructive. The Sudarśana, whose glories are celebrated in the *Ahibudhnya Saṃhitā*, is said to destroy the Lord's enemies even before receiving an explicit command. Similarly, Pāñcajanya subdues adversaries merely through the awe and terror inspired by its resounding call. Yet to *Prapannas*, these very weapons appear not as instruments of destruction but as beautiful ornaments adorning the Lord. Through his divine vision, the Āḻvār beholds these sacred weapons and delights in the beauty of the Lord who bears them, as expressed in the words *kaiyiṉ ār śuri śaṅgaṉal āḻiyar*.

The Āḻvār then contemplates the Lord's majestic form. His physique is powerful and perfectly proportioned, while His broad chest resembles a great mountain in its grandeur and magnificence. This is the very chest that grants refuge and peace to devotees and serves as the eternal abode of Mahālakṣmī, the Mother of the universe. Adorned with fragrant garlands of *tulasī*, the Lord appears both transcendent and infinitely compassionate. For devotees, the vision of this divine form alone constitutes the highest attainment and fulfilment. The Āḻvār celebrates this beauty through the expression *meyyaṉār tuḻāba viraiyār kamaḻ nīṇ muḍi em*. This very Lord reclines upon Ādiśeṣa as Raṅganātha in the sacred city of Śrīraṅgam.

As the Āḻvār's gaze ascends further, it comes to rest upon the Lord's radiant red lips. At this point, he is overwhelmed by the intensity of the Lord's beauty. The experience becomes almost unbearable in its sweetness and charm. Captivated beyond measure, the Āḻvār instinctively exclaims, ""Aiyo!"" in astonishment and wonder. Those crimson lips completely conquer his mind and heart, leaving no room for any other thought. Through this experience, the Āḻvār reveals the many facets of Śrīraṅganātha: the bearer of divine weapons, the possessor of an incomparable and transcendent form, the Lord who reclines in Śrīraṅgam, and the enchanter who captivates the hearts of His devotees through His boundless beauty. The depth of the Āḻvār's devotion shines forth in his detailed contemplation of the Lord's attributes and in the ecstatic delight that arises from beholding His divine form.",Tiruppāṇ Āḻvār,Śrī Raṅganātha,,Tirumēni Anubhavam,1.07,Amalanādipirān
15,8,"பரியன் ஆகி வந்த அவுணன் உடல் கீண்ட அமரர்க்கு
அரிய ஆதிபிரான் அரங்கத்து அமலன் முகத்துக்
கரிய ஆகிப் புடை பரந்து மிளிர்ந்து செவ்வரி ஓடி நீண்ட அப்
பெரிய ஆய கண்கள் என்னைப் பேதமை செய்தனவே","pariyan āgi vanda avuṇan uḍal kīṇḍa
amararkkariya ādi ppirān araṅgattamalan mugattu
kariya āgi ppuḍai parandu miḻirndu śevvari ōḍi
nīṇḍa apperiya vāya kaṇgaḻ ennai ppēdaimai śeydanavē !","He who ripped apart the mighty body of Hiraṇya when he came against Him; who is unattainable even to the Devās; who is the origin of everything; who helps all beings; who resides in Śrīraṅgam; and who is supremely pure—His eyes, overflowing with grace, dark and wide, streaked with red lines, have made him a fool.","When Hiraṇyakaśipu received a boon from Brahmā that he would not be slain by any of Brahmā's creations, he became arrogant and unleashed chaos throughout the three worlds. However, he failed to realise that there exists One who transcends even Brahmā, the Supreme Being who grants liberation to all and within whose divine being the entire universe resides. Blinded by pride and ignorance, the foolish Daitya persecuted the young and devoted Prahlāda, who remained steadfast in his devotion to Bhagavān. Unable to tolerate the suffering inflicted upon His beloved devotee, the Lord manifested without delay as Narasiṃha. Tearing apart the tyrant, He brought an end to his atrocities and delivered the worlds from fear and oppression.

That Narasiṃha is beyond all the Devatas. What none among Brahmā, Rudra, Indra, or any other celestial being could accomplish was effortlessly achieved by Bhagavān alone. He is the Supreme Reality, unattainable even to the greatest of the gods through their own efforts. This primordial Lord, the source of all existence, now resides in Śrīraṅgam, embodying absolute purity and perfection. The Āḻvār celebrates Him through the words *pariyan āgi vanda avuṇan uḍal kīṇḍa amararkkariya ādi ppirān araṅgattamalan mugattu*.

The Āḻvār's gaze then rests upon the Lord's divine eyes, which overflow with grace, compassion, and affection. Who could behold such eyes without melting in devotion? Brahmā, the creator himself, meditates upon those eyes. Ikṣvāku lost his heart to their beauty. Yāmunācārya became a servant of the Lord through their enchanting influence, and Dhanurdāsa abandoned all worldly attachments after realising that nothing in existence was worthy of contemplation when compared to those divine eyes. After beholding the eyes of the All-seeing Lord, what else remains worthy of being seen?

Those eyes are dark, expansive, and adorned with delicate reddish streaks. The Āḻvār delights in their beauty and symbolism. Just as a fisherman attracts fish with bait, the Lord draws the minds and hearts of devotees towards Himself through the irresistible charm of His eyes. Their glance captivates, comforts, and conquers all who behold them. At this stage, the Āḻvār can no longer maintain composure. Having ascended to the heights of *Parama-bhakti*, he becomes completely overwhelmed by the Lord's beauty. The divine eyes of Raṅganātha have entirely seized his heart, leaving him intoxicated with devotion and unable to think of anything other than the Lord.",Tiruppāṇ Āḻvār,Śrī Raṅganātha,Narasiṃha,"Parākrama Anubhavam,Paratattva Anubhavam,Śṛṅgāra",1.08,Amalanādipirān
16,9,"ஆல மாமரத்தின் இலை மேல் ஓர் பாலகனாய்
ஞாலம் ஏழும் உண்டான் அரங்கத்து அரவின் அணையான்
கோல மா மணி ஆரமும் முத்துத் தாமமும் முடிவு இல்லது ஓர் எழில்
நீல மேனி ஐயோ ! நிறை கொண்டது என் நெஞ்சினையே","ālamā marattin ilaimēl oru pālakanāy
ñālam ēzum uṇḍān araṅgattaravin aṇaiyān
kōlamā maṇi āramum muttuttāmamum muḍivilladōr ezil
nīla mēni aiyō! niṟai koṇḍaden neñjinaiyē!","He who was (lying as) a small child on a leaf of the giant banyan tree and swallowed all seven worlds, and who is lying on the sweet bed of Ādiśeṣa, His blue colored (dark) divine body without par in its beauty and with the beautiful and special gemmed garlands and pearl necklaces has alas, stolen the completeness of my heart.","After the dissolution of the entire universe, nothing remains except the Supreme Lord. The *Mahānārāyaṇopaniṣad* declares that from this primordial Being, who alone exists upon the cosmic waters, Brahmā, known as Hiraṇyagarbha, comes into existence. The *Viṣṇu Purāṇa* further describes how the Lord floated upon the cosmic ocean as a divine child resting upon a banyan leaf. The Āḻvār recalls this wondrous manifestation and marvels that the very same child now reclines upon Ādiśeṣa in Śrīraṅgam. This experience is expressed through the words *ālamā marattin ilaimēl oru pālakanāy ñālam ēẓum uṇḍān araṅgattaravin aṇaiyān*.

The Āḻvār's heart is now completely captivated by the *Svarūpa* of Bhagavān. Before him appears a divine blue-hued child, adorned with radiant ornaments, pearl garlands, lotus decorations, and countless celestial embellishments. His beauty is immeasurable and beyond all description. The Lord's dark blue complexion resembles a rain-laden cloud, ever ready to shower compassion and grace upon His devotees. The Āḻvār delights in this enchanting vision through the words *kōlamā maṇi āramum muttuttāmamum muḍivilladōr ezil nīla mēni aiyō! niṟai koṇḍaden neñjinaiyē!*.

Overwhelmed by this experience, the Āḻvār exclaims in wonder and amazement. The Lord's divine form has completely filled and possessed his heart, leaving no space for any other thought or attachment. In beholding such unsurpassed beauty, the Āḻvār realises with certainty that Bhagavān alone is the supreme goal of existence, the ultimate *Puruṣārtha* sought by all beings. Having experienced His beauty, compassion, and majesty, there remains nothing else worthy of pursuit. The Lord Himself stands revealed as both the means and the end, the highest treasure to be attained and eternally enjoyed.",Tiruppāṇ Āḻvār,"Śrī Raṅganātha,Para Vāsudeva",Śrī Kṛṣṇa,Tirumēni Anubhavam,1.09,Amalanādipirān
17,10,"கொண்டல் வண்ணனைக் கோவலனாய் வெண்ணெய்
உண்ட வாயன் என் உள்ளம் கவர்ந்தானை
அண்டர்கோன் அணி அரங்கன் என் அமுதினைக்
கண்ட கண்கள் மற்று ஒன்றினைக் காணாவே

","koṇḍal vaṇṇanai kōvalanāy veṇṇey uṇḍa vāyan
en uḻḻam kavarndānai aṇḍar kōn aṇi araṅgan
en amudinai kkaṇḍa kaṇgaḻ maṭronṟinai kkāṇāvē","My eyes, which have seen Him who has the form of a moisture-laden cloud, who has the mouth with which He ate butter when born as a Yādava, who stole his heart, who is the Lord of the Nityasūris, who rests in Śrīraṅgam, an ornament to this world, and who is nectar to him, will not see anything else.","Tiruppāṇ Āḻvār has now beheld the complete divine form of the Lord in the previous pāsuram. Having experienced the full beauty of Raṅganātha, he no longer desires to see anything else. His eyes have attained the most precious vision that can ever be beheld. That divine form is *Aprākṛtika*, entirely beyond the realm of material existence. What could possibly be compared to such a form? The Āḻvār declares that this vision has completely stolen his heart, just as the Lord once stole butter from the homes of the Gopīs when He appeared as Yādava Kṛṣṇa. The Lord who is the master of even the Nitya Sūris, who are untouched by karma and eternally established in His service, has now captured the heart of the Āḻvār.

Overwhelmed by this experience, the Āḻvār wonders, ""What remains to be seen now?"" Having beheld the Supreme Being reclining upon Ādiśeṣa, the embodiment of sweetness, simplicity, and unfailing protection, nothing else appears worthy of attention. What could ever equal that divine vision? What could compare with the form that enchanted even the great ascetics and Ṛṣis, who longed to embrace Him when He appeared before them as Śrī Rāmacandra? This alone is the true nectar, infinitely superior to the celestial nectar that merely grants temporary freedom from death and suffering. The beauty and grace of Bhagavān bestow an eternal fulfilment that transcends all worldly attainments.

Having attained the culmination of divine experience, the Āḻvār now prays for Mokṣa. Responding to this heartfelt appeal, Raṅganātha bestows liberation upon him. Through the grace of the Lord's sacred lotus feet, the Āḻvār attains Paramapadam, the eternal abode that is the true goal of all spiritual endeavour. Thus ends the sublime journey of Tiruppāṇ Āḻvār, who not only experienced the unsurpassed beauty of the Lord but also revealed to the world the path that leads to Vaikuṇṭhanātha Himself. Therefore, surrender is offered unto that blessed Āḻvār, who showed the way to the eternal abode through his divine experience and sacred hymns.",Tiruppāṇ Āḻvār,Śrī Raṅganātha,Śrī Kṛṣṇa,Śaraṇāgati,1.10,Amalanādipirān
18,11,"மின்‌ உருவாய்‌ முன்‌ உருவில்‌ வேதம்‌ நான்காய்‌.
விளக்கொளியாய்‌ முளைத்தெழுந்த திங்கள்‌ தானாய்‌
பின்‌ உருவாய்‌ முன்‌ உருவில்‌ பிணி மூப்பில்லாப்‌,
பிறப்பிலியாய்‌ இறப்பதற்கே எண்ணாது.
எண்ணும்‌ பொன்‌ உருவாய்‌ மணி உருவில்‌ பூதம்‌ ஐந்தாய்ப்‌,
புனல்‌ உருவாய்‌ அனல்‌ உருவில்‌ திகழும்‌ சோதி.
தன்‌ உருவாய்‌ என்‌ உருவில்‌ நின்ற எந்தை,
தளிர்‌ புரையும்‌ திருவடி என்‌ தலை மேலவே","min uruvāy mun uruvil vēdam nāngāy 
viḻakkoḻiyāy muḻaittezunda tiṅgaḻ tānāy 
pin uruvāy mun uruvil piṇi mūppillā piṟappiliyāy iṟappadaṟkē 
eṇṇādu eṇṇum pon uruvāy maṇi uruvil pūdam aindāy 
punal uruvāy anal uruvil tigazum śōdi 
tan uruvāy en uruvil ninṟa endai 
taḻir puraiyum tiruvaḍi en talai mēlavē","He has shown him that the insentient things seen around are fleeting like lightning. He has revealed the four Vedas and is like the light of a lamp, dispelling the darkness called ignorance from him. He has given him knowledge, clear like the blemishless moon risen on the horizon, and as perceptible as the moon shining in the sky above. He has shown him that the ātmā is distinct and free from the disease, old age, and rebirth associated with the insentient things seen around. He does not deign to grant him Kaivalya. He has shown him His precious form, which cannot be cognized by anyone at any time. He possesses a human form composed of the divine elements (Śuddha Sattva). He is pleasant and refreshing to devotees like cool water, and to inimical beings, like fire. He is the effulgence within all and is supremely radiant. The sacred feet of such a One are enshrined in his heart.","Āḻvār expresses his gratitude to Bhagavān in this pāsuram. Tirunēṭuntāṇṭakam was composed by Āḻvār during the final stage of his life. Throughout his life, he had repeatedly pleaded with Bhagavān to grant him the vision of His Divya Maṅgala Rūpa. Indeed, the biography of Tirumaṅgai Āḻvār records that Bhagavān, accompanied by His divine consort, appeared before him in the form of a newly married couple and personally initiated him into the sacred Aṣṭākṣarī mantra. From that moment onward, Āḻvār became fully immersed in bhakti. Therefore, he reflects here on how Bhagavān blessed him and redirected his mind towards the Lord's lotus feet. Bhagavān revealed to Āḻvār the transient nature of this material world and the eternal nature of the ātmā, which is free from disease, suffering, and decay. This knowledge was bestowed upon him with the sudden brilliance and clarity of a lightning flash.

Similar to the opening pāsuram of Tiruvāymoḻi by Nammāḻvār, Tirumaṅgai Āḻvār also acknowledges that Bhagavān alone grants the knowledge that dispels the darkness of ignorance. What made Āḻvār even more grateful was that, in addition to imparting divine knowledge, the Lord also revealed His own divine form, which is not constituted of the elements of this material world. Unlike material substances, His Divya Maṅgala Rūpa is completely free from rajas and tamas and is therefore described as Śuddha Sattva. Just as the material world is constituted of five prākṛtika elements, the Lord's divine form is said to be constituted of five Śuddha Sattva principles, glorified in the Pañcopaniṣad mantras as Parameṣṭhi, Pumān, Nivṛtta, Viśva, and Sarva. Āḻvār is overwhelmed with gratitude that the Lord revealed such a transcendent form, a vision inaccessible even to Brahmā and Rudra. It is through the Lord's grace in bestowing both this divine knowledge and the experience of His divine form that Āḻvār was able to develop profound love and devotion towards Him.",Tirumaṅgai Āḻvār,,,"Paratattva Anubhavam,Soulabhyam",1.01,Tirunēṭuntāṇṭakam
19,12,"பார்‌ உருவில்‌ நீர்‌ எரிகால்‌ விசும்பும்‌ ஆகிப்‌,
பல்வேறு சமயமுமாய்ப்‌ பரந்து நின்ற,
ஏர்‌ உருவில்‌ மூவருமே என நின்ற.
இமையவர்‌ தம்‌ திருவுரு வேறெண்ணும்‌ போது,
ஓர்‌ உருவம்‌ பொன்‌ உருவம்‌ ஒன்று செந்தீ.
ஒன்று மா கடல்‌ உருவம்‌ ஒத்து நின்ற.
மூ உருவும்‌ கண்ட போதொன்றாம்‌ சோதி
முகில்‌ உருவம்‌ எம்‌ அடிகள்‌ உருவந்‌ தானே","pār uruvil nīr erigāl viśumbum āgi
palvēṟu śamayamumāy pparandu ninṟa
ēr uruvil mūvarumē ena ninṟa
imaiyavar tam tiruvuru vēṟeṇṇum pōdu
 ōr uruvam pon uruvam onṟu śendī
onṟu mā kaḍal uruvam ottu ninṟa
mū uruvum kaṇḍa pōdonṟām śōdi
mugil uruvam em aḍigaḻ uruvan tānē","He stands in a divine form as the Trinity. Yet, when the celestials conceive of their forms differently, one (Brahmā's) is of the nature of gold, one (Śiva's) is of the nature of red-hot fire, and one (the Lord's) is of the nature of the great ocean. Upon examining these three forms along with their associated natures, it is seen that our Master is the One who created the Pañcabhūtas, namely Earth, Water, Fire, Air, and Ether (primary creation), and who stands pervading the innumerable and distinct orderly creations (secondary creation), which shine forth as a unified effulgence of love, bearing the nature of the clouds.","Āḻvār beautifully expounds the supremacy of Bhagavān (Paratattvam) in this passage. He first declares, ""He stands in a divine form as the Trinity"" (*pār uruvil nīr eri kāl viśumbum āgi*). Through this, Āḻvār conveys that Bhagavān Himself created Brahmā and Rudra and entered into them as their Antaryāmī to carry out the functions of creation and destruction respectively. Thus, the three fundamental activities of the universe—creation, preservation, and destruction—are ultimately performed by Bhagavān alone.

At first glance, it may appear that Āḻvār is equating all three members of the Trinity. However, he clarifies this in the following line. While Bhagavān enters Brahmā and Rudra as their Antaryāmī and empowers them to perform their respective functions, He also distinctly manifests as Viṣṇu. In this way, Āḻvār establishes both the Lord's indwelling presence within all beings and His unique, independent identity. Although these three forms appear different, Āḻvār speaks of Brahmā and Rudra in terms of their indwelling Self, namely Bhagavān Himself. Therefore, the One who truly possesses and governs all these forms is none other than our beloved Master.

He is the One who first brought forth the pañcabhūtas and subsequently carried out the secondary creation of all animate and inanimate entities. Yet His role does not end with creation alone. Having brought all beings into existence, He enters each of them as Antaryāmī, sustaining them from within and enabling all their activities. As their inner ruler and support, He continually provides the very life force and existence upon which they depend.",Tirumaṅgai Āḻvār,,,Paratattva Anubhavam,1.02,Tirunēṭuntāṇṭakam
20,13,"திருவடிவில்‌ ௧௬ நெடுமால்‌ சேயன்‌ என்றும்‌,
திரேதைக்கண்‌ வளை உருவாய்த்‌ திகழ்ந்தான்‌ என்றும்‌.
பெரு வடிவில்‌ கடல்‌ அமுதம்‌ கொண்ட காலம்‌,
பெருமானைக்‌ கர நீல வண்ணன்‌ தன்னை.
ஒரு வடிவத்தோர்‌ உருவென்றுணரல்‌ ஆகாது
ஊழிதோறாூழி நின்றேத்தல்‌ அல்லால்‌,
௧௬ வடிவில்‌ செங்கண்ண வண்ணன்‌ தன்னைக்‌.
கட்டுரையே யார்‌ ஒருவர்‌ காண்கிற்பாரே","tiruvaḍivil karu neḍumāl śēyan enṟum
tirēdaikkaṇ vaḻai uruvāy ttigazndān enṟum
peru vaḍivil kaḍal amudam koṇḍa kālam
perumānai kkaru nīla vaṇṇan tannai
oru vaḍivattōr uruvenṟuṇaral āgādu
ūzidōṟūzi ninṟēttal allāl
karu vaḍivil śeṅgaṇṇa vaṇṇan tannai
kaṭṭuraiyē yār oruvar kāṇgiṟpārē","It is said that the cloud-hued Lord, together with the effulgence of Lakṣmī, shone with a white body in a gigantic form as the Tortoise at the time when the nectar was obtained from the Milk Ocean (in Kṛta Yuga), and that He was of a red hue in Tretā Yuga. The great Lord of blue complexion (in Kali Yuga) cannot be conceived of as possessing any single form, nature, or color. Apart from praising Him continuously, age after age, through mere imagination, has anyone truly seen the dark-bodied, red-eyed Lord as he has seen Him?","In the first pāsuram, the Lord revealed to Āḻvār the futility of attachment to the body and the individual self, as well as the inadequacy of remaining in kaivalya. He also granted him the vision of His own incomparable beauty. In the second pāsuram, He revealed that He alone, and none other, is the sole Master of all. Having received these revelations, Āḻvār now stands like a chaste wife wholly dedicated to her husband. In this pāsuram, Āḻvār declares that he beholds the Lord in His true nature and in the full splendour of His divine form, unlike others who, throughout the ages, perceive Him only according to the limitations imposed by their surroundings and mental dispositions, shaped as they are by the three guṇas of sattva, rajas, and tamas.

During Kṛta Yuga, sattva predominates, and therefore people perceive the Lord as white, the colour traditionally associated with sattva. In Tretā Yuga, rajas becomes dominant, and the Lord is seen in red, the colour corresponding to that quality. In Dvāpara Yuga, where rajas and tamas exist in a mixed proportion, the perceived colour is understood to be intermediate in nature. In Kali Yuga, tamas predominates, and its associated colour is black. Yet, since people of this age are generally not inclined towards God and are unable to perceive Him as He truly is, the Lord remains in His natural hue, the deep blue complexion of Nilamegha Śyāma, manifesting in His own intrinsic splendour.

Āḻvār also beautifully extols the divinity of Mahālakṣmī through the phrase *kaḍalamutam koṇḍa kālam*. When the Milk Ocean was churned, not only did the devas obtain nectar, but the Lord Himself gained the supreme nectar in the form of Mahālakṣmī, who emerged from those sacred waters. Āḻvār, in turn, partakes of that same nectar through his loving glorification of the Lord and His divine consort. Thus, the episode becomes not merely an account of cosmic events, but a celebration of the inseparable union of the Divine Couple and the bliss experienced by the devotee who contemplates them.",Tirumaṅgai Āḻvār,,Kūrma,Tirumēni Anubhavam,1.03,Tirunēṭuntāṇṭakam
21,14,"இந்திரற்கும்‌ பிரமற்கும்‌ முதல்வன்‌ தன்னை.
இரு நிலம்‌ கால்‌ தீ நீர்‌ விண்‌ பூதம்‌ ஐந்தாய்‌.
செந்திறத்த தமிழ்‌ ஓசை வடசொல்‌ ஆகித்‌,
திசை நான்குமாய்த்‌ திங்கள்‌ ஞாயிறாகி.
அந்தரத்தில்‌ தேவர்க்கும்‌ அறியல்‌ ஆகா அந்தணனை.
அந்தணர்‌ மாட்டந்தி வைத்த மந்திரத்தை.
மந்திரத்தால்‌ மறவாதென்றும்‌
வாழுதியேல்‌ வாழலாம்‌ மட நெஞ்சமே ","indiraṟkum piramaṟkum mudalvan tannai
iru nilam kāl tī nīr viṇ pūdam aindāy
śendiṟatta tamiz ōśai vaḍaśol āgi
tiśai nāngumāy ttiṅgaḻ ñāyiṟāgi
andarattil tēvarkkum aṟiyal āgā andaṇanai
andaṇar māṭṭandi vaitta mandirattai
mandirattāl maṟavādenṟum
vāzudiyēl vāzalām maḍa neñjamē","Obedient mind! We can live worthily in the company of the Nityasūris if we can forever, without interruption, eulogize through the Tirumantra that Protector (mantrāṁ trāyate iti mantraḥ, “the one who protects the chanter”), who is the originator of Indra and Brahmā (in secondary creation); who caused the five elements, namely Earth, Wind, Fire, Water, and Ether (in primary creation); who is accurately revealed in the Tamil Prabandham and the Sanskrit scriptures; who is the inner controller of everything in the four directions; who ordains the Moon and the Sun; who is the Immaculate One who, though dwelling in their hearts, cannot be understood even by the gods; and who is glorified in the Upaniṣads, the concluding portion of the sages' scriptures.","This pāsuram glorifies the Tirumantram, the sacred Aṣṭākṣarī mantra. Similar to the teachings found in Tiruvāymoḻi, Tirumaṅgai Āḻvār instructs the mind to contemplate the Supreme Lord through the recitation and meditation of the Tirumantram. The Nārāyaṇopaniṣad says the following about the Aṣṭākṣarī mantra:

&lt;verse&gt;om namo nārāyaṇāyēti ma̍ntrōpā̠sakaḥ |\
vaikuṇṭhabhuvanalōka̍-ṅgami̠ṣyati ।&lt;/verse&gt;

This states that one who performs upāsanā on this sacred mantra ultimately attains Vaikuṇṭha, the Supreme Abode from which the jīvātmā never returns to the cycle of worldly existence. Āḻvār echoes the same truth in this pāsuram when he urges, ""O mind, recite the Tirumantram so that we may dwell in the company of the Nityasūris, the eternal servants of the Lord in Vaikuṇṭha.""

Addressing his own mind, and thereby instructing all devotees, Āḻvār asks it to meditate upon Bhagavān, the source of even Brahmā and Rudra. This teaching is once again affirmed in the Nārāyaṇopaniṣad as follows:

&lt;verse&gt;nā̠rā̠ya̠ṇādbra̍hmā jā̠yatē ।\
nā̠rā̠ya̠ṇādru̍drō jā̠yatē।&lt;/verse&gt;

This declares that Brahmā and Rudra emerged from Nārāyaṇa. The pāsuram thus serves as a clear demonstration of how the Divya Prabandham embodies the very essence of Vedānta. This same Nārāyaṇa is the creator of the five great elements, the Pañcabhūtas, which constitute the material universe. Āḻvār further proclaims that this Supreme Lord is glorified both by the Vedas, the repository of Sanskrit revelation, and by the Prabandha Mālai, the treasure of Tamil revelation.

Āḻvār also affirms that the Moon, the Sun, and all the directions function entirely under the Lord's sovereignty. The Taittirīya Upaniṣad states the same truth:

&lt;verse&gt;bhī̠ṣā-'smā̠dvāta̍ḥ pavatē । bhī̠ṣōdē̍ti̠ sūrya̍ḥ । bhīṣā-'smādagni̍śchēndra̠ścha । mṛtyurdhāvati pañcha̍ma iti ।&lt;/verse&gt;

This means that the wind blows, the sun shines, Agni and Indra perform their respective functions, and even Death itself carries out its duty out of reverential awe for Brahman. That same Brahman remains beyond the comprehension of even the devas. He cannot be fully grasped by the mind or expressed through ordinary thought, a truth echoed in the Upaniṣadic statement *aprāpya manasā saha*. Thus, the theological vision presented in this pāsuram closely mirrors the teachings of the Taittirīya Upaniṣad. Through his divine insight, Āḻvār exhorts all seekers to receive the Tirumantram through proper initiation from an Ācārya, constantly remember the Lord through its recitation, attain His eternal abode, and abide forever in unending bliss.",Tirumaṅgai Āḻvār,,,Paratattva Anubhavam,1.04,Tirunēṭuntāṇṭakam
22,15,"ஒண்‌ மிதியில்‌ புனல்‌ உருவி ஒரு கால்‌ நிற்ப,
ஒரு காலும்‌ காமரு சீர்‌ அவுணன்‌ உள்ளத்து
எண்‌ மதியும்‌ கடந்தண்ட மீது போகி.
இரு விசும்பின்‌ ஊடு போய்‌ எழுந்து
மேலைத்‌ தண்‌ மதியும்‌ கதிரவனும்‌ தவிர ஓடித்‌,
தாரகையின்‌ புறம்‌ தடவி அப்பால்‌ மிக்கு,
மண்‌ முழுதும்‌ அகப்படுத்து நின்ற எந்தை.
மலர்‌ புரையும்‌ திருவடியே வணங்கினேனே","oṇ midiyil punal uruvi oru kāl niṟpa
oru kālum kāmaru śīr avuṇan uḻḻattu
eṇ madiyum kaḍandaṇḍa mīdu pōgi
iru viśumbin ūḍu pōy ezundu
mēlai ttaṇ madiyum kadiravanum tavira ōḍi
tārakaiyin puṟam taḍavi appāl mikku
maṇ muzudum agappaḍuttu ninṟa endai
malar puraiyum tiruvaḍiyē vaṇaṅginēnē","One leg stopped short of sweeping the Earth and the waters with a single charming step. The other leg, beyond the imagination of the fortunate Mahābali, who beheld the Lord face to face, rose up from the sacrificial ground and penetrated the cosmic egg, reaching up to Brahmaloka beyond the vast heavens, the cool Moon, the Sun, and even the world of stars. He prostrates before the sacred feet, fresh as newly blossomed flowers, of his Father, who stood thus and took possession of all the worlds.","Āḻvār visualizes the Vāmana and Trivikrama incarnations in this pāsuram. Here, the relationship between the jīvātmā and Īśvara, namely that of servant and Master, is beautifully brought out. When Mahābali agreed to grant the dwarf brāhmaṇa a piece of land measuring three footsteps, the Lord revealed His true majesty and resolved to measure the entire universe with just two steps, thereby once again establishing His sovereignty over all creation.

With His first step, He encompassed the Earth, the waters, and all the worlds below. His second step expanded beyond all measure, reaching the very limits of the universe. At the boundary of Satyaloka, Brahmā worshipped those divine lotus feet with great reverence. It is said that Dharma Devī herself flowed as sacred water upon those feet, and from that divine contact the holy river Gaṅgā came into existence. Thus, those lotus feet became the source of one of the most sacred rivers revered throughout the worlds.

Āḻvār therefore offers his prostrations to those very feet that rose beyond the Moon, the Sun, and even Satyaloka; to those feet that bestowed eternal blessings upon Mahābali; and to those feet from which the sacred Gaṅgā emerged. The Lord's cosmic stride was not merely an act of measuring the worlds, but a revelation of His supreme lordship and boundless grace.

Through this contemplation, Āḻvār recalls that the same Trivikrama is the Supreme Īśvara, the ruler and owner of all existence. In contrast, all jīvātmās are eternally dependent upon Him and exist solely as His servants. By meditating upon the Trivikrama incarnation, Āḻvār reaffirms this fundamental truth of existence: that Bhagavān is the eternal Master, and the essential nature (*svarūpa*) of the jīvātmā is loving and eternal service to Him.",Tirumaṅgai Āḻvār,,Vāmana-Trivikrama,Parākrama Anubhavam,1.05,Tirunēṭuntāṇṭakam
23,16,"அலம்‌ புரிந்த நெடுந்‌ தடக்கை அமரர்‌ வேந்தன்‌
அஞ்சிறைப்‌ புள்‌ தனிப்‌ பாகன்‌ அவுணர்க்கென்றும்‌ ,
சலம்‌ புரிந்தங்கருள்‌ இல்லாத்‌ தன்மை யாளன்‌
தான்‌ உகந்த ஊர்‌ எல்லாம்‌ தன்‌ தாள்‌ பாடி.
நிலம்‌ பரந்து வரும்‌ கலுழிப்‌ பெண்ணை ஈர்த்த.
நெடு வேய்கள்‌ படு முத்தம்‌ உந்த உந்தி,
புலம்‌ பரந்து பொன்‌ விளைக்கும்‌ பொய்கை வேலிப்‌.
பூங்கோவலூர்‌ தொழுதும்‌ போது நெஞ்சே !","alam purinda neḍun taḍakkai amarar vēndan
añjiṟai ppuḻ tani ppāgan avuṇarkkenṟum
śalam purindaṅgaruḻ illā ttanmai yāḻan
tān uganda ūr ellām tan tāḻ pāḍi
nilam parandu varum kaluzi ppeṇṇai īrtta
neḍu vēygaḻ paḍu muttam unda undi
pulam parandu pon viḻaikkum poygai vēli
pūṅgōvalūr tozudum pōdu neñjē ! ","The Lord of the Nityasūris, the unique Rider of Garuḍa of lovely wings, who, by nature, has hands far-flung and generous to satiety (towards His devotees), does not grace, out of anger, the rākṣasas (inimical people). Mind! Let us prostrate, eulogizing His feet through all towns relished by Him on the way, lovely Kōvalūr surrounded by tanks and with spread-out fields growing precious crops, where pearl-like droplets in mire oozing out from tall bamboo trees, brought and thrown about in the fields by the overflowing water of river Pennai are discarded (by the farmers).","Having given a magnificent description of the Lord in His Trivikrama avatāra in the previous pāsuram, Āḻvār need not lament that he was not present during that divine age to behold the Lord with his own eyes. The same Lord continues to reside at Tirukkōvaḷūr in the very form in which He manifested during that avatāra, making Himself available to devotees born in later generations. Thus, the blessings of witnessing Trivikrama are not confined to those who lived during the avatāra itself, but remain accessible to all who approach Him with devotion.

Āḻvār's mention of the Nityasūris and Garuḍa highlights the transcendental nature of Nārāyaṇa. In Paramapada, the Lord has already bestowed the highest gift upon the Nityasūris, namely Himself, and there are no hostile or inimical beings there from whom protection is required. Therefore, references to the Nityasūris and Garuḍa serve to emphasize the Lord's divine majesty while simultaneously drawing attention to His extraordinary accessibility through His avatāras and arcā manifestations in this world.

The Lord who transcends all realms willingly descends among humanity so that ordinary beings may approach Him, worship Him, and experience His grace. Reflecting upon this boundless accessibility, Āḻvār turns to his own mind and urges it to undertake a sacred pilgrimage through the Lord's temple towns. Just as a weary traveller carefully chooses hospitable resting places while avoiding barren and inhospitable regions, the devotee should seek refuge in the Divya Deśams where the Lord graciously resides. Journeying from one sacred abode to another, singing His glories along the way, the mind becomes steadily absorbed in divine contemplation and progresses towards its ultimate goal of eternal service to the Lord.",Tirumaṅgai Āḻvār,Trivikrama Perumāḷ,,Paratattva Anubhavam,1.06,Tirunēṭuntāṇṭakam
24,17,"வற்புடைய வரை நெடுந்‌ தோள்‌ மன்னர்‌ மாள.
வடி வாய மழுவேந்தி உலகம்‌ ஆண்டு,
வெற்புடைய நெடுங்கடலுள்‌ தனி வேல்‌ உய்த்த,
வேள்‌ முதலா வென்றான்‌ ஊர்‌ விந்தம்‌ மேய,
கற்புடைய மடக்‌ கன்னி காவல்‌ பூண்டஃ
கடி பொழில்‌ சூழ்‌ நெடு மறுகில்‌ கமல வேலி.
பொற்புடைய மலை அரையன்‌ பணிய நின்ற,
பூங்கோவலூர்‌ தொழுதும்‌ போது நெஞ்சே !","vaṟpuḍaiya varai neḍun tōḻ mannar māḻa\
vaḍi vāya mazuvēndi ulagam āṇḍu\
veṟpuḍaiya neḍuṅgaḍaluḻ tani vēl uytta\
vēḻ mudalā venṟān ūr vindam mēya\
kaṟpuḍaiya maḍa kkanni kāval pūṇḍa\
kaḍi pozil śūz neḍu maṟugil kamala vēli\
poṟpuḍaiya malai araiyan paṇiya ninṟa\
pūṅgōvalūr tozudum pōdu neñjē !","Mind! Let us go to worship lovely Kōvalūr, guarded by the chaste virgin (Durgā) residing in the Vindhyas, with fragrant tanks, broad streets and lotus ponds, where the chieftains of the hills do service, the town of the Lord who wielded the lovely axe (as Paraśurāma) annihilating the Chieftains (like Kārtavīryārjuna), and the Lord (as Kṛṣṇa) who defeated the army led by Subrahmaṇya who wielded the unique spear in the huge sea containing the mountains.","Because of his intense devotion, Āḻvār becomes concerned for the safety of the Lord, who stands before the world in all the beauty, tenderness, and charm of youthful splendour, as described in the previous pāsurams, amidst people of asuric disposition. Such is the nature of divine love that the devotee, forgetting the Lord's omnipotence, becomes anxious for His well-being and protection.

A similar sentiment is seen in the Rāmāyaṇa. When Vibhīṣaṇa approached Rāma on the seashore seeking refuge, Sugrīva strongly opposed accepting him. Since Vibhīṣaṇa had come from the hostile environment of Laṅkā, Sugrīva feared that he might intend harm to Rāma. In response, Rāma reassured him by explaining His unwavering vow to protect anyone who sought refuge in Him, His code of righteousness, and His incomparable prowess. In the same manner, Āḻvār is now made to realize the Lord's supreme ability to overcome all opposing forces, and this realization fills him with joy and reassurance.

The pāsuram alludes to two well-known episodes from the Purāṇas. According to the ancient legend, all mountains once possessed wings and moved freely through the skies. Their constant movement caused great disturbance to the worlds, prompting Indra to sever their wings. Only the mountain Maināka escaped this fate by concealing itself beneath the ocean. Later, Subrahmaṇya, also known as Skanda, the commander-in-chief of the celestial armies, discovered Maināka and cut off its wings with his spear.

Āḻvār then recalls an even greater demonstration of the Lord's supremacy. The same Skanda, together with his father Śiva, came to the aid of Bāṇāsura when Kṛṣṇa waged war against him. Despite the combined strength of these mighty allies, they were effortlessly subdued by Kṛṣṇa. Through this remembrance, Āḻvār understands that the Lord who conquered such formidable opponents has nothing to fear from any hostile force. The pāsuram therefore transforms the devotee's anxiety into delight, as Āḻvār reflects upon the Lord's boundless power, which remains ever ready to protect both Himself and His devotees.",Tirumaṅgai Āḻvār,Trivikrama Perumāḷ,"Paraśurāma,Śrī Kṛṣṇa",Parākrama Anubhavam,1.07,Tirunēṭuntāṇṭakam
25,18,"நீரகத்தாய்‌ ! நெடுவரையின்‌ உச்சி மேலாய்‌ !
நிலாத்திங்கள்‌ துண்டத்தாய்‌ ! நிறைந்த கச்சி ஊரகத்தாய்‌ ,
ஒண்‌ துறை நீர்‌ வெஃகா உள்ளாய்‌ !
உள்ளுவார்‌ உள்ளத்தாய்‌
உலகம்‌ ஏத்தும்‌ காரகத்தாய்‌ ! கார்வானத்துள்ளாய்‌ ! கள்வா !,
காமரு பூங்காவிரியின்‌ தென்பால்‌ மன்னு பேரகத்தாய்‌
பேராதென்‌ நெஞ்சின்‌ உள்ளாய்‌ !
பெருமான்‌ உன்‌ திருவடியே பேணினேனே"," nīragattāy ! neḍuvaraiyin ucci mēlāy !
nilāttiṅgaḻ tuṇḍattāy ! niṟainda kacci ūragattāy
oṇ tuṟai nīr vegkā uḻḻāy !
uḻḻuvār uḻḻattāy
ulagam ēttum kāragattāy ! kārvānattuḻḻāy ! kaḻvā !
kāmaru pūṅgāviriyin tenbāl mannu pēragattāy
pērāden neñjin uḻḻāy !
perumān un tiruvaḍiyē pēṇinēnē",Lord Nīrakam (of the nature of water)! Lord at the top on the lofty mountain (Tirumalai)! Lord pleasing like (full) moon shining in a small place (Nilaṭiṭiṅgal Tuṇḍan)! Lord Uraga in Kāñcī! Lord reposing at Vēṅka near the lovely stream (Lord Yathōktakāri)! Lord in the hearts of those who meditate on you! Lord at Kāraga eulogized by the world! Lord like water-laden cloud (at Karvāṇam)! Deceitful Lord! Lord at Tiruppērai on the southern side of the highly cherished and lovely Kāvēri river! Lord established in my mind without parting ever! The lofty Lord! I have adorned your sacred feet.,"Āḻvār was unable to physically experience the divine beauty and glorious qualities of the Lord that he had envisioned in the preceding pāsurams. As this composition belongs to the final period of his life, he would have been advanced in age and no longer possessed the strength required to undertake such a journey. Realizing his own limitations, he turns directly to the Lord, knowing that Bhagavān is not only the ultimate goal (*upeya*) but also the means (*upāya*) to attain that goal.

With this understanding, Āḻvār appeals to the Lord through the sentiment expressed in *kūvuḍal varuḍal ceyyāy*—""Either call me to You or come to me Yourself."" This is an appeal founded entirely upon divine grace (*Tiruvaruḷ*). The devotee recognizes that his own efforts are insufficient and therefore seeks the Lord's intervention, whether by drawing him into His presence or by personally granting him the desired vision.

One may wonder why Āḻvār addresses the Lord in various sacred abodes when his longing is specifically to behold Him at Tirukkōvaḷūr. The answer lies in the Lord's all-pervading presence and His equal manifestation in every Divya Deśam. Just as the Sun illuminates the entire world uniformly while remaining one and the same, the Lord graciously resides in all the places that He has chosen as His abodes. Though the forms may appear in different locations, the Lord who dwells within them is one and indivisible.

Therefore, Āḻvār understands that his plea will reach the Lord regardless of the particular shrine to which it is addressed. Whether he prays at Tirukkōvaḷūr or at any other sacred abode, the same compassionate Lord hears his appeal. This conviction deepens his dependence upon divine grace, for he knows that the Lord who resides everywhere is fully capable of responding to the yearning of His devotee and granting the longed-for union.",Tirumaṅgai Āḻvār,"Śrīnivāsa,Appakkudathān Perumāḷ,Yathoktakāri Perumāḷ,Ādi Varāha Perumāḷ,Ulagāḷanda Perumāḷ,Jagadīśa Perumāḷ,Karuṇākara Perumāḷ,Nilāttiṅgaḷ Tuṇḍattān Perumāḷ",,Tirumēni Anubhavam,1.08,Tirunēṭuntāṇṭakam
26,19,"வங்கத்தால்‌ மா மணி வந்துந்து முந்நீர்‌ மல்லையாய்‌ !
மதிள்‌ கச்சி ஊராய்‌ ! பேராய்‌
கொங்கத்தார்‌ வளங்கொன்றை அலங்கல்‌ மார்வன்‌
குலவரையன்‌ மடப்‌ பாவை இடப்பால்‌ கொண்டான்‌
பங்கத்தாய்‌ ! பாற்கடலாய்‌ ! பாரின்‌ மேலாய்‌ !
பனி வரையின்‌ உச்சியாய்‌ ! பவள வண்ணா
எங்குற்றாய்‌ எம்‌ பெருமான்‌ ! உன்னை நாடி.
ஏழையேன்‌ இங்ஙனமே உழிதருகேனே ! ","vaṅgattāl mā maṇi vandundu munnīr mallaiyāy !
madiḻ kacci ūrāy ! pērāy
koṅgattār vaḻaṅgonṟai alaṅgal mārvan
kulavaraiyan maḍa ppāvai iḍappāl koṇḍān
paṅgattāy ! pāṟkaḍalāy ! pārin mēlāy !
pani varaiyin ucciyāy ! pavaḻa vaṇṇā
eṅguṭrāy em perumān ! unnai nāḍi
ēzaiyēn iṅṅanamē uzidarugēnē","Lord at Māmallaipuram where precious gems are brought by ships and dumped! Lord of the town of Kāñcī with fortifications! Lord at Tiruppērai! Lord who has Śiva with Pārvatī beside him on the left and decorated by garland of fragrant honey-soaked bilva flowers on his chest, at His side! Lord of the Milk-ocean! Lord who came on the earth (in avatāras)! Lord at the top of the cool mountain (Tirumalai)! Lord Pavaḷavanna (at Kāñcī)! Looking for you all over, this fickle-minded self is wallowing in this body.","In an earlier pāsuram, Āḻvār celebrated the boundless compassion of the Lord, who extends His grace even to those who are not inclined towards Him. If such is the Lord's nature, Āḻvār wonders why He has neither summoned him to Tirukkāñūr nor come personally to grant him His presence. The only explanation he can find is the burden of his own accumulated sins, which continue to obstruct the fulfilment of his longing.

Filled with this sense of helplessness, Āḻvār laments his condition. He finds himself unable either to endure the separation from the Lord or to cast aside the body that sustains that suffering. Thus, he remains caught in a state of anguish, yearning for union with the Lord while feeling constrained by the limitations imposed by karma.

The phrase *""Vaṅkaṭṭāl māmaṇi vandu uṇḍu""* is explained through a beautiful analogy. Precious gems are often brought by ships from the depths of the ocean and deposited upon the shore. In the same way, the Lord, who eternally resides in Paramapada, has graciously descended and established Himself on the seashore at Māmallapuram for the delight and benefit of His devotees. Just as a rare jewel becomes accessible when brought from distant waters to the shore, the Lord has made Himself easily accessible to those who seek Him.

Through this imagery, Āḻvār highlights the Lord's extraordinary simplicity and accessibility. Though He is the Supreme Being who transcends all worlds, He willingly leaves His exalted abode and manifests among devotees so that they may approach Him without difficulty. Yet, despite such accessibility, Āḻvār feels unable to attain Him and therefore attributes the delay solely to his own shortcomings. This pāsuram thus becomes a moving expression of humility, longing, and the pain of separation experienced by a devotee who sees the Lord's nearness everywhere but feels himself unworthy of receiving His grace.",Tirumaṅgai Āḻvār,"Śrīnivāsa,Appakkudathān Perumāḷ,Varadarāja Perumāḷ,Pavala Vaṇṇar Perumāḷ,Sthala Śayana Perumāḷ,Vyūha Vāsudeva",,Tirumēni Anubhavam,1.09,Tirunēṭuntāṇṭakam
27,20,"பொன்‌ ஆனாய்‌ ! பொழில்‌ ஏழும்‌ காவல்‌ பூண்ட புகழ்‌ ஆனாய்‌ !
இகழ்வாய தொண்டனேன்‌ நான்‌
என்‌ ஆனாய்‌ என்‌ ஆனாய்‌ என்னல்‌ அல்லால்‌
என்‌ அறிவன்‌ ஏழையேன்‌
உலகம்‌ ஏத்தும்‌ தென்‌ ஆனாய்‌ வட ஆனாய்‌ குடபால்‌ ஆனாய்‌
குணபால மதயானாய்‌ இமையோர்க்கென்றும்‌ முன்‌ ஆனாய்‌
பின்‌ ஆனார்‌ வணங்கும்‌ சோதி !
திருமூழிக்‌ களத்தானாய்‌ முதல்‌ ஆனாயே !","pon ānāy ! pozil ēzum kāval pūṇḍa pugaz ānāy !
igazvāya toṇḍanēn nān
en ānāy en ānāy ennal allāl
en aṟivan ēzaiyēn
ulagam ēttum ten ānāy vaḍa ānāy kuḍabāl ānāy
kuṇabāla madayānāy imaiyōrkkenṟum mun ānāy
pin ānār vaṇaṅgum śōdi !
tirumūzi kkaḻattānāy mudal ānāyē !","You are in the south (at Tirumalirumcōlai) eulogized by the worlds. You are in the north (at Tirumalai). You are in the west (at Śrīraṅgam). You are in the east (at Kaṇṇapuram) like an elephant in rut. You are always in the forefront of the Nityasūris. You are at Tirumōlikkalam with effulgence for veneration by subsequent generations of devotees. You are the primordial Lord. My cherished Lord! Lord with the glory of protecting the seven worlds! What does this insignificant devotee, bereft of any means, know apart from saying ""My Elephant! My Elephant!""","In the fourth pāsuram, Āḻvār had declared, *""Mantirattai mantirattai maṟavādu eṉṟum vāḻttiyēl vāḻalām""*—that one can truly thrive by constantly glorifying the Protector through the Tirumantram without interruption. Reflecting upon this, Āḻvār wonders whether the Lord had refrained from appearing before him because He might have mistaken this constant recitation for an act of personal sādhanā undertaken to attain Him. However, Āḻvār clarifies that this was never his intention. His purpose was merely to remind himself of the true nature of the soul, to remain absorbed in thoughts of the Lord, and to spend his time in a meaningful and beneficial manner while awaiting divine grace.

In this pāsuram, Āḻvār expresses both his own utter helplessness and the Lord's incomparable greatness. He emphasizes that attainment of the Lord is not the result of individual effort but solely of the Lord's compassion and initiative. To illustrate this truth, Āḻvār compares the Lord to a majestic elephant.

An elephant cannot be ignored because of its immense size and commanding presence. Yet, despite its strength, it can be controlled only when it willingly cooperates. A rider cannot mount an elephant through his own effort alone; the elephant itself must kneel down and make it possible. Likewise, if it so chooses, the elephant can lift a person with its trunk and place him upon its back. Through this analogy, Āḻvār conveys that the jīvātmā cannot attain Bhagavān merely through personal endeavour. The Lord Himself must graciously make Himself accessible and elevate the devotee through His own will.

Āḻvār further compares the Lord to the mighty Diggajas, the celestial elephants that are traditionally said to uphold and protect the directions of the universe. In a similar manner, the Lord stands protecting and sustaining the world through His presence in the great sacred abodes of Vēṅkaṭam, Kāṇṇapuram, Tirumalirumcōlai, and Śrīraṅgam. From these holy places, He extends His grace to all who seek Him.

Thus, although the Lord is immeasurably exalted, He remains within easy reach of His devotees. By contemplating His presence in these sacred kṣetras, Āḻvār finds solace in the assurance that the Lord who sustains the universe is also the compassionate Master who graciously makes Himself accessible to those who depend entirely upon Him.",Tirumaṅgai Āḻvār,"Śrīnivāsa,Mūḻikkalattān Perumāḷ",,Tirumēni Anubhavam,1.10.,Tirunēṭuntāṇṭakam
28,21,"பட்டுடுக்கும்‌ அயர்த்திரங்கும்‌ பாவை பேணாள்‌
பனி நெடுங்கண்‌ நீர்‌ ததும்பப்‌ பள்ளி கொள்ளாள்‌ ,
எள்‌ துணைப்‌ போதென்‌ குடங்கால்‌ இருக்ககில்லாள்‌
எம்‌ பெருமான்‌ திருவரங்கம்‌ எங்கே என்னும்‌,
மட்டு விக்கி மணி வண்டு முரலும்‌ கூந்தல்‌ .
மட மானை இது செய்தார்‌ தம்மை.
மெய்யே கட்டுவிச்சி சொல்‌ என்னச்‌ சொன்னாள்‌ நங்காய்‌ !,
கடல்‌ வண்ணர்‌ இது செய்தார்‌ காப்பார்‌ ஆரே","paṭṭuḍukkum ayarttiraṅgum pāvai pēṇāḻ
pani neḍuṅgaṇ nīr tadumba ppaḻḻi koḻḻāḻ
eḻ tuṇai ppōden kuḍaṅgāl irukkagillāḻ
em perumān tiruvaraṅgam eṅgē ennum
maṭṭu vikki maṇi vaṇḍu muralum kūndal
maḍa mānai idu śeydār tammai
meyyē kaṭṭuvicci śol enna cconnāḻ naṅgāy !
kaḍal vaṇṇar idu śeydār kāppār ārē","She wears choice silk sari (to attract Him). She feels faint and sobs. She has no desire for the dolls. With her cool and drawn-out eyes filled with tears, she does not lie down. She does not stay on my lap even for a moment. She murmurs, ""Where is my Lord of Tiruvāraṅgam?"" When I asked the (female) soothsayer, ""Tell me truly who did this to my young doe with locks of hair humming with lovely bees spitting the honey sucked by them?"", she said, ""The Lord of sea-hue did this. My life-companions! Who else is there to protect her (if He does not)!""","The ten pāsurams beginning with this one are spoken through the voice of the mother of a heroine who suffers the anguish of separation from her beloved after having experienced union with him. At this stage, Āḻvār has attained complete spiritual maturity. His mind is fixed exclusively upon the Lord and upon nothing else, embodying the principle of *Ananyā Śeṣatva*, the state of belonging solely to Bhagavān. This exclusive devotion is traditionally expressed through the mood of a chaste heroine whose thoughts are entirely absorbed in her beloved.

When femininity is attributed to Āḻvār in such passages, it does not refer in any way to physical characteristics. Rather, it signifies a particular spiritual disposition and emotional attitude towards the Lord. The soul, recognizing its complete dependence upon Bhagavān, assumes the role of the heroine, while the Lord is understood as the sole beloved and protector. Such imagery serves as a powerful means of expressing the intensity of divine love experienced by the devotee.

The love experienced by Āḻvār has now become so overwhelming that it leaves no room for self-control or ordinary worldly awareness. Because of the depth of this experience, the condition of Āḻvār is portrayed through the observations of a mature and concerned mother. This literary device allows the inner state of the devotee to be described from an external perspective while preserving the emotional richness of the experience.

In this pāsuram, the mother describes the condition of her daughter, the heroine, whose suffering has become evident to all around her. Seeking to discover the cause of this mysterious affliction, she approaches a godly inclined soothsayer and asks for an explanation. Upon learning that the heroine's condition arises not from any worldly cause but from her intense love for Bhagavān, the mother turns to the maidens gathered around her and reflects upon the situation.

She realizes that the Lord alone is the true protector and refuge of all souls. If the very One who exists to safeguard His devotees does not come to the aid of this love-stricken heroine, then who else could possibly offer her protection? Thus, the pāsuram becomes a poignant expression of absolute dependence upon Bhagavān, emphasizing that the soul has no refuge apart from Him and that relief from the anguish of separation can come only through His grace.",Tirumaṅgai Āḻvār,Śrī Raṅganātha,,"Śṛṅgāra,Viraha",1.11,Tirunēṭuntāṇṭakam
29,22,"நெஞ்சுருகிக்‌ கண்‌ பனிப்ப நிற்கும்‌ சோரும்‌
நெடிதுயிர்க்கும்‌ உண்டறியாள்‌ உறக்கம்‌ பேணாள்‌
நஞ்சரவில்‌ துயில்‌ அமர்ந்த நம்பீ ! என்னும்‌
வம்பார்‌ பூம்‌ வயல்‌ ஆலி மைந்தா என்னும்‌
அஞ்சிறைய புட்கொடியே ஆடும்‌ பாடும்‌
அணி அரங்கம்‌ ஆடுதுமோ தோழீ என்னும்‌
என்‌ சிறகின்‌ கீழ்‌ அடங்காப்‌ பெண்ணைப்‌ பெற்றேன்‌ ஃ
இரு நிலத்தோர்‌ பழி படைத்தேன்‌ ஏ பாவம்மே !","neñjurugi kkaṇ panippa niṟkum śōrum
neḍiduyirkkum uṇḍaṟiyāḻ uṟakkam pēṇāḻ
nañjaravil tuyil amarnda nambī ! ennum
vambār pūm vayal āli maindā ennum
añjiṟaiya puṭkoḍiyē āḍum pāḍum
aṇi araṅgam āḍudumō tōzī ennum
en śiṟagin kīz aḍaṅgā ppeṇṇai ppeṭrēn
iru nilattōr pazi paḍaittēn ē pāvammē !","With her heart melting and eyes shedding tears, she stands languished. She sighs deeply. She has not known food or sleep. She says, ""The perfectly lovely Lord sleeping on the poison-emitting Ādiśeṣa!"" She says, ""The youthful Lord at Tiruvāli with fields full of lovely fragrant flowers!"" Again, bringing to mind the flying banner with Garuḍa of lovely feathers, she says, ""Friends, shall we go to lovely Tiruvāraṅgam?"" O! My sins! Having got a girl who is not under my control, I got censured by the people of this sprawling world.","In the previous pāsuram, the heroine had become so overwhelmed by her love for the Lord that she lost awareness of herself and her surroundings. However, when the soothsayer uttered the words ""the sea-hued Lord,"" she regained a measure of consciousness and immediately burst into lamentation, as described in this pāsuram. The mention of the Lord was enough to awaken her from her state of inward absorption and intensify the pain of separation that already consumed her heart.

When the matronly woman complains that she stands censured by the people, she is not criticizing the heroine's conduct. Rather, she laments her own inability to find a remedy for the heroine's condition. Observers naturally expect a mother to comfort and restore her daughter, but finding herself powerless before an affliction born of divine love, she becomes the object of criticism and concern. Her grief arises not from embarrassment, but from helplessness.

This pāsuram explores more deeply the experience of *viraha*, the anguish of separation in devotional love. The heroine's suffering symbolizes the longing of the individual soul for union with Bhagavān. Having once tasted the sweetness of His presence, the soul finds separation unbearable and becomes incapable of taking delight in anything else. The intensity of this longing is presented not as a weakness, but as the natural consequence of profound devotion.

The reference to the ""sea-hued Lord"" evokes the image of Lord Viṣṇu, whose divine complexion is traditionally compared to the deep blue of the ocean. The very mention of this description stirs the heroine's heart, illustrating how even the slightest reminder of the Lord can awaken powerful emotions in a true devotee. For one whose mind is wholly absorbed in Bhagavān, a single word, image, or memory is sufficient to rekindle both joy and sorrow.

The pāsuram also beautifully illustrates *mādhurya bhāva*, the devotional mood in which the soul relates to the Lord as a beloved. In this mode of devotion, the intensity, exclusiveness, and purity associated with human love are employed to express the soul's longing for the Divine. Through the voice of the heroine, Āḻvār conveys the depth of his own devotion, portraying a love so complete that separation from the Lord becomes the soul's greatest suffering and remembrance of Him its only solace.",Tirumaṅgai Āḻvār,"Śrī Raṅganātha,Lakṣmī Narasiṁha Perumāḷ",,"Śṛṅgāra,Viraha",1.12,Tirunēṭuntāṇṭakam
30,23,"கல்‌ எடுத்துக்‌ கல்‌ மாரி காத்தாய்‌ ! என்றும்‌.
காமரு பூங்கச்சி ஊரகத்தாய்‌ ! என்றும்‌.
வில்‌ இறுத்து மெல்லியல்‌ தோள்‌ தோய்ந்தாய்‌ ! என்றும்‌,
வெல்காவில்‌ துயில்‌ அமர்ந்த வேந்தே ! என்றும்‌.
மல்‌ அடர்த்து மல்லரை அன்றட்டாய்‌ ! என்றும்‌.
மா கீண்ட கைத்தலத்தென்‌ மைந்தா ! என்றும்‌.
சொல்‌ எடுத்துத்‌ தன்‌ கிளியைச்‌ சொல்லே என்று.
துணை முலை மேல்‌ துளி சோரச்‌ சோர்கின்றாளே ! ","kal eḍuttu kkal māri kāttāy ! enṟum
kāmaru pūṅgacci ūragattāy ! enṟum
vil iṟuttu melliyal tōḻ tōyndāy ! enṟum
vegkāvil tuyil amarnda vēndē ! enṟum
mal aḍarttu mallarai anṟaṭṭāy ! enṟum
mā kīṇḍa kaittalatten maindā ! enṟum
śol eḍuttu ttan kiḻiyai ccollē enṟu
tuṇai mulai mēl tuḻi śōra ccōrginṟāḻē!","With tear drops trickling down her twin breasts, and feeling weary, she asks her parrot to repeat by prompting it, such as, ""Lord who protected from hailstorm by lifting the hill!"" ""Lord Uraga at lovely and highly desired Kāñcī!"" ""Lord who embraced the tender arms (of Sītā) by breaking the bow!"" ""The Master who is reposing in Vēṅka!"" ""The Lord who vanquished the wrestlers at one time and made them powerless!"" and, ""My youthful Lord with palms that split open (the mouth) of the horse Keśī.""","The mother observed that the repeated chanting of the Lord's names had a soothing effect on the heroine's distressed condition. Hoping to bring her further comfort, she brought the heroine's pet parrot and placed it beside her, expecting it to repeat the divine names as it had been taught. However, the parrot remained silent. Traditional commentators explain this silence through the analogy of a disciple who, even after receiving instruction from an Ācārya, does not display his learning independently in the presence of the teacher. Out of humility and reverence, the disciple speaks only when prompted.

Accordingly, the parrot waited in silence until the heroine herself addressed it. Once encouraged by its mistress, it began to repeat the sacred names of the Lord, thereby offering comfort to the very one who had taught it. The scene beautifully illustrates the reciprocal nature of devotion, where even a simple creature becomes an instrument of divine remembrance and consolation.

A distinctive feature of Tirumaṅgai Āḻvār's devotional experience is his profound fulfillment in the Arcāvatāra. While the other Āḻvārs frequently celebrate the Lord's transcendence in Paramapada, His accessibility through various avatāras, and His presence in Arcā forms, Tirumaṅgai Āḻvār displays a particularly intense attachment to the Arcā manifestations found in the Divya Deśams. For him, the Lord enshrined in the temple is not different from the Lord who appeared in the great avatāras described in the scriptures.

In this pāsuram, Āḻvār emphasizes the essential oneness of the Lord in both Arcā and Avatāra. While standing before the Arcā form, he recalls the deeds performed during Kṛṣṇa's earthly incarnation and addresses the Lord directly as the very same Kṛṣṇa who protected His devotees. Thus, there is no distinction between the deity worshipped in the temple and the Lord who enacted divine sports in ages past.

Āḻvār specifically recalls the Govardhana episode through the words, ""You warded off the hailstones by lifting a stone aloft."" Here, Govardhana Hill is deliberately referred to as merely a stone in order to highlight the effortless nature of Kṛṣṇa's act. What appears to the world as a mighty mountain is, from the perspective of the omnipotent Lord, no more difficult to lift than a small stone.

The episode also reveals the wondrous and inscrutable ways of Bhagavān. When torrential rains and hailstones threatened the inhabitants of Gokula, the Lord chose to protect them by using another stone, Govardhana itself, as their shelter. In this sense, He countered stone with stone, much as one might speak of fighting fire with fire. Through this delightful recollection, Āḻvār celebrates both the Lord's infinite power and His affectionate concern for those who seek refuge in Him.",Tirumaṅgai Āḻvār,"Yathoktakāri Perumāḷ,Ulagāḷanda Perumāḷ","Śrī Rāma,Śrī Kṛṣṇa","Viraha,Śṛṅgāra",1.13,Tirunēṭuntāṇṭakam
31,24,"முளைக்‌ கதிரைக்‌ குறுங்குடியுள்‌ முகிலை,
மூவா மூ உலகும்‌ கடந்தப்பால்‌ முதலாய்‌ நின்ற.
அளப்பரிய ஆர்‌ அமுதை அரங்கம்‌ மேய அந்தணனை.
அந்தணர்‌ தம்‌ சிந்தை யானை,
விளக்கொளியை மரதகத்தைத்‌ திருத்தண்காவில்‌ ,
வெஃகாவில்‌ திருமாலைப்‌ பாடக்‌ கேட்டு,
வளர்த்ததனால்‌ பயன்‌ பெற்றேன்‌ வருக ! என்று
மடக்‌ கிளியைக்‌ கை கூப்பி வணங்கினாளே ","muḻai kkadirai kkuṟuṅguḍiyuḻ mugilai
mūvā mū ulagum kaḍandappāl mudalāy ninṟa
aḻappariya ār amudai araṅgam mēya andaṇanai
andaṇar tam śindai yānai
viḻakkoḻiyai maradagattai ttiruttaṇgāvil
vegkāvil tirumālai ppāḍa kkēṭṭu
vaḻarttadanāl payan peṭrēn varuga ! enṟu
maḍa kkiḻiyai kkai kūppi vaṇaṅgināḻē","After listening to the sonorous names of the Lord of Śrī at Tiruttaṅkal and Tiruvēṅka, effulgent like the rising Sun, the cloud-hued Lord at Kuruṅkuḍi, who is supreme and beyond the three types of souls (baddha, mukta and nitya) in the three worlds, the insatiable Nectar beyond scrutiny, the immaculate Lord at Śrīraṅgam, the Lord in the hearts of pure souls, the Lord who dispels ignorance like the darkness from the light of the lamp and who is pleasingly lustrous like emerald, by the obedient parrot, she folded her hands and prostrated, saying ""Welcome; I am profited by bringing you up.""","As explained in the previous pāsuram, the parrot began reciting the names of the Lord after being prompted by the heroine. Hearing those sacred names emerge from the bird she had lovingly nurtured and instructed, the heroine experiences immense joy. She feels that her efforts in raising and teaching the parrot have finally borne fruit, for it has now become an instrument for glorifying Bhagavān.

The phrase *""kaikkūppi vaṇaṅgināḷē""* indicates that the heroine folded her hands in reverence and saluted the parrot. At first glance, this may appear surprising. Why should the heroine offer such respect to a mere parrot, especially one that may be regarded as her own disciple? The commentators explain that the significance lies not in the bird itself, but in what it is doing. By reciting the divine names of the Lord, the parrot assumes the role of a Bhāgavata, one who glorifies Bhagavān, and thereby becomes worthy of veneration.

The deeper teaching conveyed through this episode is that all Bhāgavatas who recite and celebrate the names of the Lord deserve reverence, irrespective of their age, social position, learning, or status. The greatness of a devotee is measured not by worldly qualifications but by devotion to Bhagavān and engagement in His remembrance.

Traditional history provides many examples illustrating this principle. One such incident concerns Mahāpūrṇar, the revered Ācārya of Rāmānuja. On one occasion, Mahāpūrṇar prostrated before a group of Śrīvaiṣṇavas who were returning from their ablutions in the Kāveri under the leadership of his own disciple, Rāmānuja. Although Rāmānuja was his disciple, Mahāpūrṇar saw in that assembly not merely individuals, but devotees of the Lord who were adorned with devotion and service. Therefore, he offered them his respects without hesitation.

In the same spirit, the heroine bows before the parrot. Her reverence is directed not towards the bird as an individual creature, but towards the sacred act of chanting the Lord's names. Through this beautiful episode, Āḻvār teaches that anyone who becomes a vehicle for the glorification of Bhagavān deserves honour and respect. The pāsuram thus highlights the exalted position of the Bhāgavata and the humility with which true devotees regard those who engage in the remembrance and praise of the Lord.",Tirumaṅgai Āḻvār,"Śrī Raṅganātha,Yathoktakāri Perumāḷ,Dīpa Prakāśa Perumāḷ,Ninra Nambi Perumāḷ",,"Śṛṅgāra,Paratattva Anubhavam",1.14,Tirunēṭuntāṇṭakam
32,25,"கல்‌ உயர்ந்த நெடு மதிள்‌ சூழ்‌ கச்சி மேய களிறென்றும்‌,
கடல்‌ கிடந்த கனியே ! என்றும்‌,
அல்லியம்‌ பூ மலர்ப்‌ பொய்கைப்‌ பழன வேலி.
அணி அழுந்தூர்‌ நின்றுகந்த அம்மான்‌ என்றும்‌.
சொல்‌ உயர்ந்த நெடு வீணை முலை மேல்‌ தாங்கித்‌,
தூ முறுவல்‌ நகை இறையே தோன்றநக்கு
மெல்‌ விரல்கள்‌ சிவப்பெய்தத்‌ தடவி ஆங்கே
மென்‌ கிளி போல்‌ மிக மிழற்றும்‌ என்‌ பேதையே","kal uyarnda neḍu madiḻ śūz kacci mēya kaḻiṟenṟum
kaḍal kiḍanda kaniyē ! enṟum
alliyam pū malar ppoygai ppazana vēli
aṇi azundūr ninṟuganda ammān enṟum
śol uyarnda neḍu vīṇai mulai mēl tāṅgi
tū muṟuval nagai iṟaiyē tōnṟanakku
mel viralgaḻ śivappeyda ttaḍavi āṅgē
men kiḻi pōl miga mizaṭrum en pēdaiyē","With the sonorous and resonant vīṇā resting on her breasts, with a smile showing out the teeth just a little and with the soft fingers becoming red due to plucking (at the vīṇā strings), my daughter prattled variously like the parrot as, ""My Elephant in rut at Pādakam in Kāñcī surrounded by tall and extensive stone fortifications!"" ""My Lord sweet like ripe fruit reposing in Milk-ocean!"" and ""My Lord standing with relish at lovely Aḷundūr bounded by wet fields and tanks where blossom lovely water lily flowers!""","With the parrot continuing to recite the names of the Lord in response to her prompts, as described in the previous pāsuram, the heroine gradually enters a state of joyful absorption. The divine names soothe her heart and transport her into a world entirely centred upon the Lord. Though outwardly separated from Him, her mind becomes so immersed in His remembrance that she begins to experience His presence everywhere around her.

In this state of ecstatic devotion, the heroine beholds the Lord in objects that would ordinarily appear mundane. Her love has reached such intensity that the distinction between remembrance and direct experience begins to fade. The longing born of separation transforms itself into an inward vision of union.

Thus, she takes up her Vīṇā and imagines it to be the Lord Himself. Embracing it closely to her bosom, she addresses it as though she were speaking directly to her beloved. What appears externally as an inanimate musical instrument becomes, in her devotional perception, a living manifestation of the Lord's presence. Through this act, she seeks solace from the anguish of separation and experiences a momentary sense of union with Him.

This episode beautifully illustrates the transformative power of divine love. For a devotee whose heart is wholly occupied by Bhagavān, every object becomes a reminder of Him, and every experience becomes an opportunity for communion with Him. The heroine's embrace of the Vīṇā is therefore not an act of imagination alone, but an expression of the depth of her absorption in the Lord.",Tirumaṅgai Āḻvār,"Devādi Rāja Perumāḷ,Varadarāja Perumāḷ,Vyūha Vāsudeva",,Śṛṅgāra,1.15,Tirunēṭuntāṇṭakam
33,26,"கன்று மேய்த்தினிதுகந்த காளாய்‌ ! என்றும்‌
கடி பொழில்‌ சூழ்‌ கணபுரத்தென்‌ கனியே ! என்றும்‌
மன்றமரக்‌ கூத்தாடி மகிழ்ந்தாய்‌ ! என்றும்‌
வட திருவேங்கடம்‌ மேய மைந்தா ! என்றும்‌
வென்றசுரர்‌ குலம்‌ களைந்த வேந்தே ! என்றும்‌
விரி பொழில்‌ சூழ்‌ திருநறையூர்‌ நின்றாய்‌ ! என்றும்‌
துன்று குழல்‌ கரு நிறத்தென்‌ துணையே என்றும்‌
துணை முலை மேல்‌ துளி சோரச்‌ சோர்கின்றாளே !","kanṟu mēyttiniduganda kāḻāy ! enṟum
kaḍi pozil śūz kaṇaburatten kaniyē ! enṟum
manṟamara kkūttāḍi magizndāy ! enṟum
vaḍa tiruvēṅgaḍam mēya maindā ! enṟum
venṟaśurar kulam kaḻainda vēndē ! enṟum
viri pozil śūz tirunaṟaiyūr ninṟāy ! enṟum
tunṟu kuzal karu niṟatten tuṇaiyē enṟum
tuṇai mulai mēl tuḻi śōra ccōrginṟāḻē","With teardrops trickling down her twin breasts, she laments saying, ""The young Bull who felt greatly elated grazing the calves!"" ""My ripe fruit in Kaṇṇapuram surrounded by fragrant orchards!"" ""Kṛṣṇa who was pleased to dance to the assembled people!"" ""The chief at northern Tiruvēṅkaṭam!"" ""The Hero who destroyed the chief (Rāvaṇa) of Khara, Dūṣaṇa etc. whom you defeated!"" ""Lord who is standing at Tirunaraiyūr surrounded by flower gardens!"" and ""My dark-bodied life companion with dense hair!""","The joy experienced by the heroine in the previous pāsuram proves to be fleeting. The union with the Lord that she seemed to enjoy was not a physical reality but an experience born of intense longing, akin to a dream. For a brief moment, she felt as though she had attained the presence of her beloved, but when that experience faded and she became aware of her continued separation, her sorrow returned with even greater force.

Realizing that the happiness she experienced was only momentary, the heroine cries out loudly to the Lord. In her anguish, she dwells especially upon His role as the protector and refuge of those who depend upon Him. Having no one else to turn to, she appeals directly to Him, expecting the compassion and protection that are intrinsic to His nature.

The commentators compare her condition to that of Sītā in Aśokavana. When Hanumān delivered Rāma's Cūḍāmaṇi to her, she experienced immense joy. The jewel was not merely an ornament; it was a tangible reminder of Rāma's love and concern. Seeing it, Sītā felt as though she had come into direct contact with Rāma Himself. Overwhelmed with emotion, she first placed the jewel upon her head in reverence and then held it close to her bosom, as though seeking relief from the burning fever of separation.

Yet that joy, too, was temporary. Once the initial elation subsided and she became conscious of her continued separation from Rāma, her grief resurfaced. Unable to contain her anguish, she cried aloud, ""O Rāma! O Lakṣmaṇa! O Sumitrā!"" Her lament expressed both the depth of her love and the unbearable pain of separation.

The heroine's condition in this pāsuram closely mirrors that experience. The brief sense of union that had comforted her only serves to intensify her sorrow when it vanishes. The memory of the Lord's presence makes His absence feel even more painful. Therefore, she calls out to Him with renewed urgency, emphasizing His protective nature and seeking refuge in the One who alone has the power to relieve her suffering. Through this portrayal, Āḻvār vividly expresses the alternating states of joy and anguish that characterize the highest forms of devotional love, where even a fleeting remembrance of the Lord can both console and torment the devotee.",Tirumaṅgai Āḻvār,"Śrīnivāsa,Sowrirāja Nīlamegha Perumāḷ,Tirunaraiyūr Nambi Perumāḷ","Śrī Kṛṣṇa,Śrī Rāma",Parākrama Anubhavam,1.16,Tirunēṭuntāṇṭakam
34,27,"பொங்கார்‌ மெல்‌ இளங்கொங்கை பொன்னே பூப்பப்‌
பொரு கயல்‌ கண்‌ நீர்‌ அரும்பப்‌ போந்து நின்று
செங்கால மடப்‌ புறவம்‌ பெடைக்குப்‌ பேசும்‌
சிறு குரலுக்குடல்‌ உருகிச்‌ சிந்தித்து
ஆங்கே தண்‌ காலும்‌ தண்‌ குடந்தை நகரும்‌ பாடித்‌
தண்‌ கோவலூர்‌ பாடி ஆடக்‌ கேட்டு
நங்காய்‌ ! நம்‌ குடிக்கிதுவோ நன்மை என்ன
நறையூரும்‌ பாடுவாள்‌ நவில்கின்றாளே ! ","poṅgār mel iḻaṅgoṅgai ponnē pūppa
poru kayal kaṇ nīr arumba ppōndu ninṟu
śeṅgāla maḍa ppuṟavam peḍaikku ppēśum
śiṟu kuralukkuḍal urugi ccindittu
āṅgē taṇ kālum taṇ kuḍandai nagarum pāḍi
taṇ kōvalūr pāḍi āḍa kkēṭṭu
naṅgāy ! nam kuḍikkiduvō nanmai enna
naṟaiyūrum pāḍuvāḻ navilginṟāḻē !","Her breasts, soft and juvenile and fully developed are paling with tears gushing from her eyes like two fishes fighting. She goes out and stares. Her heart melts hearing the subdued tone by which the red-footed youthful pigeon talks to its mate and she then recalls to her mind (her previous conversation when she was in union with the Lord). Hearing her speaking endearingly of Tiruttaṅkal and cool Tirukkuḍandai and lovingly singing to Kōvalūr, when I asked her ""My girl full of feminine charm! Is this (your demonstrative behavior) befitting our family?"", she started singing of Naraiyūr too!","Witnessing the heroine's intense distress in the previous pāsurams, the mother had attempted various means to console her. She brought the Vīṇā and the pet parrot, hoping that these familiar companions would soothe her sorrow and provide some relief from the pain of separation. For a brief period, they appeared to offer comfort. The parrot recited the Lord's names, and the Vīṇā became an object through which the heroine expressed her devotion and longing.

However, the mother soon realized that these remedies were producing the opposite effect. Rather than alleviating the heroine's suffering, they only deepened her absorption in the Lord and intensified her yearning for Him. Every sound from the parrot and every association evoked by the Vīṇā served only to remind her of the beloved from whom she remained separated. Concluding that these objects were aggravating her condition, the mother removed them from her daughter's presence.

Believing that practical and matronly counsel might succeed where other efforts had failed, the mother attempted to reason with the heroine. She advised her that such public displays of emotion were unbecoming of her dignity and inconsistent with the honourable traditions of their family. As a concerned elder, she hoped that an appeal to propriety and social decorum would restore some measure of self-control.

The heroine, however, is no longer governed by ordinary considerations. Her heart is wholly possessed by love for the Lord, and worldly conventions hold little meaning for her. Rather than accepting her mother's advice, she responds with defiance. Unwilling to suppress her emotions for the sake of social expectations, she leaves the house and openly expresses her longing for the Lord.

Indeed, she cries out even more loudly than before, as though deliberately provoking her mother. Yet this apparent defiance is not born of disrespect. It arises from the overwhelming force of divine love, which has surpassed all concern for reputation, custom, or public opinion. For one whose mind is entirely fixed upon Bhagavān, the demands of the world become insignificant when compared to the pain of separation from Him.

Through this episode, Āḻvār portrays the irresistible nature of supreme devotion. The heroine's love has reached such intensity that neither external restraints nor well-meaning advice can contain it. Her only concern is the Lord, and her cries become the spontaneous expression of a soul that can no longer conceal its longing for union with its eternal beloved.",Tirumaṅgai Āḻvār,"Śārṅgapāṇi Perumāḷ,Tirunaraiyūr Nambi Perumāḷ,Trivikrama Perumāḷ,Ninra Nārāyaṇa Perumāḷ",,"Śṛṅgāra,Tirumēni Anubhavam",1.17,Tirunēṭuntāṇṭakam
35,28,"கார்‌ வண்ணம்‌ திருமேனி கண்ணும்‌ வாயும்‌
கைத்தலமும்‌ அடி இணையும்‌ கமல வண்ணம்‌
பார்‌ வண்ண மட மங்கை பத்தர்‌ பித்தர்‌
பனி மலர்‌ மேல்‌ பாவைக்குப்‌ பாவம்‌ செய்தேன்‌
ஏர்‌ வண்ண என்‌ பேதை என்‌ சொல்‌ கேளாள்‌
எம்‌ பெருமான்‌ திருவரங்கம்‌ எங்கே என்னும்‌
நீர்‌ வண்ணன்‌ நீர்‌ மலைக்கே போவேன்‌ என்னும்‌
இதுவன்றோ நிறை அழிந்தார்‌ நிற்குமாறே","kār vaṇṇam tirumēni kaṇṇum vāyum
kaittalamum aḍi iṇaiyum kamala vaṇṇam
pār vaṇṇa maḍa maṅgai pattar pittar
pani malar mēl pāvaikku ppāvam śeydēn
ēr vaṇṇa en pēdai en śol kēḻāḻ
em perumān tiruvaraṅgam eṅgē ennum
nīr vaṇṇan nīr malaikkē pōvēn ennum
iduvanṟō niṟai azindār niṟkumāṟē","The sacred body of the Lord is of the colour of clouds. His eyes, lips, palms and two feet are of the colour of lotuses. He is devoted to the ever-youthful Dame Earth, who shines in the worlds. He is infatuated by the Dame (Lakṣmī) on the cool lotus. I committed a sin (towards such a Lord). My daughter of lovely complexion does not heed my words. She says, ""Which way is the Lord's Śrīraṅgam?"" Again, she says, ""I will go to Tirunīrmalai of Lord Nīrvaṇṇan (the name of the Lord there)."" Is this not the fate of those who disregard their feminine dignity?","In the previous pāsuram, the mother attempted to counsel the heroine, telling her that such conduct was not in keeping with the traditions and dignity of their family. However, the heroine remains unmoved by these arguments. Far from moderating her behaviour, she becomes even more determined in her pursuit of the Lord. In this pāsuram, her longing intensifies to the point that she resolves to go personally to Śrīraṅgam and Tirunīrmalai in search of Him.

Observing this, the mother begins to regret her earlier advice. She realizes that she had committed a grave mistake by attempting to restrain a devotion that was directed towards the highest possible goal. What she had viewed as excessive behaviour now appears to her as the natural expression of an exalted spiritual state. Instead of correcting her daughter, she now understands that the fault lay in her own inability to appreciate the greatness of that devotion.

As explained in the introduction to *Periya Tirumoḻi*, the Lord revealed the essential nature of the soul, namely its eternal subservience to Him, simply through the manifestation of His incomparable beauty. Without elaborate instruction, the splendour of His divine form itself awakened in Āḻvār the realization of his true nature and purpose. In the present pāsuram, the Lord once again displays that same beauty, reminding Āḻvār of his ultimate goal (*puruṣārtha*), which is to attain His divine feet and render eternal service there.

The service envisioned by Āḻvār is not motivated by personal gain or self-interest. Rather, it is identical to the service rendered by the Lord's own divine consorts, Śrī and Bhū Devī. It is selfless, loving, and entirely centred upon the Lord's pleasure. Realizing that her daughter aspires to such a lofty ideal, the mother ceases to be embarrassed by her behaviour and instead becomes proud of her devotion.

The scriptures speak of various human goals (*puruṣārthas*), including prosperity, righteous living (*dharma*), social order, and the preservation of personal and familial honour. These are all valid pursuits within worldly life and have their own place in the scriptural scheme. The mother's earlier advice was rooted in concern for such lower-order goals, particularly family reputation and feminine dignity.

Yet the heroine has transcended these concerns. Her aspiration is directed solely towards the highest *puruṣārtha*, namely eternal service to Bhagavān in His presence, culminating in the bliss of Mokṣa. In comparison with this supreme goal, all other attainments appear secondary. Recognizing this truth, the mother comes to appreciate the greatness of her daughter's devotion and the exalted destination towards which it is directed.",Tirumaṅgai Āḻvār,"Śrī Raṅganātha,Nīrvanna Perumāḷ",,"Viraha,Śṛṅgāra",1.18,Tirunēṭuntāṇṭakam
36,29,"முற்றாரா வன முலையாள்‌ பாவைஃ
மாயன்‌ மொய்‌ அகலத்துள்‌ இருப்பாள்‌ அஃதும்‌ கண்டும்‌ அற்றாள்‌
தன்‌ நிறை அழிந்தாள்‌ ஆவிக்கின்றாள்‌
அணி அரங்கம்‌ ஆடுதுமோ தோழீ ! என்னும்‌
பெற்றேன்‌ வாய்ச்‌ சொல்‌ இறையும்‌ பேசக்‌ கேளாள்‌
பேர்‌ பாடித்‌ தண்‌ குடந்தை நகரும்‌ பாடி
பொற்றாமரைக்‌ கயம்‌ நீராடப்‌ போனாள்‌
பொருவற்றாள்‌ என்‌ மகள்‌ உம்‌ பொன்னும்‌ அஃதே","muṭrārā vana mulaiyāḻ pāvai
māyan moy agalattuḻ iruppāḻ agtum kaṇḍum aṭrāḻ
tan niṟai azindāḻ āvikkinṟāḻ
aṇi araṅgam āḍudumō tōzī ! ennum
peṭrēn vāy ccol iṟaiyum pēśa kkēḻāḻ
pēr pāḍi ttaṇ kuḍandai nagarum pāḍi
poṭrāmarai kkayam nīrāḍa ppōnāḻ
poruvaṭrāḻ en magaḻ um ponnum agtē","Even after seeing the Dame (Lakṣmī), with lovely breasts yet not fully developed, on the lovely chest of the Wondrous Lord, she laments, loses her decorum and sighs deep. She says, ""Friends, shall we go prancing to lovely Śrīraṅgam?"" She, begotten of me, does not listen to words spoken by me in the least. Eulogizing Tiruppēr and the cool town of Tirukkuḍandai, she has gone to plunge herself in the lovely lotus pond (to be in union with the Lord). My daughter has severed my company. Is your daughter also like this?","In the previous pāsuram, the heroine became so overwhelmed by her longing for the Lord that she cast aside all concern for feminine dignity and openly asked for directions to His abode. Having reached a state where worldly conventions no longer restrained her, she was determined to seek Him regardless of social expectations or personal reputation.

Anticipating the questions of the women and companions around her, the mother explains her position. They may well ask whether she had not warned her daughter that the Lord, being inseparably united with Mahālakṣmī and absorbed in Her divine charms, would not pay attention to another maiden seeking His affection. The mother replies that she did indeed offer such advice and attempted to dissuade her daughter. However, despite all her efforts, the heroine remained resolute and proceeded towards the Lord without heeding those warnings.

The expression *""umpoṇṇum anṭē""* carries the sense, ""Is your daughter also like this?"" Through these words, the mother turns to the women around her and wonders whether their daughters too exhibit such overwhelming devotion and disregard for worldly considerations when it comes to the Lord. The statement is both an expression of astonishment and an acknowledgment of the extraordinary nature of the heroine's love.

A deeper theological significance is also present here. Tirumaṅgai Āḻvār exhibits an exceptionally intimate identification of the Arcāvatāra with the transcendent Lord Himself. For him, the deity residing in the temple is not merely a representation or accessible manifestation of the Supreme; it is the very same Lord of Paramapada, complete with all His divine qualities, majesty, and grace. Consequently, the heroine's longing for the Arcā form is no different from longing for the Supreme Lord Himself.

This intense identification distinguishes Tirumaṅgai Āḻvār's devotional experience. Therefore, the mother's question may also be understood in a broader sense. Looking at the companions around her, she wonders whether their daughters, representing the experiences of the other Āḻvārs, have likewise become so completely captivated by the Arcāvatāra that they perceive no distinction between the Lord enshrined in the temple and the transcendent Lord of Vaikuṇṭha.

Thus, the pāsuram highlights both the irresistible attraction of the Lord's Arcā form and the extraordinary depth of Āḻvār's devotion. The heroine's actions, though appearing unconventional from a worldly perspective, arise from a vision in which the Lord of the temple and the Lord of the highest abode are one and the same, worthy of complete surrender and unwavering pursuit.",Tirumaṅgai Āḻvār,"Śrī Raṅganātha,Appakkudathān Perumāḷ,Śārṅgapāṇi Perumāḷ",,"Viraha,Śṛṅgāra",1.19,Tirunēṭuntāṇṭakam
37,30,"தேராளும்‌ வாள்‌ அரக்கன்‌ செல்வம்‌ மாளத்‌
தென்‌ இலங்கை முன்‌ மலங்கச்‌ செந்தீ ஒல்கி
போராளன்‌ ஆயிரந்‌ தோள்‌ வாணன்‌ மாளப்‌
பொரு கடலை அரண்‌ கடந்து புக்கு மிக்க பாராளன்‌
பார்‌ இடந்து பாரை உண்டு பார்‌ உமிழ்ந்து பார்‌ அளந்து
பாரை ஆண்ட பேராளன்‌
பேர்‌ ஓதும்‌ பெண்ணை மண்மேல்‌
பெருந்‌ தவத்தள்‌ என்றல்லால்‌ பேசலாமே ","tērāḻum vāḻ arakkan śelvam māḻa\
ten ilaṅgai mun malaṅga ccendī olgi\
pōrāḻan āyiran tōḻ vāṇan māḻa\
poru kaḍalai araṇ kaḍandu pukku mikka pārāḻan\
pār iḍandu pārai uṇḍu pār umizndu pār aḻandu\
pārai āṇḍa pērāḻan\
pēr ōdum peṇṇai maṇmēl\
perun tavattaḻ enṟallāl pēśalāmē","Can it be said about this girl anything other than that she is a Nityasūri come on this earth who can eulogize the Lord of great glories, such as His destroying (through Hanumān) by virulent fire the bewildered Laṅkā in the south in the presence of Sītā thereby destroying the sword-wielding Rāvaṇa the famed charioteer, His excellence in breaking into the fortress in the turbulent sea and going to cut the thousand arms of the fight-worthy Bāṇa, and His mastery of the worlds by pulling out (as Varāha), swallowing (in pralaya), bringing forth (in creation), striding (as Trivikrama) and protecting (as Viṣṇu of the Trinity)","After repeatedly offering advice that proved futile, the mother now undergoes a change of heart. She no longer views her daughter's conduct as excessive or inappropriate. Instead, she begins to recognize how extraordinarily fortunate the heroine is. The devotion that once appeared to her as a cause for concern is now understood to be a rare and exalted blessing. The heroine's heart is so completely absorbed in Bhagavān that she aspires not merely for His presence, but for the privilege of serving Him in the manner of His own divine consorts.

The mother realizes that such an aspiration is not born of ordinary desire but of the highest form of devotion. To seek the Lord with the same exclusiveness, intimacy, and selfless dedication displayed by Śrī and Bhū Devī is the mark of a soul that has fully awakened to its true nature. Far from being ashamed of her daughter, the mother now regards her with admiration and reverence.

At this stage, the heroine has effectively passed beyond the protective care of her earthly guardians. The mother understands that she can no longer provide what her daughter truly seeks. Neither family affection, social customs, nor worldly comforts can satisfy a heart that longs exclusively for Bhagavān. Having outgrown all lesser forms of dependence, the heroine now seeks refuge in the Lord alone.",Tirumaṅgai Āḻvār,,"Śrī Kṛṣṇa,Vāmana-Trivikrama,Śrī Rāma",Parākrama Anubhavam,1.20.,Tirunēṭuntāṇṭakam
38,31,"மை வண்ண நறுங்குஞ்சிக்‌ குழல்‌ பின்‌ தாழ
மகரம்‌ சேர்‌ குழை இரு பாடிலங்கி ஆட
எய்‌ வண்ண வெஞ்சிலையே துணையா
இங்கே இருவராய்‌ வந்தார்‌ என்‌ முன்னே நின்றார்‌
கை வண்ணம்‌ தாமரை வாய்‌ கமலம்‌ போலும்‌
கண்‌ இணையும்‌ அரவிந்தம்‌ அடியும்‌ அஃதே
அவ்‌ வண்ணத்தவர்‌ நிலைமை கண்டும்‌ தோழீ !
அவரை நாம்‌ தேவர்‌ என்றஞ்சினோமே !","mai vaṇṇa naṟuṅguñji kkuzal pin tāza
magaram śēr kuzai iru pāḍilaṅgi āḍa
ey vaṇṇa veñjilaiyē tuṇaiyā
ṅgē iruvarāy vandār en munnē ninṟār
kai vaṇṇam tāmarai vāy kamalam pōlum
kaṇ iṇaiyum aravindam aḍiyum agtē 
av vaṇṇattavar nilaimai kaṇḍum tōzī !
 avarai nām tēvar enṟañjinōmē !","He came to this very place accompanied by Lakṣmaṇa and he stood before me. My dear Friend! His curly hair, black like collyrium and exuding fragrance, was flowing down at the back in strands. The shark-crocodile shaped ear ornaments were dangling sparkingly on both his sides. He had with Him the fiery bow ready to shoot. Palms were of the hue of lotuses. The lips were like lotus buds. The two eyes were like lotuses. The feet were also like lotus flowers. Even after seeing the nature of such a charming person, we were frightened that He might be an inaccessible Ishwara!
","Tirumaṅgai Āḻvār is utterly captivated by the svarūpa of Bhagavān, especially in the divine form of Śrī Rāmacandra. In this pāsuram, Āḻvār assumes the mood of Parakāla Nāyaki and narrates her experience to her companion. She describes how the divine brothers, Śrī Rāma and Lakṣmaṇa, are approaching her. The curly locks of Rāma's hair sway gracefully as He walks, a sight capable of enchanting even the Gandharvas and Apsaras. His Makara-kuṇḍalas swing gently on either side of His face, as though proclaiming, ""Behold! He is the Supreme Being. He is the Puruṣārtha, the ultimate goal of our lives."" In His hands rests a radiant bow, blazing with power and ever ready to destroy the Asuras and Daityas who oppose righteousness.

His eyes are especially captivating. Soft and expansive like the petals of a freshly blossomed lotus, they possess the power to attract and overwhelm even the most composed observer with divine ecstasy. Āḻvār praises those lotus eyes, *Aravinda-nayana*, in the same manner as the Purāṇas glorify them. His lips are tender and beautiful, resembling newly blossomed lotus buds. The two youthful brothers radiate extraordinary beauty and divine splendour. Though they appear outwardly as human princes, their attire, bearing, and effulgence unmistakably reveal that they transcend the realm of ordinary creation. Their very presence proclaims that they are beyond anything fashioned by Brahmā. The lotus-like feet of Rāma, which constitute the supreme goal of human existence, further reveal His true nature.

As Parakāla Nāyaki contemplates these features, she gradually realizes that these are no ordinary men. The recognition dawns upon her that the Supreme Lord Himself, the Īśvara who governs all existence, is walking towards her. At that moment, Āḻvār is overcome with awe and wonder. For an instant, he is struck by the realization that this divine person, who remains inaccessible even to Brahmā and Rudra, has nevertheless chosen to reveal Himself directly to him.

The beauty of this pāsuram lies in the harmonious blending of two profound divine qualities: *Sauśīlyam* and *Saulabhyam*. Sauśīlyam is the Lord's supreme majesty, by which the Sovereign of all worlds remains ever exalted, while Saulabhyam is His extraordinary accessibility, by which He makes Himself available to His devotees. Āḻvār experiences both simultaneously in the person of Śrī Rāma. Throughout His earthly life, Rāma identified Himself simply as Dāśarathi, the son of Daśaratha. Yet He was far more than an ideal human prince; He was Īśvara Himself, concealed beneath the appearance of humanity. He displayed unparalleled accessibility to devotees such as Hanumān and Vibhīṣaṇa, while revealing His sovereign majesty through the destruction of Rāvaṇa and the restoration of dharma.

Āḻvār's genius lies in presenting these two qualities together. Just as milk and honey, when blended, produce a sweetness greater than either possesses individually, the simultaneous experience of Saulabhyam and Sauśīlyam creates a devotional rasa of incomparable beauty. By portraying the Lord as both the approachable companion of His devotees and the majestic ruler of the universe, Tirumaṅgai Āḻvār serves a feast of divine experience. Through this exquisite combination, he enables devotees to relish the fullness of Bhagavān's nature, making this pāsuram a remarkable celebration of both His intimacy and His transcendence.",Tirumaṅgai Āḻvār,,Śrī Rāma,"Tirumēni Anubhavam,Paratattva Anubhavam",1.21,Tirunēṭuntāṇṭakam
39,32,"நைவளம்‌ ஒன்றாராயா நம்மை நோக்கா,
நாணினார்‌ போல்‌ இறையே நயங்கள்‌ பின்னும்‌
செய்வளவில்‌ என்‌ மனமும்‌ கண்ணும்‌ ஓடி
எம்‌ பெருமான்‌ திருவடிக்கீழ்‌ அணைய
இப்பால்‌ கைவளையும்‌ மேகலையும்‌ காணேன்‌
கண்டேன்‌ கன மகரக்‌ குழை இரண்டும்‌ நான்கு தோளும்‌
எவ்வளவுண்டெம்‌ பெருமான்‌ கோயில்‌ என்றேற்கு
இது அன்றோ எழில்‌ ஆலி என்றார்‌ தாமே","naivaḻam onṟārāyā nammai nōkkā
nāṇinār pōl iṟaiyē nayaṅgaḻ pinnum
śeyvaḻavil en manamum kaṇṇum ōḍi
 em perumān tiruvaḍikkīz aṇaiy
 ippāl kaivaḻaiyum mēgalaiyum kāṇēn
 kaṇḍēn kana magara kkuzai iraṇḍum nāngu tōḻum
 evvaḻavuṇḍem perumān kōyil enṟēṟku
 idu anṟō ezil āli enṟār tāmē","He sang in the unique rāga ""Naivalam"" and also made a few (suggestive) gestures pretending shyness to see me in my face. By then, my mind and eyes went out to rest at the feet of the Lord (I lost control over them to Him). I could no longer see (be aware of) my bangles and waist-belt. I could only see His prominent ear-ornaments and the four arms. When I asked Him ""How far is my Lord's residence?"", He said, ""Is this not the lovely Tiruvaḻi?""","Parakāla Nāyaki realizes that the Lord has not come before her to display His supremacy or divine majesty, but rather to claim His beloved, namely herself. As she beholds Him, she is reminded of Kṛṣṇāvatāra, when He captivated the hearts of the Gopīs through the enchanting music of His flute. Now, before her very eyes, He stands singing in the Naivaḻam rāga. The unique quality of this rāga is that it profoundly stirs the hearts of both the singer and the listener. Such music should have completely overwhelmed her and driven her into ecstatic longing for the Lord. Yet, remembering the words of caution spoken by her mother, she strives to maintain control over her thoughts and senses.

The Lord, however, does not cease His efforts. Though He is *Svatantran*, absolutely independent and subject to none, He begins to offer subtle hints of His affection. In His divine playfulness, He even appears bashful, turning His gaze towards the sky as though concealing the advances He is making towards her. Through these gentle gestures, the Lord gradually melts the resistance that Parakāla Nāyaki had attempted to maintain.

At last, her composure completely dissolves. The notions of ""I"" and ""mine"" vanish from her mind. Her individuality is overwhelmed by the force of divine love, and she becomes incapable of bearing separation from Him any longer. Having lost all attachment to herself and everything connected with her, she longs only for union with the Lord.

Unable to contain her yearning, she asks Him where He resides. Her question is not motivated merely by curiosity. She knows that wherever the Lord chooses to dwell becomes sanctified by the presence of His devotees, and therefore His abode itself becomes an object of longing. The place where He resides is naturally filled with Bhāgavatas, divine service, and the constant celebration of His glories.

As the Lord begins to enumerate His various abodes, extending even to the supreme realm of Paramapada, Parakāla Nāyaki listens with intense eagerness. Yet her heart is fixed upon one sacred place in particular. Therefore, interrupting His description, she asks anxiously, ""Is Tiruvāli among them?"" Her question reveals the depth of her attachment to that Divya Deśam, for to her, any place associated with the Lord becomes infinitely precious. More importantly, it reflects her desire to remain wherever He is present, whether in this world or beyond it.

Thus, the pāsuram beautifully portrays the gradual dissolution of the soul's individuality in the presence of Bhagavān. The Lord's sweetness, accessibility, and loving initiative draw Parakāla Nāyaki beyond all self-awareness until her sole concern becomes the place where He resides and the opportunity to remain forever in His presence.",Tirumaṅgai Āḻvār,Śrī Raṅganātha,Śrī Kṛṣṇa,"Śṛṅgāra,Tirumēni Anubhavam,Viraha",1.22,Tirunēṭuntāṇṭakam
40,33,"உள்‌ ஊரும்‌ சிந்தை நோய்‌ எனக்கே தந்து
என்‌ ஒளி வளையும்‌ மா நிறமும்‌ கொண்டார்‌ இங்கே
தெள்‌ ஊரும்‌ இளந்‌ தெங்கின்‌ தேறல்‌ மாந்திச்‌
சேல்‌ உகளும்‌ திருவரங்கம்‌ நம்‌ ஊர்‌ என்ற
கள்‌ ஊரும்‌ பைந்‌ துழாய்‌ மாலை யானைக்‌
கனவிடத்தில்‌ யான்‌ காண்பன்‌ கண்ட போது
புள்‌ ஊரும்‌ கள்வா நீ போகேல்‌ என்பன்‌
என்றாலும்‌ இது நமக்கோர்‌ புலவி தானே","uḻ ūrum śindai nōy enakkē tandu
en oḻi vaḻaiyum mā niṟamum koṇḍār iṅgē
teḻ ūrum iḻan teṅgin tēṟal māndi
śēl ugaḻum tiruvaraṅgam nam ūr enṟa
kaḻ ūrum pain tuzāy mālai yānai
 kanaviḍattil yān kāṇban kaṇḍa pōdu
puḻ ūrum kaḻvā nī pōgēl enban
enṟālum idu namakkōr pulavi tānē","He took away, right here, my bright bangles and lovely complexion, having given me exclusively a deep-rooted mental agony. I will see in my dream, the Lord with the garland of fresh tulasī dripping honey who said that His residence was Śrīraṅgam- where fishes are intoxicated by the toddy from tender coconuts with clear water. At that time, I will tell Him, ""You deceitful Lord riding Garuḍa! Do not go away from me."" Even then, indeed! this (existence in this world) is a distressing feature to us.","Continuing from the previous pāsuram, the Lord, seated upon Vinateya (Garuḍa), prepares to depart, assuring Parakāla Nāyaki that they will meet again at Śrīraṅgam. Yet, alas, Parakāla Nāyaki is unable to bear even a moment of separation from Bhagavān. He had come before her, captivated her heart, claimed her mind, and now was departing. Having once experienced His presence, she finds it impossible to remain apart from Him. Such is the condition of a true Prapanna. Bhagavān is everything to those who have surrendered unto Him. He is their refuge, their protector, their wealth, their goal, and their very life.

Overwhelmed by the pain of separation, Parakāla Nāyaki longs to call out to Him and plead with Him not to depart upon Garuḍa. She wishes to beg Him to remain with her, unable to endure the thought of His leaving. Yet, at that very moment, a profound realization dawns upon her.

She recognizes the harsh reality of existence within saṁsāra. The bound souls (*baddhātmās*) remain trapped within the endless cycle of birth and death because of their accumulated karma. This karma acts like a dense cloud, obscuring the vision of the Supreme Lord and preventing the soul from constantly experiencing His presence. Even when Bhagavān reveals Himself through His grace, the limitations imposed by embodied existence continue to subject the soul to periods of separation and longing.

Parakāla Nāyaki therefore understands that, so long as one remains within saṁsāra, the pain of separation cannot be entirely avoided. Until the soul is liberated from the bondage of karma and attains Paramapada, it must endure the alternating experiences of union and separation. The devotee is left with no choice but to bear this suffering while continuing to depend upon the Lord's grace.

Reflecting upon this truth, she arrives at a deeper appreciation of the fortune enjoyed by the Nityasūris. Unlike the bound souls of this world, the Nityasūris dwell eternally in the presence of Nārāyaṇa. They never experience separation, forgetfulness, or obstruction caused by karma. Their service to the Lord is uninterrupted, their vision of Him is constant, and their bliss is everlasting.

Thus, the pāsuram concludes with a poignant contrast between the condition of the bound soul and that of the liberated and eternal servants of the Lord. Parakāla Nāyaki's sorrow arises from the realization that she must still endure the limitations of saṁsāra, while her aspiration remains fixed upon the state of the Nityasūris, who forever enjoy the unbroken company of Nārāyaṇa and render eternal service at His divine feet.",Tirumaṅgai Āḻvār,Śrī Raṅganātha,,"Śṛṅgāra,Viraha",1.23,Tirunēṭuntāṇṭakam
41,34,"இரு கையில்‌ சங்கிவை நில்லா எல்லே பாவம்‌ !
இலங்கொலி நீர்‌ பெரும்‌ பெளவம்‌ மண்டி உண்ட
பெரு வயிற்ற ௧௬ முகிலே ஒப்பர்‌ வண்ணம்‌
பெருந்‌ தவத்தர்‌ அருந்‌ தவத்து முனிவர்‌ சூழ
ஒரு கையில்‌ சங்கொரு கை மற்றாழி ஏந்தி
உலகுண்ட பெரு வாயர்‌ இங்கே வந்து","iru kaiyil śaṅgivai nillā ellē pāvam !
ilaṅgoli nīr perum pauvam maṇḍi uṇḍa
peru vayiṭra karu mugilē oppar vaṇṇam
perun tavattar arun tavattu munivar śūza
oru kaiyil śaṅgoru kai maṭrāzi ēndi
ulaguṇḍa peru vāyar iṅgē vandu
en poru kayaṟ kaṇ nīr arumba ppulavi tandu
punal araṅgam ūr enṟu pōyinārē !","The Lord with huge mouth which swallowed the worlds (in pralaya) came right here, made me distressed shedding tears from my eyes which are like two fishes fighting, and went away saying that His place is water-rich Śrīraṅgam. He was like dark cloud (with lightning and thunder) richly laden with water sucked up to the grains of sand beneath from the mighty sea. He had the Conch in one hand and the Discus in the other hand and was surrounded by Nityasūris, and servents. Alas! My sins! Now my bangles do not stay in place in my two hands!","Āḻvār continues to express the agony of separation in this pāsuram. As Bhagavān prepares to depart, Āḻvār is unable to withstand the pain of being separated from Him. Overwhelmed by grief, Parakāla Nāyaki begins to shed tears incessantly. The very sight of the Lord's divine form, capable of enchanting all beings, only deepens the intensity of her longing. The more she beholds His beauty, the more unbearable His departure becomes.

Āḻvār describes the Lord as resembling a dark rain-bearing cloud appearing in the night sky. Upon that dark form shines a brilliant radiance, just as lightning illuminates a cloud. This description closely echoes the imagery of the Nārāyaṇa Sūktam: *""nī̠latō̍yada̍madhya̠sthā̠dvi̠dyullē̍khēva̠ bhāsva̍rā""*. The Lord possesses the deep hue of a dark cloud, often described as *Kṛṣṇa-piṅgalam*, while the golden splendour that shines upon Him is identified with Mahālakṣmī, who eternally resides upon His chest and is never separated from Him. Thus, the divine form manifests both majesty and tenderness through the inseparable presence of the Divine Couple.

The Lord's hands are adorned with the great Pāñcajanya conch and the Sudarśana Cakra. Yet, in Āḻvār's vision, these are not merely weapons intended for the destruction of evil. They appear as beautiful ornaments enhancing the splendour of His divine form. Everything associated with Him becomes an object of beauty and delight to the devotee. Around Him stand the Ṛṣis, Nityasūris, and Muktātmas, all engaged in His service and glorification.

Āḻvār beholds an extraordinary scene. The dark cloud-hued Lord is seated upon Garuḍa, surrounded by the eternal servants of Paramapada. The vision recalls the declaration of the Viṣṇu Sūkta: *""tad viṣṇoḥ paramaṃ padaṃ sadā paśyanti sūrayaḥ""*—the enlightened ones eternally behold the supreme abode of Viṣṇu. The Lord is praised on all sides by the Nityasūris, whose eyes never tire of beholding Him and whose service never ceases. Witnessing such a vision, Āḻvār loses all awareness of himself. His heart becomes completely absorbed in Bhagavān, and his devotion rises to an even greater intensity.

Yet, with that intensification of devotion comes an equally intense experience of separation. The closer the devotee comes to Bhagavān, the more painful even a moment of separation becomes. Thus, the very vision that fills Āḻvār with ecstasy also becomes the source of profound anguish when the Lord prepares to depart.

The Lord who once swallowed the entire universe during Mahāpralaya, holding all existence within Himself, now turns to Āḻvār and declares that His abode is Śrīraṅgam. Having revealed His beauty, majesty, and accessibility, He then ascends upon Garuḍa and departs. Left behind, Āḻvār is consumed by longing. The Lord's departure transforms the joy of divine vision into the pain of separation, making this pāsuram a powerful expression of the paradox of supreme bhakti, where the experience of the Lord simultaneously grants the highest bliss and the deepest yearning.",Tirumaṅgai Āḻvār,Śrī Raṅganātha,,"Śṛṅgāra,Viraha",1.24,Tirunēṭuntāṇṭakam
42,35,"மின்‌ இலங்கு திரு உருவும்‌ பெரிய தோளும்‌
கரி முனிந்த கைத்தலமும்‌ கண்ணும்‌ வாயும்‌
தன்‌ அலர்ந்த நறுந்‌ துழாய்‌ மலரின்‌ கீழேஃ
தாழ்ந்திலங்கும்‌ மகரம்‌ சேர்‌ குழையும்‌ காட்டி
என்‌ நலனும்‌ என்‌ நிறையும்‌ என்‌ சிந்தையும்‌
என்‌ வளையும்‌ கொண்டென்னை ஆளும்‌ கொண்டு
பொன்‌ அலர்ந்த நறுஞ்செருந்திப்‌ பொழிலின்‌ ஊடே
புனல்‌ அரங்கம்‌ ஊர்‌ என்று போயினாரே !","min ilaṅgu tiru uruvum periya tōḻum
kari muninda kaittalamum kaṇṇum vāyum
tan alarnda naṟun tuzāy malarin kīzē
tāzndilaṅgum magaram śēr kuzaiyum kāṭṭi
en nalanum en niṟaiyum en śindaiyum
en vaḻaiyum koṇḍennai āḻum koṇḍu
pon alarnda naṟuñjerundi ppozilin ūḍē
punal araṅgam ūr enṟu pōyinārē !","Displaying His sacred form sparkling like lightning, His broad arms, palms which subdued the elephant (Kuvalayāpīḍa), eyes, lips and matching ear-ornaments hanging low and sparkling below the garland of tulasī exuding fragrance of its own, He not only took away my character, my femininity, my mind and my bangles, but also made me His vassal and went away saying that His residence was Śrīraṅgam with copious water and groves exuding fragrance from the blossoming golden-coloured ceruṇḍi flowers.","As Bhagavān continues to depart, Parākāla Nāyaki repeatedly expresses the anguish of separation. The vision of the Lord remains vividly before her eyes, making His absence even more unbearable. He had descended before her, revealing Himself in all His splendour, with an effulgence shining like a flash of lightning. Having once beheld such beauty, she finds herself unable to endure the thought of being separated from Him.

She recalls His broad shoulders and powerful arms, the very arms with which He subdued the mighty elephant Kuvalayāpīḍa during His Kṛṣṇāvatāra. Yet, alongside this display of strength, she remembers the extraordinary tenderness of His form. His eyes and lips are soft and delicate like freshly blossomed lotus petals, capable of melting even the hardest of hearts. His Makara-kuṇḍalas sway gracefully as He moves, adding to the charm of His appearance. The divine fragrance emanating from His person mingles with the sweet scent of the tulasī garland adorning Him, enchanting all who come near. Faced with such an irresistibly beautiful form, Parākāla Nāyaki wonders how anyone could possibly remain apart from Him.

Overcome with emotion, she questions the Lord Himself. Why should He move away from her when He was the very one who had stolen her heart? He had come to her uninvited, captivated her mind, and drawn all her thoughts towards Himself. Having awakened such love within her, how could He now depart and leave her behind?

Āḻvār illustrates this sentiment through a striking analogy. It is as though a clever robber enters a house, distracts the children with attractive toys, gathers all the valuables, and then even persuades the householder himself to carry away the stolen goods. In the same manner, the Lord entered her heart, captivated her through His beauty and grace, took possession of her mind, thoughts, and affections, and then departed, leaving her utterly helpless.

Yet, as her emotions settle, Parākāla Nāyaki arrives at a deeper realization. After all, she belongs exclusively to Bhagavān. The soul is His possession by its very nature. If He chooses to claim her mind, her heart, and her very self, He is merely taking what already belongs to Him. Therefore, she cannot truly accuse Him of theft, for the owner cannot steal his own property. Recognizing this truth, her complaint gradually transforms into loving acceptance.

Remembering His final words, she takes comfort in the promise He had given her. He had assured her that they would meet again at the sacred island embraced by the waters of the Kāveri, namely Śrīraṅgam. Thus, even amidst the pain of separation, Parākāla Nāyaki finds a measure of solace in the hope of reunion. Her thoughts turn towards Śrīraṅgam, where the Lord awaits, and where the anguish of separation will ultimately be resolved through the joy of His presence.",Tirumaṅgai Āḻvār,Śrī Raṅganātha,Śrī Kṛṣṇa,"Śṛṅgāra,Viraha",1.25,Tirunēṭuntāṇṭakam
43,36,"தே மருவு பொழில்‌ இடத்து மலர்ந்த போதைத்‌
தேன்‌ அதனை வாய்‌ மடுத்துன்‌ பெடையும்‌ நீயும்‌
பூ மருவி இனிதமர்ந்து பொறியில்‌ ஆர்ந்த
அறு கால சிறு வண்டே ! தொழுதேன்‌ உன்னை
ஆ மருவி நிரை மேய்த்த அமரர்‌ கோமான்‌
அணி அழுந்தூர்‌ நின்றானுக்கின்றே சென்று
நீ மருவி அஞ்சாதே நின்றோர்‌ மாது
நின்‌ நயந்‌ தாள்‌ என்றிறையே இயம்பிக்‌ காணே","tē maruvu pozil iḍattu malarnda pōdai
tēn adanai vāy maḍuttun peḍaiyum nīyum
pū maruvi inidamarndu poṟiyil ārnda
aṟu kāla śiṟu vaṇḍē ! tozudēn unnai
ā maruvi nirai mēytta amarar kōmān
aṇi azundūr ninṟānukkinṟē śenṟu
nī maruvi añjādē ninṟōr mādu
nin nayan tāḻ enṟiṟaiyē iyambi kkāṇē","Six-footed little bee staying happily on the flower, supremely contented, along with your female companion putting into each other's mouth the honey at the time of blossoming in the honey-rich flower garden! I prostrate to you. Go right today to the Lord (Amaruviyappan) staying at lovely Aḷundūr, the Lord of the Nityasūris and the Lord who mixed with the cows and grazed them, and see that you speak a word that a certain dame is desiring Him.","The heroine had experienced immense joy during her union with the Lord. After He departed, the companions who had been guarding the entrance approached her and eagerly questioned her about the encounter. They wished to know how the Lord appeared and what He had spoken to her. The heroine answered these questions in the earlier pāsurams, describing His incomparable beauty, divine splendour, and the words He had spoken. She then explained that Garuḍa, eager to serve his Master, hastened the Lord's departure and carried Him away before she could fully enjoy His presence.

When the companions asked why she had not requested Him to remain with her, the heroine explained that He was surrounded on all sides by the Nityasūris. In the midst of that glorious assembly, she found no opportunity to speak freely to Him. Later, she described how the Lord overwhelmed her by revealing His majestic splendour, captivated her completely, took possession of her heart, and reduced her to His willing servant. Having recounted all these events, neither the companions nor the heroine have anything further to discuss. The exhilaration of union gives way to the heaviness of separation, and a profound sense of despondency settles upon her.

Reflecting upon the earlier conversation, the heroine arrives at a new resolution. Since she can no longer speak to the Lord directly, she decides to send an emissary to convey her message of longing. Yet the question immediately arises: whom should she choose for such a delicate mission? The scriptures provide examples that caution against relying merely upon intelligence or eloquence. Kṛṣṇa Himself went as a messenger to the court of Duryodhana, yet His mission did not avert the great war. By contrast, Hanumān, though only a monkey in outward appearance, successfully fulfilled his mission and brought hope to Sītā in her distress. Thus, success in divine service depends not merely upon ability but upon fitness for the task and the Lord's grace.

As she contemplates this, her attention falls upon a bee happily sporting with its mate among the flowers of the garden. Seeing it immersed in delight, she chooses it as her messenger. She praises the bee and entreats it to carry her message to the Lord. In the traditional interpretation, the bee assumes the role of an Ācārya, whose sacred function is to unite the soul with Bhagavān. Just as the Ācārya carries the yearning soul towards its divine destination, the bee is asked to serve as the intermediary between the heroine and her beloved Lord.

Addressing it as the ""six-footed one,"" the heroine employs a term that is rich in symbolic meaning. While bees naturally possess six legs, the commentators discern a deeper significance. Śrī Parāśara Bhaṭṭar beautifully explains that the three pairs of feet symbolize the feet of the Ācārya, his wife, and his son, all of whom deserve reverence. Once the bee successfully accomplishes its mission, the heroine imagines placing those sacred feet upon her head and rejoicing in gratitude.

A further question arises. The Lord had already told the heroine that His abode was at Śrīraṅgam. Why then does she ask the bee to seek Him at Aḻundūr? The commentators offer a charming explanation. The heroine assumes that the Lord would have reached Śrīraṅgam, but upon arriving there, He would have found even that glorious abode devoid of joy without the presence of a true devotee such as herself. Unable to bear the separation any more than she can, He would already have begun His journey back towards her. Thus, she directs the bee to Aḻundūr, presuming that the Lord will be found there on His return.

The pāsuram therefore beautifully combines the themes of separation, longing, and the indispensable role of the Ācārya. Even amidst the sorrow of separation, the heroine remains sustained by hope, convinced that the Lord who captured her heart cannot remain content without reclaiming her and that the messenger she sends will ultimately bring about their reunion.",Tirumaṅgai Āḻvār,Devādi Rāja Perumāḷ,Śrī Kṛṣṇa,Soulabhyam,1.26,Tirunēṭuntāṇṭakam
44,37,"செங்கால மட நாராய்‌ ! இன்றே சென்று
திருக்‌ கண்ணபுரம்‌ புக்கென்‌ செங்கண்‌ மாலுக்கு
என்‌ காதல்‌ என்‌ துணைவர்க்குரைத்தி ஆகில்‌
இது ஒப்பதெமக்கின்பம்‌ இல்லை
நாளும்‌ பைங்கானம்‌ ஈதெல்லாம்‌ உனதே ஆகப்‌
பழன மீன்‌ கவர்ந்துண்ணத்‌ தருவன்‌
தந்தால்‌ இங்கே வந்தினிதிருந்துன்‌ பெடையும்‌ நீயும்‌
இரு நிலத்தில்‌ இனிதின்பம்‌ எய்தலாமே","śeṅgāla maḍa nārāy ! inṟē śenṟu
tiru kkaṇṇaburam pukken śeṅgaṇ mālukku
en kādal en tuṇaivarkkuraitti āgil
idu oppademakkinbam illai
nāḻum paiṅgānam īdellām unadē āga
pazana mīn kavarnduṇṇa ttaruvan
tandāl iṅgē vandinidirundun peḍaiyum nīyum
iru nilattil inidinbam eydalāmē","Red-footed young crane! There is nothing that pleases me more than that you start right today, reach Tirukaṇṇapuram and put in a word about my love to my life-companion, the red-eyed Lord who is captivated by His devotees. I will allow you to peck the fish in the tank forever, considering all of this verdant sea-shore as yours. Then you and your female companion can come and stay with pleasure. You can indeed attain supreme bliss attainable in both the worlds.","The impatience born of intense longing does not allow the heroine to wait for the outcome of the bee's mission. Separation from the Lord has made every moment feel like an age, and she finds herself unable to remain idle until the messenger returns. Such is the nature of divine love that even the slightest delay becomes unbearable to the devotee.

Consequently, when she notices a crane nearby, she immediately chooses it as yet another messenger and sends it to the Lord. Her action reflects the urgency of her condition. She is unwilling to rely upon a single emissary when her entire being longs for reunion with Bhagavān. The commentators compare this to Śrī Rāma's efforts during His search for Sītā. Not content with a single attempt, Rāma dispatched numerous groups of monkeys in different directions to ensure that every possibility was explored. In a similar manner, the heroine sends messenger after messenger, hoping that one of them will quickly bring her beloved Lord back to her.

The phrase *""Tirukaṇṇapuram pukku""* receives a particularly beautiful interpretation. Earlier, the heroine had sent the bee as her emissary to seek out the Lord. The commentators imagine that the bee would have successfully met the Lord halfway at Aḻundūr and conveyed the heroine's message. Upon hearing of her condition, the compassionate Lord would naturally begin His journey towards her.

Thus, when the heroine now speaks of Tirukaṇṇapuram, it is understood that the Lord and the bee-messenger are already travelling together on their way to meet her, passing through Tirukaṇṇapuram. The mention of that sacred place therefore arises from her hopeful anticipation that the Lord has already begun His return journey.

This interpretation beautifully reveals the confidence underlying the heroine's sorrow. Although outwardly she appears overwhelmed by separation, inwardly she remains convinced of the Lord's compassion. She believes that once He learns of her suffering, He cannot remain indifferent. Just as she cannot bear separation from Him, He too cannot remain unmoved by the distress of a devotee who belongs exclusively to Him.

The pāsuram therefore combines longing with hope. The heroine's decision to send the crane demonstrates the impatience of love, while her expectation that the Lord is already on His way reveals her unwavering faith in His mercy. Even in the midst of separation, her heart remains sustained by the conviction that Bhagavān will not abandon His devotee and that every messenger sent in search of Him ultimately hastens the moment of reunion.",Tirumaṅgai Āḻvār,Sowrirāja Nīlamegha Perumāḷ,,Viraha,1.27,Tirunēṭuntāṇṭakam
45,38,"தென்‌ இலங்கை அரண்‌ சிதறி அவுணன்‌ மாளச்‌
சென்றுலகம்‌ மூன்றினையும்‌ திரிந்தோர்‌ தேரால்‌
மன்‌ இலங்கு பாரதத்தை மாள ஊர்ந்த
வரை உருவின்‌ மா களிற்றைத்‌ தோழீ
என்தன்‌ பொன்‌ இலங்கு முலைக்‌ குவட்டில்‌ பூட்டிக்‌ கொண்டு
போகாமை வல்லேனாய்ப்‌ புலவி எய்தி
என்னில்‌ அங்கம்‌ எல்லாம்‌ வந்தின்பம்‌ எய்த
எப்பொழுதும்‌ நினைந்துருகி இருப்பன்‌ நானே","ten ilaṅgai araṇ śidaṟi avuṇan māḻa\
śenṟulagam mūnṟinaiyum tirindōr tērāl\
man ilaṅgu pāradattai māḻa ūrnda\
varai uruvin mā kaḻiṭrai ttōzī\
endan pon ilaṅgu mulai kkuvaṭṭil pūṭṭi kkoṇḍu\
pōgāmai vallēnāy ppulavi eydi\
ennil aṅgam ellām vandinbam eyda\
eppozudum ninaindurugi iruppan nānē","I will be ever languishing by thinking that I would be enabled to bind Him between the mounds of my pale breasts making Him feel sorry and not capable of escaping, the Elephant, huge like a mountain, who shattered the ramparts of southern Laṅkā so as to destroy Rāvaṇa, who trod on the three worlds, and who steered the chariot to destruction in the Bhārata war fought by the famed chiefs, so as to make my limbs gratified.","In the two preceding pāsurams, the heroine sent messengers to the Lord, hoping to convey the depth of her longing. Various auspicious signs seemed to indicate that the Lord would respond favorably and come to her. Yet, as she reflected further, a troubling thought arose in her mind. Even if the Lord were to come and grant her the joy of union, would it not eventually be followed by another separation? Having already experienced the unbearable pain of parting from Him, she feared that any future union might only lead to renewed sorrow. Consequently, she resolved that when He came, she would not respond to His advances as before. Instead, she would end her life in His presence and thereby put an end to the endless cycle of union and separation.

Though these thoughts remained hidden within her heart, their effects became visible to those around her. The companion observed unmistakable signs of her distress. The heroine had become indifferent to food, dress, adornment, and all the ordinary concerns of life. Her entire being was consumed by thoughts of the Lord, and her outward neglect revealed the turmoil within.

Having understood her condition, the companion attempts to counsel her. She reminds the heroine that Bhagavān is not an ordinary lover towards whom one may behave like a disappointed maiden. He is the Supreme Lord, the ruler of all worlds and the controller of all beings. Moreover, His compassion towards those who seek Him is boundless. Did He not destroy Laṅkā for the sake of Sītā? Did He not orchestrate the events of the Mahābhārata to uphold the honour and vows of Draupadī? These examples demonstrate that the Lord never abandons those who place their trust in Him.

The companion further warns that resistance to the Lord is ultimately futile. Just as a wild elephant can effortlessly destroy barriers placed before it, the Lord can easily overcome any defenses the heroine might erect. The same Lord who shattered the mighty ramparts of Laṅkā can surely dissolve the resolve of a single devotee. The companion recalls the experience of Parāṅkuśa Nāyaki in Tiruvāymoḻi, where Nammāḻvār, assuming the role of a heroine, attempted to hide from the Lord but was ultimately won over by the irresistible force of His divine personality.

Yet the heroine remains steadfast in her resolve. She declares that however great and powerful the Lord may be, she intends to bind Him to herself, just as one would tether a wild elephant to a strong pillar. Having endured such prolonged suffering on His account, she desires that He should remain with her and witness the consequences of the pain He has caused. She imagines that, seeing her condition, He will feel remorse for the distress she has undergone.

The heroine's longing has become so intense that even her body bears the marks of separation. Āḻvār compares her weakened limbs to the hungry children of a householder during a famine, languishing from lack of nourishment. The sight of the Lord would satisfy and revive them, just as food relieves the suffering of the starving. Though her determination to bind the Lord may seem impossible, she continues to cherish this thought. The very impossibility of the desire only reveals the depth of her love, for in the world of devotion, longing often dares to imagine what reason declares unattainable.",Tirumaṅgai Āḻvār,,"Śrī Kṛṣṇa,Śrī Rāma","Śṛṅgāra,Parākrama Anubhavam",1.28,Tirunēṭuntāṇṭakam
46,39,"அன்றாயர்‌ குல மகளுக்கரையன்‌ தன்னை
அலை கடலைக்‌ கடைந்தடைத்த அம்மான்‌ தன்னை
குன்றாத வலி அரக்கர்‌ கோனை மாளக்‌
கொடும்‌ சிலைவாய்ச்‌ சரம்‌ துரந்து குலம்‌ களைந்து வென்றானை
குன்றெடுத்த தோளினானை
விரி திரை நீர்‌ விண்ணகரம்‌ மருவி நாளும்‌ நின்றானை
தண்‌ குடந்தைக்‌ கிடந்த மாலை
நெடியானை அடி நாயேன்‌ நினைந்திட்டேனே ","anṟāyar kula magaḻukkaraiyan tannai
alai kaḍalai kkaḍaindaḍaitta ammān tannai
kunṟāda vali arakkar kōnai māḻa
koḍum śilaivāy ccaram turandu kulam kaḻaindu venṟānai
kunṟeḍutta tōḻinānai
viri tirai nīr viṇṇagaram maruvi nāḻum ninṟānai
taṇ kuḍandai kkiḍanda mālai
neḍiyānai aḍi nāyēn ninaindiṭṭēnē","This vassal of a dog is meditating on the lofty Lord, the compassionate Lord who is reposing in cool Kuḍandai (Kumbhakoṇam), who is standing forever with relish in Viṇṇagaram (Oppiliyappan Kōyil) of extensive tanks with waves, who once upon a time became the master of the cowherdess (Nappinnai), the Lord who churned the turbulent ocean (to obtain Lakṣmī) and also bridged it (to reclaim Sītā), the victorious Lord who discharged arrows from the fierce bow and destroyed Rāvaṇa, the chief of the powerful rākṣasas, who lifted the hill (Govardhana) with His arms.","It would have been one thing if the heroine had carried out her earlier resolve not to respond to the Lord's advances and to end her life in His presence. Such a determination at least presupposed that the Lord would appear before her. But now, He does not come at all. Faced with this reality, the heroine abandons her earlier boldness and becomes acutely aware of her utter helplessness and the immeasurable greatness of the Lord.

She now sees herself as being no different from a stray, hungry dog waiting at a doorway for a morsel of food. Such a creature possesses neither claim nor qualification; it survives solely through the compassion of another. In the same manner, the heroine realizes that she has no means of attaining the Lord through her own effort. Her only hope lies in His mercy. The confidence and determination that marked her earlier reflections give way to humility, dependence, and an earnest appeal for grace.

Accordingly, in this pāsuram she cries out to the Lord, invoking His compassion towards those who seek refuge in Him. Her appeal arises not from a sense of worthiness, but from the conviction that mercy is intrinsic to His nature. The Lord who has repeatedly shown kindness to the distressed and helpless cannot, she hopes, remain indifferent to her suffering.

This mood recalls the concluding decad of Tiruvāymoḻi, beginning with *""muṉiyē""*, where Nammāḻvār similarly pours out his heart before the Lord. Yet there is a significant difference between the two Āḻvārs. Nammāḻvār had remained detached from worldly concerns throughout his life. His appeal to Bhagavān arose from the intensity of his divine love and from the pain of separation experienced by one who had never sought anything apart from the Lord.

Tirumaṅgai Āḻvār's experience follows a different path. Earlier in life, he had been deeply involved in worldly pursuits, possessions, power, and martial achievements. Having experienced and ultimately transcended those attractions, he now recognizes the insignificance of all worldly attainments before the greatness of Bhagavān. This realization deepens his humility. Thus, he does not merely portray himself as a devotee longing for the Lord, but as one who, after exhausting worldly ambitions, now sees himself as utterly dependent upon divine grace, no more worthy than a street dog waiting for compassion.

Another distinction lies in the focus of their appeals. Nammāḻvār's concluding prayers encompass both the Lord's transcendence (*Paratva*) and His incarnations (*Avatāras*). Tirumaṅgai Āḻvār, however, remains captivated until the very end by the Lord's accessibility in His Avatāras and Arcā manifestations. His heart continually returns to the Lord who walked among men as Rāma and Kṛṣṇa, and to the Lord who stands accessible in the Divya Deśams for the sake of devotees.

Thus, this pāsuram becomes a profound expression of humility. Having abandoned every trace of self-reliance, Āḻvār stands before Bhagavān as a helpless soul dependent entirely upon His mercy. The greatness of the Lord and the insignificance of the devotee are brought into sharp contrast, and it is precisely this contrast that becomes the basis for the devotee's appeal. For when all other supports have failed, only the Lord's compassion remains as the soul's refuge.",Tirumaṅgai Āḻvār,"Śārṅgapāṇi Perumāḷ,Oppiliappan Perumāḷ","Śrī Kṛṣṇa,Śrī Rāma",Dāsya,1.29,Tirunēṭuntāṇṭakam
47,40,"மின்னு மா மழை தவழும்‌ மேக வண்ணா !
விண்ணவர்‌ தம்‌ பெருமானே ! அருளாய்‌ என்று
அன்னமாய்‌ முனிவரோடமரர்‌ ஏத்த
அரு மறையை வெளிப்படுத்த அம்மான்‌ தன்னை
மன்னு மா மணி மாட மங்கை வேந்தன்‌
மான வேல்‌ பர காலன்‌ கலியன்‌ சொன்ன
பன்னிய நூல்‌ தமிழ்‌ மாலை வல்லார்‌,
தொல்லைப்‌ பழ வினையை முதல்‌ அரிய வல்லார்‌ தாமே","minnu mā mazai tavazum mēga vaṇṇā !
viṇṇavar tam perumānē ! aruḻāy enṟu
annamāy munivarōḍamarar ētta
aru maṟaiyai veḻippaḍutta ammān tannai
mannu mā maṇi māḍa maṅgai vēndan
māna vēl para kālan kaliyan śonna
panniya nūl tamiz mālai vallār
tollai ppaza vinaiyai mudal ariya vallār tāmē","Those who study this garland in Tamil conforming to prosody, indited by the chieftain of Tirumaṅgai with hoary gem-like mansions, who, with the mighty spear, is like the Lord of death to the enemies and who is of great prowess, on the Lord who brought forth the precious Vedas as the Swan with the Celestials and Ṛṣis eulogizing, saying ""The great Lord of the Nityasūris! The Lord benevolent like clouds gliding gracefully with lightning and copious rains! Please grace me,"" will of themselves be capable of rooting out the age-long ""prārabdha karmas.""","In the final pāsuram, Āḻvār once again glorifies the divine form of Bhagavān. His complexion is compared to a dark rain-bearing cloud ready to pour down showers of grace upon all beings. Just as a rain cloud nourishes the world without discrimination, the Lord bestows His compassion upon those who seek refuge in Him.

Āḻvār recalls the episode involving the four Kumāras. When the Kumāras approached Brahmā with profound questions concerning Yoga and the highest spiritual truths, the lotus-born creator found himself unable to provide the answers. At that time, Bhagavān Himself manifested in the form of a divine Swan (*Haṁsa*). Assuming this extraordinary form, He instructed Brahmā, the Kumāras, and the assembled Ṛṣis, revealing the truths of the Vedas and illuminating the path of spiritual wisdom. Thus, the Lord demonstrated that He alone is the ultimate source of all knowledge and the supreme teacher of both gods and sages.

This same Supreme Lord is eternally praised by the Nityasūris, who never cease to glorify His auspicious qualities and divine splendour. Āḻvār concludes with a prayer that this Lord may bestow His grace upon all devotees and bless them with the vision of His divine form.

The phalaśruti of the pāsuram extols the greatness of this sacred composition. Tirumaṅgai Āḻvār compares this Prabandham to a garland of fresh tulasī lovingly offered to Bhagavān. Just as a tulasī garland delights the Lord, these verses, woven together with devotion, knowledge, and divine experience, serve as a fragrant offering at His feet. Those who study, recite, and reflect upon this beautiful Prabandham will be blessed with true spiritual knowledge and deep devotion towards Bhagavān. Through His grace, they will gain clarity regarding the nature of the soul, the supremacy of the Lord, and the path of loving service to Him.

Thus, with praise of Bhagavān's divine form, remembrance of His role as the supreme teacher, and blessings upon future devotees, Tirumaṅgai Āḻvār brings the magnificent Prabandham known as *Tiruneduntāṇḍakam* to its conclusion.",Tirumaṅgai Āḻvār,,Haṃsa,Paratattva Anubhavam,1.30.,Tirunēṭuntāṇṭakam
48,41,"காவலிற் புலனை வைத்துக்
கலிதனைக் கடக்கப் பாய்ந்து,
நாவலிட் டுழிதரு கின்றோம்
நமன்தமர் தலைகள் மீதே,
மூவுல குண்டு மிழ்ந்த
முதல்வ.நின் நாமம் கற்ற,
ஆவலிப் புடைமை கண்டாய்
அரங்கமா நகரு ளானே.","kāval il pulanai vaittu
kali tannai kkaḍakka ppāyndu
nāvaliṭṭuzi taruginṟōm
naman tamar talaigaḻ mīdē
mūvulaguṇḍumiznda
mudalva ! nin nāmam kaṭra
āvali ppuḍaimai kaṇḍāy
araṅga mā nagaruḻānē","Oh Lord! You are the primal cause who have kept and protected the three worlds within your stomach during deluge and then, made them manifest at the beginning of creation as the principal Brahman. Oh Lord residing at the great city of Srirangam! we have controlled our senses; we have indeed, leapt over the sins (and sinful deeds); and we tread on the heads of Yama and his hosts, erecting victory flagstafl's (on those heads). We are proud to say thus because of our practice of incessant chanting of your names as Sri Ranganitha, hearken!","Bhagavān holds the entire universe in His womb and hence he is called Garbhodakaśāyī Viṣṇu. As He holds the animate and inanimate within His garbha, He is also called Hiraṇyagarbha. From this Hiraṇyagarbha, everything is created. In the Pāñcarātra Āgama, the expansion of Vāsudeva, i.e., Saṅkarṣaṇa, further expands as Garbhodakaśāyī Viṣṇu, holding the entire universe within Him. Āḻvār praises the Lord for protecting us all the time, even after pralaya. Once He decides to create the universe again, with His saṅkalpa alone, He creates the lotus-born Brahmā. Due to Him being the primal cause of everything, He is the Brahman. This Supreme Brahman resides in Śrīraṅgam on the bed of Ādiśeṣa.

Our senses (Indriyas) play a primary role in performing actions. The mind among them can either distract us from the primary goal (Brahman) or attract us towards Him. Once one controls his senses, he is able to leap over all sinful activities. All the results of the pious actions the jīvatma performs are surrendered at the lotus feet of the Lord. When one becomes a Prapanna, surrendering to the divine feet of the Lord, he is able to conquer the cycle of birth and death (personified by Ālvār as treading on the head of Yama). One can only attain liberation by chanting the beautiful names of the Lord. By chanting the Thirumantram, that yogi is able to enter the Supreme above where the Nityas sing the glories of the Supreme.",Toṇḍaraḍippoḍi Āḻvār,Śrī Raṅganātha,,Paratattva Anubhavam,1.01,Tirumālai
49,42,"பச்சைமா மலைபோல் மேனி
பவளவாய் கமலச் செங்கண்
அச்சுதா. அமர ரேறே.
ஆயர்தம் கொழுந்தே. என்னும்,
இச்சுவை தவிர யான்போய்
இந்திர லோக மாளும்,
அச்சுவை பெறினும் வேண்டேன்
அரங்கமா நகரு ளானே","paccai mā malai pōl mēni
pavaḻa vāy kamala cceṅgaṇ
accudā ! amarar ēṟē !
āyar tam kozundē ! ennum
iccuvai tavira yān pōy
indira lōgam āḻum
accuvai peṟinum vēṇḍēn
araṅga mā nagaruḻānē ! ","Oh Lord Acyuta possessing a huge, emarald mountain like body, rosy lip of precious corals, and reddish lotus-like eyes! ""Oh Lord of the Nityasuris of the Paramapadham! O dear young lad of the cowherds!"" thus do I like to chant forever. If so I don't have the chance to chant your holy name at Vaikunta, let that mokasha be never given. How will I ever leave the elixir taste of chanting ""Ranga!"" at Srirangam and go there? Oh Lord of Thiruvarangam!","Toṇḍaraḍippoḍi Āḻvār sings the glories of the beautiful thirumeni of Bhagavān. He narrates by personifying the thirumukham of Bhagavān. His lips are smooth like pearls and corals. The color of his lips resembles that of a rose. His eyes, which can attract any jīvatma (and hence are red by their nature of attraction), look like lotus petals. His thirumeni is as huge as mountains and shines like emeralds. He is the Lord of Nityasuris, who rules Paramapadham. If the Lord decides to grant Ālvār the capacity to rule Vaikuṇṭham itself, but if there he could not sing about Ranga, Ālvār says, ""What is the use of such liberation if I cannot enjoy Your glorious names? After tasting the elixir called Nāma Saṅkīrtanam here in Śrīraṅgam, I deny such liberation! Oh Lord of Śrīraṅgam!""",Toṇḍaraḍippoḍi Āḻvār,Śrī Raṅganātha,,Kainkarya-prārthanā,1.02,Tirumālai
50,43,"வேதநூல் பிராயம் நூறு
மனிசர்தாம் புகுவ ரேலும்,
பாதியு முறங்கிப் போகும்
நின்றதில் பதினை யாண்டு,
பேதைபா லகன தாகும்
பிணிபசி மூப்புத் துன்பம்,
ஆதலால் பிறவி வேண்டேன்
அரங்கமா நகரு ளானே.","vēda nūl pirāyam nūṟu
maniśar tām puguvarēlum
pādiyum uṟaṅgi ppōgum
ninṟadil padinai āṇḍu
pēdai pālagan adāgum
piṇi paśi mūppu ttunbam
ādalāl piṟavi vēṇḍēn
araṅga mā nagaruḻānē !","Oh Lord who recides in Srirangam, the Vedas and Shastras are many and are huge. Life span of lofty humans like us doesn't cross 100. In those years, we spend half of it by sleeping. The other half is spent in childhood, youth, old age filled with misery. Oh Ranga! In this run of life this birth leaches out most of the time leaving very little to perform Kainkaryam to you. Hence, I ask you Lord of Thiruvarangam, I do not want to be born again.","The Vedas and Śāstras prescribe multiple ways known as Brahma Vidyā, which often require the jīvatma to perform upāsana. But these Śāstras are vast in number, with thousands of texts. The human lifespan itself falls short of 100 years (and gets shorter). How is it possible to explore the Vedas with such limited time in which we spend most of it sleeping and the other half indulging in temporary pleasure and pain? What is the use of such a birth where one cannot perform service to the divine Lord? No doubt, after spending such a life, the jīvatma is reborn in this saṃsāra. 

Hence, Ālvār pleads to Ranganātha not to grant him rebirth. If such a birth denies performing service to the Lord, what is the use of it? Therefore, Ālvār requests Ranganātha to grant Paramapadham. (In the previous pāsuram, Ālvār stated that if in such Paramapadham there is no bliss of chanting the names of the Lord, he denies it. But in reality, the Taittirīya Upaniṣad states that the Nityas and Mukhtas keep singing the glories of the Lord. Hence, in this pāsuram, Ālvār requests to grant such a liberation.)",Toṇḍaraḍippoḍi Āḻvār,Śrī Raṅganātha,,Śaraṇāgati,1.03,Tirumālai
51,44,"மொய்த்தவல் வினையுள் நின்று
மூன்றெழுத் துடைய பேரால்,
கத்திர பந்து மன்றே
பராங்கதி கண்டு கொண்டான்,
இத்தனை யடிய ரானார்க்
கிரங்கும்நம் மரங்க னாய
பித்தனைப் பெற்று மந்தோ.
பிறவியுள் பிணங்கு மாறே","moytta val vinaiyuḻ ninṟu
mūnṟezuttuḍaiya pērāl
kattira pandum anṟē
parāṅgadi kaṇḍu koṇḍān
ittanai aḍiyar ānārkku
iraṅgum nam araṅganāya
pittanai ppeṭrum andō !
piṟaviyuḻ piṇaṅgumāṟē !","Kṣtrabandhu, son of Viśvavrata, performed such vikarmas which resulted in him accumulating tremendous sins. Just by uttering the name ""Govinda,"" he was released from all sins. Alas! You are here as the supreme Master Raṅganātha, who showers His grace just by looking at the devotee. I am indeed surprised that when You are here to grant the abode itself to the devoted chanters, why are people still ignorant and indulged in saṃsāric activities?","The Govinda nāma is considered very auspicious and precious due to the beautiful meaning behind it. Govinda refers to the protector of Earth (a reference to the Varāha avatāra). It also refers to Him being the protector of cows as Gopāla. It infers that He is the protector of the ones who surrender to Him. Hence He is also praised as prapanna pārijāta. Āḻvār specifically refers to this name here relating to the goal of liberation from the cycle of saṃsāra. Once one surrenders to the lotus feet of His, that jīvātmā has Vaikuṇṭha assured to him. The Lord in the form of Varāha promised it as ""ahaṃ smarāmi madbhaktaṃ nayāmi paramāṃ gatim,"" i.e., ""Those who remember me when they are healthy, I will grant them the supreme abode."" Again as Kṛṣṇa, He stated ""mām ekaṁ śaraṇaṁ vraja ahaṁ tvāṁ sarva-pāpebhyo mokṣayiṣyāmi mā śucaḥ,"" i.e., ""Abandon all other means to attain mokṣa, just surrender to me. I myself will be the means and take care of removing all your sins and grant salvation to you. Do not fear!"" Hence, the nāma Govinda infers these meanings of the specific avatāras. The protector of Bhū Devī, the protector of cows, will indeed protect us from this saṃsāra! 

Āḻvār is surprised now! Even after the Supreme established such an easy means to attain Him, just by chanting His divinity, alas! Why are people still bound by māyā, running after temporary materialistic things?",Toṇḍaraḍippoḍi Āḻvār,Śrī Raṅganātha,,"Soulabhyam,Tirunāma Anubhavam",1.04,Tirumālai
52,45,"பெண்டிரால் சுகங்க ளுய்ப்பான்
பெரியதோ ரிடும்பை பூண்டு
உண்டிராக் கிடக்கும் போது
உடலுக்கே கரைந்து நைந்து,
தண்டுழாய் மாலை மார்பன்
தமர்களாய்ப் பாடி யாடி,
தொண்டுபூண் டமுத முண்ணாத்
தொழும்பர்சோ றுகக்கு மாறே","peṇḍirāl śugaṅgaḻ uyppān
periyadōr iḍumbai pūṇḍu
uṇḍirā kkiḍakkum pōdu
uḍalukkē karaindu naindu
taṇ tuzāy mālai mārban
tamargaḻāy ppāḍi āḍi
toṇḍu pūṇḍamudam uṇṇā
tozumbar śōṟugakkumāṟē !","Men of vile nature alone seek the pleasure of enjoying women; they suffer from untold miseries; they serve others to eke out their livelihood; they don't find time to eat properly, (and so) eat only late at night; and then, they only lie down and brood over their pitiable body alone. If at all, men could distinguish their self from body, they can surrender to the Lord Raṅganātha whose chest is adorned with the garland of cool tulasī leaves and become His devotees. Then they can enjoy singing His names and dancing in ecstasy — thus by doing such a divine service, they can taste the nectarine bliss. But, alas! The vile persons are mad after (mundane) food alone, and not the divine nectar.","Āḻvār continues to condemn the nature of saṃsāric men, devoid of understanding of the divine nectar of nāma saṅkīrtana due to their temporary happiness obtained in their world of ignorance. These men are after saṃsāric pleasures which are obtained by pleasuring the indriyas. Indulged in trying to obtain such pleasures, they forget to maintain their body which is granted to perform kaiṅkaryam to Bhagavān. The ignorance which gives birth to such men is from the fact that they are unable to realize that they (the jīvātmā) are different from the body. 

Due to this, they try to please the body alone, giving it the utmost importance. When they lack the knowledge of difference between jīvātmā and śarīra, how can they even know Raṅganātha who is the Self of the jīvātmā itself as Antaryāmī? How can they enjoy the nectar which is obtained by serving that Raṅganātha who always wears a tulasī garland? Devoid of such beautiful spiritual love, the vile persons run behind food and women. They sow the seeds of rebirth, disabling the chances of salvation.",Toṇḍaraḍippoḍi Āḻvār,Śrī Raṅganātha,,,1.05,Tirumālai
53,46,"மறம்சுவர் மதிளெ டுத்து
மறுமைக்கே வெறுமை பூண்டு,
புறம்சுவ ரோட்டை மாடம்
புரளும்போ தறிய மாட்டீர்,
அறம்சுவ ராகி நின்ற
அரங்கனார்க் காட்செய் யாதே,
புறம்சுவர் கோலஞ் செய்து
புள்கவ்வக் கிடக்கின் றீரே","maṟam śuvar madiḻ eḍuttu
maṟumaikkē veṟumai pūṇḍu
puṟam śuvar ōṭṭai māḍam
puraḻum pōdaṟiya māṭṭīr
aṟam śuvar āgi ninṟa
araṅganārkkāṭ ceyyādē
puṟam śuvar kkōlañjeydu
puḻ kauva kkiḍakkinṟīrē !","O idiotic men! You do not know when you are to die, for you are building the fort of adharma (māyā) and you ever think of your perishable body as a cover (of protection); you are increasing your poverty by sowing the seeds of rebirth. It is a pity that you don't take to the divine service under the great Lord of Śrīraṅgam, the supreme Wall of Dharma. Therefore, you are just engrossed in nourishing (and taking care of) your outer wall of śarīra which the vultures would eventually tear into pieces.","Continuing from the previous pāsuram, Āḻvār continues to question the deeds of the idiotic men who are behind saṃsāric pleasures. Unable to realize the perishable character of this body, their mind is covered by māyā. They keep performing actions which pleasure the indriyas. While doing so, they forget to realize they can be adharmic. Addicted to that temporary pleasure, they keep performing the same actions again and again, leading them to create a huge pitfall of adharma itself! They might be rich materialistically, but alas! They are poor in reality as rebirth is assured to such fools. Eventually, he loses everything, even his body perishes. What is the use of nourishing that body with all care and no efforts taken to use that body to serve the Īśvara, the Lord of Śrīraṅgam who is the protector of Dharma himself! Such fools perish stuck in the cycle of saṃsāra!",Toṇḍaraḍippoḍi Āḻvār,Śrī Raṅganātha,,,1.06,Tirumālai
54,47,"புலையற மாகி நின்ற
புத்தொடு சமண மெல்லாம்,
கலையறக் கற்ற மாந்தர்
காண்பரோ கேட்ப ரோதாம்,
தலையறுப் புண்டும் சாவேன்
சத்தியங் காண்மின் ஐயா,
சிலையினா லிலங்கை செற்ற
தேவனே தேவ னாவான்","pulai aṟam āgi ninṟa
puttoḍu śamaṇam ellām
kalai aṟakkaṭra māndar
kāṇbarō kēṭparō tām
talai aṟuppuṇḍum śāvēn
śattiyam kāṇmin aiyā
śilaiyināl ilaṅgai śeṭra
tēvanē tēvan āvān","This is the noble truth! Those who are well-versed in Vedānta and Śāstras are not misled by the teachings of Jaina and Buddhist doctrines. Without a doubt, they realize that Rāma alone is the Brahman! I claim hereby that I will shave my head from my body and am ready to die if what I have stated is wrong, i.e., the vanquisher of ten-headed Rāvaṇa and the holder of Śārṅga is the Supreme Lord.","Āḷvār boldly claims without a doubt that Śrī Rāmacandra is Brahman! He is the Supreme Lord. With the rise of different philosophies and theologies, it is possible for our monkey-like brains to be deluded by various confusing statements. The Śākyas (i.e., Buddhists) and the Jainas deny the existence of a Supreme personality who is the Īśvara, the controller of all. On the other hand, Tāntric texts mislead by stating other devatās are the Supreme Brahman. But unlike these philosophies or texts, Vedas are apauruṣeya, i.e., there is no date which can be stated when the Vedas were created. They were not created by any human. For ages, they have been passed to the next generation through communication between Ācārya and Śiṣya. Even when the universe undergoes dissolution, they are always protected by the Brahman. 

That Veda, which shines due to its speaking about the Brahman, states that Nārāyaṇa is that Supreme Lord who has none second to him. The Nārāyaṇopaniṣad of Taittirīya states this explicitly as nirākhyātaḥ śuddho deva eko nārāyaṇaḥ । na dvitīyo'sti kaścit । When the eternal Vedas themselves state without a doubt that Nārāyaṇa (Śrī Rāma) is the Paratattvam, Āḷvār states there is no doubt that the one who slayed the ruler of Laṅkā and holds the bow called Śārṅga is indeed the one who will liberate us from this cycle of Saṃsāra. It has to be noted that Āḷvār condemns the actions of those followers of other faiths who don't show respect towards Bhagavān. As per Āḷvārs, they are least concerned about condemning people unless it comes to the fact that those people speak ill of Bhagavān.
",Toṇḍaraḍippoḍi Āḻvār,Śrī Raṅganātha,Śrī Rāma,Paratattva Anubhavam,1.07,Tirumālai
55,48,"வெறுப்பொடு சமணர் முண்டர்
விதியில்சாக் கியர்கள், நின்பால்
பொறுப்பரி யனகள் பேசில்
போவதே நோய தாகி
குறிப்பெனக் கடையு மாகில்
கூடுமேல் தலையை ஆங்கே,
அறுப்பதே கருமங் கண்டாய்
அரங்கமா நகரு ளானே","veṟuppoḍu śamaṇar muṇḍar
vidi il śākkiyargaḻ
nin pāl poṟuppariyanagaḻ pēśil
pōvadē nōyadāgi
kuṟippenakkaḍaiyum āgil
kūḍumēl talaiyai āṅgē
aṟuppadē karumam kaṇḍāy
araṅga mā nagaruḻānē !","Oh Lord of the great city, Śrīraṅgam! If at all the bitter Jains and Śaivites and the unlucky Buddhists (Śākyas) are to deliver unendurable tenets of adharma and to insult you, O Lord, they will certainly perish and their faiths will not last long, because their speech itself becomes the incurable illness. And this is my wish: I would surely chop off their heads, if I am able and eligible, for they do not censure me alone, but even insult the supreme Godhead, Lord Raṅganātha.","Continuing from the previous pāsuram, Āḷvār expresses his anger towards those who speak ill of the Lord. For Āḷvārs, Raṅganātha was their dear child, their husband, their everything. In this pāsuram, Āḷvār speaks as sharp as a sword to those who speak ill of the Lord. Just as it is not possible for a mother to hear her child being spoken ill of by someone, Āḷvār cannot tolerate when others deny the Parattva of Nārāyaṇa. Āḷvār calls them unlucky and unfortunate. They are indeed following adharma by insulting Bhagavān. When the Vedas themselves are focused towards that Raṅganātha, insulting him is adharmic without a doubt. These will certainly perish as their speech itself becomes a disease to those fools! Unable to tolerate such words, Āḷvār is ready to slay them if he had the chance to do so, i.e., if Āḷvār were eligible to do so. But doing that would be asāttvic and would not bring glory to our Lord. It's clear from this pāsuram that Toṇṭaraṭippoṭi Āḷvār (and other Āḷvārs as well) cannot tolerate anyone who insults Raṅganātha, the Nātha of the entire universe.",Toṇḍaraḍippoḍi Āḻvār,Śrī Raṅganātha,,,1.08,Tirumālai
56,49,"மற்றுமோர் தெய்வ முண்டே
மதியிலா மானி டங்காள்,
உற்றபோ தன்றி நீங்கள்
ஒருவனென் றுணர மாட்டீர்,
அற்றமே லொன்ற றீயீர்
அவனல்லால் தெய்வ மில்லை,
கற்றினம் மேய்த்த வெந்தை
கழலிணை பணிமி னீரே","maṭrum ōr teyvam uṇḍē
madi ilā māniḍaṅgāḻ
uṭra pōdanṟi nīṅgaḻ
oruvan enṟuṇara māṭṭīr
aṭra mēl onṟaṟīyīr
avan allāl teyvam illai
kaṭrinam mēytta endai
kazal iṇai paṇimin nīrē","Oh people incapable of reasoning! Is there any God other than Śrīman Nārāyaṇa? None at all. You cannot know Him (Śriyaḥ-pati), because you do not recognize Him as the supreme Master, owing to your immature logic. Whatever is the most Supreme, i.e., beyond your ken, you are not ready to understand. Know Him, Lord Nārāyaṇa alone as God. There is no God other than Him. May you resort to Him (Lord Raṅganātha), nay, to His unexcelled pair of feet, the Lord who, as Śrī Kṛṣṇa, tended the hosts of grazing cows.","Āḷvār continues to speak to us that without a doubt the one who has Śrī as his divine consort, the one who houses her on his chest is the Supreme Lord indeed! In the previous pāsuram, Āḷvār proves the Parattva of the Lord in his Śrī Rāma avatāra; here he does the same with Śrī Kṛṣṇa as Gopāla. He calls those who cannot understand the fact that Śrīman Nārāyaṇa is supreme as people who cannot reason; their minds have rotted and hence are unable to think critically and logically. Indeed these people are fools! These immature-minded fools think that the cowherd Kṛṣṇa is a mere human. To such personalities, Śrī Kṛṣṇa himself quotes in Bhagavad Gītā: ""avajānanti māṁ mūḍhā mānuṣīṁ tanum āśritam,"" i.e., ""Fools deride Me when I descend in the human form."" Āḷvār questions those: what can make you fools understand that Nārāyaṇa is the Supreme Lord? Indeed there is no one second to him. He alone is the Īśvara and not any other devatā. To those who have realized it, surrender to his lotus feet! Surrender to him who tends and protects the grazing cows (again Āḷvār refers to Bhagavān as Govinda, the protector of cows as well as Śaraṇāgatas).",Toṇḍaraḍippoḍi Āḻvār,Śrī Raṅganātha,Śrī Kṛṣṇa,"Śaraṇāgati,Paratattva Anubhavam",1.09,Tirumālai
57,50,"நாட்டினான் தெய்வ மெங்கும்
நல்லதோ ரருள்தன் னாலே,
காட்டினான் திருவ ரங்கம்
உய்பவர்க் குய்யும் வண்ணம்,
கேட்டிரே நம்பி மீர்காள்.
கெருடவா கனனும் நிற்க,
சேட்டைதன் மடிய கத்துச்
செல்வம்பார்த் திருக்கின் றீரே","nāṭṭinān teyvam eṅgum
nalladōr aruḻ tannālē
kāṭṭinān tiruvaraṅgam
uybavarkkuyyum vaṇṇam
kēṭṭirē nambimīrgāḻ !
keruḍa vāgananum niṟka
śēṭṭai tan maḍiyagattu
śelvam pārttirukkinṟīrē","Just as the primordial Deity (Śrīman Nārāyaṇa) established many gods throughout the world, even so He has revealed Himself as Śrī Raṅganātha at Śrīraṅgam for the sake of the aspirants, out of His unbounded compassion. I beseech you, O believers of the Vedas and Śāstras! Listen to me. While there is our Lord with the supreme divine Garuḍa as His vehicle, why do you expect prosperity at the lap of Jyeṣṭhā?","The Īśvara, Śrīman Nārāyaṇa has revealed himself to humans as Raṅganātha due to his Dayā. To nityas and muktas he appears as Para Vāsudeva and to ṛṣis as Antaryāmī. To devatās he blessed them in Vyūha, but to mere humans like us these forms are inaccessible. To pave a path for us towards Arcāvatāra mārga, to quench our thirst to serve him, he has appeared in Thiruvaraṅgam as Śrī Raṅganātha, ready to accept our service. For the Supreme being himself to appear in the form of Arcā and accept all the service we provide to him, Āḷvār exclaims, how great is his compassion! Indeed it has no bounds just like the ocean! 

Next, Āḷvār explains how Garuḍa is the personification of Veda itself. Garuḍa is known to be the vehicle of Bhagavān. Garuḍa is Vedas personified. The Vedas glorify Śrīman Nārāyaṇa. Just as it holds and carries the glories of the Lord, so does Garuḍa. The two wings are said to represent the two divisions of the Sāma Veda, known as bṛhat and rathantara. Garuḍa's eyes are said to be the Gāyatrī mantra, which protects those who chant it. Just as the mantras travel from one world to another at the speed of light, so does Garuḍa. Āḷvār states to us, think about the Lord who rides the personification of Vedas itself. When he is ready to welcome us like a father to his children, why are we still unable to understand his compassion and end up stuck in this Saṃsāra, which is the greatest misfortune!",Toṇḍaraḍippoḍi Āḻvār,Śrī Raṅganātha,,Paratattva Anubhavam,1.10.,Tirumālai
58,51,"ஒருவில்லா லோங்கு முந்நீர்
அனைத்துல கங்க ளுய்ய,
செருவிலே யரக்கர் கோனைச்
செற்றநம் சேவ கனார்,
மருவிய பெரிய கோயில்
மதிள்திரு வரங்க மென்னா,
கருவிலே திருவி லாதீர்.
காலத்தைக் கழிக்கின் றீரே","oru villāl ōṅgu munnīr aḍaittu
ulagaṅgaḻ uyya
śeruvilē arakkar kōnai
śeṭra nam śēvaganār
maruviya periya kōyil
madil tiruvaraṅgam ennā
karuvilē tiru ilādīr !
kālattai kkazikkinṟīrē","Periya Kōyil (the great Temple) is the shrine (of Lord Śrī Raṅganātha) with seven massive ramparts (prākāras). One should ever think of Śrīraṅgam, the abode of Raṅganātha, where our supreme Lord has permanently reclined on the Serpent-couch (Ādiśeṣa). Śrī Raṅganātha is our mighty Lord who, in his advent as Śrī Rāma, has slain Rāvaṇa, the demon-king, in battle, after constructing the bridge (setu) across the roaring ocean, for the sake of retrieving all the worlds by his inimitable Bow (Śārṅga). Oh men without the grace of the Lord (Raṅganātha) even when you were in the mother's womb! Why do you waste your time without chanting the name of Śrīraṅgam? Alas!","Āḷvār continues to glorify the greatness of chanting the divine names of Bhagavān. Here, he emphasises us to remember Śrīraṅgam, the divine abode of Śrī Raṅganātha. The great temple is surrounded by seven prākāras which cover overall a tremendous area of 157 acres. Like a treasure protected by several outer coating chests, the Supreme Lord, who is the ultimate goal of life, the true treasure is lying on Ādiśeṣa at the center of these prākāras. Āḷvār speaks to us to remember that Śrīraṅgam which hosts the divine Lord. Raṅganātha, who is non-different from Śrī Rāmacandra, destroyed the king of Laṅkā with his inimitable bow, the Śārṅga. Āḷvār questions us, calling us foolish to not remember him. The whole universe remains stable due to his Saṅkalpa Śakti alone just like the pearls are withheld by a thread (""mayi sarvaṃ idaṃ protaṃ sūtre maṇi-gaṇā iva""). Without his Saṅkalpa Śakti, neither would the universe be created or sustained nor would any of us be born from the womb of our mothers. He is the controller of all and hence is the Īśvara, and our not remembering him is the most unfortunate thing and it is the greatest waste of time, Āḷvār states.",Toṇḍaraḍippoḍi Āḻvār,Śrī Raṅganātha,Śrī Rāma,Tirunāma Anubhavam,1.11,Tirumālai
59,52,"நமனும்முற் கலனும் பேச
நரகில்நின் றார்கள் கேட்க,
நரகமே சுவர்க்க மாகும்
நாமங்க ளுடைய நம்பி,
அவனதூ ரரங்க மென்னாது
அயர்த்துவீழ்ந் தளிய மாந்தர்,
கவலையுள் படுகின் றாரென்
றதனுக்கே கவல்கின் றேனே","namanum muṟkalanum pēśa
naragil ninṟārgaḻ kēṭka
naragamē śuvarkkam āgum
nāmaṅgaḻ uḍaiya nambi
avanadūr araṅgam ennādu
ayarttu vīzndaḻiya māndar
kavalaiyuḻ paḍuginṟār enṟu
adanukkē kavalginṟēnē !","Raṅganātha, whose name you can ever chant and be rid of miseries! Oh supreme Lord with all the auspicious qualities and endowed with numerous divine names! When Yama and sage Mudgala were conversing with each other (i.e., when Mudgala referred to Your divine names), and when those residing in the hell (the abode of Yama) heard Your divine names, the hell was, indeed, fortunate to turn itself into heaven (because of the greatness of Your names). When there are so many divine names of Yours, I am very much worried about the people who fall down out of miseries and are afflicted by sorrow. Because of ignorance, they do not know Your divine grace and the efficacy of your divine names and the divine abode Śrīraṅgam.","The remembrance of Bhagavān can remove any sins and grant divine liberation itself. It can indeed even convert the depths of hell into the great heavens itself. Āḷvār proves this point by remembering the incident which took place in hell when Mudgala was taken there. When Yama and Ṛṣi Mudgala are having a conversation about the dynamics which the jīvātmā suffers when it is subjected in hell and the pleasure in heaven, the great seer speaks about how these are temporary and chants the name of Nārāyaṇa which would grant Paramapada itself. On chanting the nāma of Nārāyaṇa once, hell for a second turned into heaven. The jīvātmās who with a Sūkṣma Śarīra were subjected to pain according to their Karmas, were liberated from such torture and pious birth was given to them. Such are the glories of chanting the divine names of Bhagavān which would burn Karmas of those who even listen to it. 

How great are the glories of the Lord's names, which can burn the sins of the greatest sinners. Our Lord possesses infinite divine qualities and hence infinite divine names. Āḷvār is astonished by the fact that even after having such an easy route to burn down our Karma, i.e., by chanting his divine names, even after knowing that he possesses not just one or two but countless such names, how foolish are people who are engaged in Saṃsāric activities forgetting about the Divine. Due to their ignorance and arrogance, they are destined to fall and be stuck in this cycle of saṃsāra. How unfortunate are these who do not realize the glories of Your divine grace and Your divine abode, Śrīraṅgam.",Toṇḍaraḍippoḍi Āḻvār,Śrī Raṅganātha,,Tirunāma Anubhavam,1.12,Tirumālai
60,53,"எறியுநீர் வெறிகொள் வேலை
மாநிலத் துயிர்க ளெல்லாம்,
வெறிகொள்பூந் துளவ மாலை
விண்ணவர் கோனை யேத்த,
அறிவிலா மனித ரெல்லாம்
அரங்கமென் றழைப்ப ராகில்,
பொறியில்வாழ் நரக மெல்லாம்
புல்லெழுந் தொழியு மன்றே?","eṟiyu nīr veṟi koḻ vēlai
mā nilattuyirgaḻ ellām
veṟi koḻ pūn tuḻava mālai
viṇṇavar kōnai ētta
aṟivilā maniśar ellām
araṅgam enṟazaippar āgil
poṟiyil vāz naragam ellām
pul ezundoziyum anṟē","Men of high calibre — viz., those who reside in many dvīpas and many varṣas, surrounded by the tidal oceans and scented sea-shores — extol the supreme (Lord of Nityasūris) adorned with the garland of Tulasī with great fragrance. But those who lack the knowledge to praise the supreme Lord, even if they could just utter the name of the holy city Śrīraṅgam as 'Araṅgam', it is enough (for them to destroy their sins). Thus when all people get freed from sins, there won't be anyone to go to hell; and so, the hell will be bereft of any souls (to suffer for their sins), and thus there would be only grass growing; and later on, the hell itself would become extinct. Isn't it?","Āḷvār states that the seers and ṛṣis are able to praise the Lord who always wears the tulasī garland. Indeed, these are the Nityasūris who are serving the Lord eternally, singing his glories. The Viṣṇu Sūktam states the same as ""tadviṣṇoḥ paramaṃ padaṃ sadā paśyanti sūrayaḥ."" The supreme Lord blesses knowledge to the Ṛṣis and hence they are able to sing his glories. To people like us who lack such knowledge, chanting the divine residence of Raṅganātha, i.e., ""Araṅgam"" itself would destroy all the Karma which acts as the blocker for us to reach the divine. Āḷvār states, if every jīvātmā stuck here in this Saṃsāra (he calls this Bhūloka as Naraka as we are bounded by Indriyas and suffering due to it) uttered the great names of Bhagavān, then this saṃsāra would be devoid of any jīvātmā as all of them would have attained liberation, making this place a wasteland. Though this is certainly hypothetical as there are countless jīvātmās, yet Āḷvār tries to exclaim that such is the glory of the names of the Supreme that it can liberate any jīvātmā.

",Toṇḍaraḍippoḍi Āḻvār,Śrī Raṅganātha,,Tirunāma Anubhavam,1.13,Tirumālai
61,54,"வண்டின முரலும் சோலை
மயிலினம் ஆலும் சோலை,
கொண்டல்மீ தணவும் சோலை
குயிலினம் கூவும் சோலை,
அண்டர்கோ னமரும் சோலை
அணிதிரு வரங்க மென்னா,
மிண்டர்பாய்ந் துண்ணும் சோற்றை
விலக்கிநாய்க் கிடுமி னீரே","vaṇḍinam muralum śōlai
mayil inam ālum śōlai
koṇḍal mīdaṇavum śōlai
kuyil inam kūvum śōlai
aṇḍar kōn amarum śōlai
aṇi tiruvaraṅgam ennā
miṇḍarpāynduṇṇum śōṭrai vilakki ⋆
nāykkiḍuminīrē","In Śrīraṅgam, there are the resounding gardens full of innumerable humming honey-bees; there are also many gardens beautified by many flocks of dancing peacocks; there are also many bowers which rise up to the height of clouds (Kōṇḍal). Especially, Śrīraṅgam is the holy temple-town where the God of gods eternally resides. And so, Śrīraṅgam is extremely beautiful and lovable. Those who do not recite the name of Thiru Araṅgam are, indeed, arrogant people of haughtiness/foolishness. Therefore, Oh people! Remove forcibly the food which they (the ignorant and arrogant men) eat greedily, from their mouth, and serve it to dogs which are better than those arrogant men.","Āḻvār explains how beautiful Śrīraṅgam is. Śrīraṅgam is situated near the river banks of Kāvērī and its tributary Kollidam. Due to the rich river basin present, the island-like city has beautiful nature and plants. Because of this, several honey bees roam around the place. Peacocks are another unique bird which are always present in Śrīraṅgam. It is not surprising that Śrīraṅgam has such beautiful nature. This is due to the fact that the Īśvara of the universe resides as Raṅganātha, lying on the bed of Ādiśeṣa. Indeed, there cannot be such a place which is so lovable. Those people who refuse to recite the divine name of Thirurangam are arrogant. They are living in ignorance. Āḻvār quotes a statement which can be seen in Brahmāṇḍa Purāṇa in the conversation between Śiva and Nārada. Śiva states to Nārada that those who refuse to chant the divine name of Raṅganātha, deny giving food to them. It's better to give that food to the dogs who reside in Śrīraṅgam rather than giving it to such a cheap personality.",Toṇḍaraḍippoḍi Āḻvār,Śrī Raṅganātha,,Tirunāma Anubhavam,1.14,Tirumālai
62,55,"மெய்யர்க்கே மெய்ய னாகும்
விதியிலா வென்னைப் போல,
பொய்யர்க்கே பொய்ய னாகும்
புட்கொடி யுடைய கோமான்,
உய்யப்போ முணர்வி னார்கட்
கொருவனென் றுணர்ந்த பின்னை,
ஐயப்பா டறுத்துத் தோன்றும்
அழகனூ ரரங்க மன்றே?","meyyarkkē meyyan āgum
vidi ilā ennai ppōla
poyyarkkē poyyan āgum
puṭkoḍi uḍaiya kōmān
uyya ppōm uṇarvinārgaṭku
oruvan enṟuṇarnda pinnai
aiyappāḍaṟuttu ttōnṟum
azagan ūr araṅgam anṟē","The Lord Viṣṇu who has Garuḍa on His banner, is eternally real for those who acknowledge Him as real. But He is unreal to those who themselves are unreal, because of their atheistic attitude like me who am untruthful. The Lord Viṣṇu, viz. the Lord of the beautiful city Śrīraṅgam, reveals Himself to those who aspire for Ujjīvanam, cuts asunder all their doubts and grants the supreme knowledge that He is the only one supreme Person. Isn't it?","Āḻvār expresses the graceful nature of the Lord who grants divine knowledge to people who show unadulterated devotion towards him. When Gajendra offered him a lotus by calling him ""Ādimūla,"" without a second's delay he appeared in front of the elephant to rescue him. Hence, he always listens to the calls of his pure devotees. Even to those who lack complete knowledge, he grants it to them slowly. He is compassionate to all his devotees, irrespective of the level of knowledge they have. Ultimately, he takes the responsibility that they attain him eventually. 

On the other hand are the foolish atheists who deny his existence. They will never be able to see his divine form. Because of their Tāmasic Guṇa, they see him as non-existent, which has occurred due to ignorance. Hence to those untruthful fools, he remains hidden. Āḻvār, practicing nikṛṣṭa bhakti, expresses himself as the lowest among personalities and tries to express his gratitude to the Lord for showing divine grace on him.",Toṇḍaraḍippoḍi Āḻvār,Śrī Raṅganātha,,,1.15,Tirumālai
63,56,"சூதனாய்க் கள்வ னாகித்
தூர்த்தரோ டிசைந்த காலம்,
மாதரார் கயற்க ணென்னும்
வலையுள்பட் டழுந்து வேனை,
போதரே யென்று சொல்லிப்
புந்தியில் புகுந்து, தன்பால்
ஆதரம் பெருக வைத்த
அழகனூ ரரங்க மன்றே?","śūdanāy kkaḻvan āgi
tūrttarōḍiśainda kālam
mādarār kayaṟ kaṇ ennum
valaiyuḻ paṭṭazundu vēnai
pōdarē enṟu śolli
pundiyuḻ pugundu
tan pāl ādaram peruga vaitta
azagan ūr araṅgam anṟē","I was once a gambler and a thief, ensnared in the love-nets of fish-eyed women. But the beautiful Lord commanded, ""Come forth!"" He entered my mind and kindled my love for Him. Indeed, Raṅganātha permeated my being and ignited my devotion. Is it not so that He protected a helpless soul like me from the clutches of saṃsāra?","Āḻvār narrates how the Lord transformed his life, redirecting his love from materialistic pleasures to Raṅganātha. Toṇṭaraṭippoṭi Āḻvār was once mesmerized by the beauty of a dancer named Dēvadēvi. Her eyes, resembling fish, were captivating. Consequently, his interest, initially focused on Raṅganātha, gradually shifted towards Dēvi. However, the Lord always safeguards those who surrender to Him. When their minds stray from the spiritual path, He assumes the responsibility of guiding them back. Āḻvār's poverty was humiliated by Dēvadēvi's mother. Raṅganātha Himself brought a golden vessel to Dēvadēvi's house, introducing Himself as Āḻvār's disciple. 

Alas! The golden vessel was no ordinary object, but one used for nitya kaiṅkaryam in Śrīraṅgam to serve the Lord. When the temple discovered the vessel's loss and its presence in Dēvi's house, the king intervened and arrested Āḻvār. Āḻvār soon realized how misguided he had been from his true path of life and lamented his sinful ways. Raṅganātha promptly appeared to the king and ordered Āḻvār's release, declaring him very dear to Him. The Lord of Thiruvaraṅgam enacted such beautiful līlās with the Āḻvārs, demonstrating His personal care for the prapannas. For the śaraṇāgatas, He Himself ensures they remain on the right path, assuring liberation from saṃsāra. Indeed, He enters into these prapannas and inspires them to show Him the utmost possible love.",Toṇḍaraḍippoḍi Āḻvār,Śrī Raṅganātha,,Sauśīlyam,1.16,Tirumālai
64,57,"விரும்பிநின் றேத்த மாட்டேன்
விதியிலேன் மதியொன் றில்லை,
இரும்புபோல் வலிய நெஞ்சம்
இறையிறை யுருகும் வண்ணம்
சுரும்பமர் சோலை சூழ்ந்த
அரங்கமா கோயில் கொண்ட,
கரும்பினைக் கண்டு கொண்டென்
கண்ணிணை களிக்கு மாறே","virumbi ninṟētta māṭṭēn
vidi ilēn madi onṟillai
irumbu pōl valiya neñjam
iṟaiyiṟai urugum vaṇṇam
śurumbamar śōlai śūznda
araṅga mā kōyil koṇḍa
karumbinai kkaṇḍu koṇḍu
en kaṇṇiṇai kaḻikkumāṟē !","I know neither how to praise You nor how to love You adequately, O Lord! Neither am I able to glorify You with my tongue nor follow the scriptures righteously. Yet, how compassionate You are! O Lord of Śrīraṅgam, whose land is always filled with the melodious buzzing of bees, You entered my heart like molten iron, slowly melting it, enabling me to witness Your divine Thirumēṉi. How fortunate are my eyes, which are delighted to behold Your ever-radiant form!","Āḻvār expresses how fortunate his eyes are to witness the divine form of Raṅganātha. He narrates that he knows not how to praise the Lord, as His guṇas are infinite in nature. When Prajāpati Brahmā himself cannot fully glorify the Lord's form, how can we mere mortals hope to do so? We are unable to show the unadulterated love towards the Lord like the gopīs. When it comes to following the scriptures, which are the divine words of Bhagavān, we are most inaccurate.
 
We fail to perform the prescribed activities, instead engaging in vikarmas that should be avoided. Yet, how compassionate is the Supreme Lord! Āḻvār expresses the saulabhya guṇa of Bhagavān. That Para Vāsudeva, who is the Īśvara of the universe, reclines here on Ādiśeṣa in the form of arcā, ready to accept any service offered to Him. He entered Āḻvār's heart like molten iron, slowly melting it. This ignited divine love in Āḻvār's heart towards Bhagavān, enabling him to witness the Lord's divine form. Āḻvār emphasizes that Bhagavān Himself is the reason for such divine love.",Toṇḍaraḍippoḍi Āḻvār,Śrī Raṅganātha,,Tirumēni Anubhavam,1.17,Tirumālai
65,58,"இனிதிரைத் திவலை மோத
எறியுநஂதணஂ பரவை மீதே,
தனிகிடந் தரசு செய்யும்
தாமரைக் கண்ண னெம்மான்,
கனியிருந் தனைய செவ்வாய்க்
கண்ணணைக் கண்ட கண்கள்,
பனியரும் புதிரு மாலோ என்செய்கேன் பாவி யேனே","ini tirai ttivalai mōda
eṟiyum taṇ paravai mīdē
tani kiḍandaraśu śeyyum
tāmarai kkaṇṇan emmān
kani irundanaiya śevvāy
kaṇṇanai kkaṇḍa kaṇgaḻ
pani arumbu tirumālō
en śeygēn pāvi yēnē !","Oh Lord, who reclines on Ādiśeṣa in Śrīraṅgam, I am unable to withstand the beauty of Your divine form. Those rosy lips resembling bimba fruits and the red lotus-like eyes are mesmerizing my mind. You have reclined on the divine ocean whose waters are cool and soothing. What a sinner am I that my tears obstruct the view of Your divine form!","Continuing from the previous pāsuram, Āḻvār narrates the exquisite beauty of Bhagavān's divine form. Similar to the second pāsuram of Tirumalai, Āḻvār expresses his unbearable love for Bhagavān's divine form. That divya maṅgala rūpa possesses soft, rosy lips and eyes resembling lotus petals (kamala-nayana). Indeed, His form is mesmerizing, and whoever beholds it is stunned. Our minds can scarcely imagine a spark of such glory. 

Witnessing such a divine form, it is impossible for the devoted Āḻvār to hold back his tears. As they flow from his eyes, they hinder Āḻvār's view of the divine Lord. Āḻvār laments what a sinner he must be, unable to fully enjoy the Lord's divine form! Bhagavān's divya maṅgala rūpa, once seen, makes any devotee yearn to gaze upon it again and again. Unable to view His divine form is separation from Him, and thus Āḻvār cries out that his tears obstruct his view.",Toṇḍaraḍippoḍi Āḻvār,Śrī Raṅganātha,,Tirumēni Anubhavam,1.18,Tirumālai
66,59,"குடதிசை முடியை வைத்துக்
குணதிசை பாதம் நீட்டி,
வடதிசை பின்பு காட்டித்
தென்திசை யிலங்கை நோக்கி,
கடல்நிறக் கடவு ளெந்தை
அரவணைத் துயிலு மாகண்டு,
உடலெனக் குருகு மாலோ
எஞ்செய்கே னுலகத் தீரே","kuḍa diśai muḍiyai vaittu
kuṇa diśai pādam nīṭṭi
vaḍa diśai pinbu kāṭṭi
ten diśai ilaṅgai nōkki
kaḍal niṟa kkaḍavuḻ endai
aravaṇai ttuyilumā kaṇḍu
uḍal enakkurugum ālō
en śeygēn ulagattīrē !","You have placed Your crowned head towards the West, and towards the East, You have stretched Your legs, revealing those beautiful lotus feet. To the Northern direction, You have shown Your back, and You sleep on Ādiśeṣa facing South where Laṅkā stands. Oh my! After beholding the Supreme Lord as Śrīraṅganātha, my body melts! What can I do?","The divine Lord of Śrīraṅgam, Raṅganātha, reclines on the bed of Ādiśeṣa, but what is His posture? Āḻvār narrates this to us. His divine crown rests towards the West, and His lotus feet rest towards the East. To the North, He shows His back, while He faces Laṅkā by looking South. Fulfilling His promise to Vibhīṣaṇa to always watch over his kingdom, Raṅganātha faces towards Laṅkā. The Lord's crown echoes, ""The Lord here is the Supreme Brahman."" When a devotee beholds the crown, they might fear that Īśvara Himself is present, but the Lord's smile assures that although He is Īśvara, He is also Bhaktavatsala. He indeed yearns to meet us and shower grace upon us. While His right hand gestures towards the crown, indicating His status as Īśvara, His left hand points to His lotus feet. The Lord speaks to us, inviting us to surrender to Him and assuring us that He will take care of our material and spiritual progress. After witnessing such a divine form, how can one remain still? Āḻvār, whose devotion surpasses ours, is unable to maintain composure. His body trembles in ecstasy upon beholding the Thirumēṉi of Raṅganātha.",Toṇḍaraḍippoḍi Āḻvār,Śrī Raṅganātha,,Tirumēni Anubhavam,1.19,Tirumālai
67,60,"பாயுநீ ரரங்கந் தன்னுள்
பாம்பணைப் பள்ளி கொண்ட,
மாயனார் திருநன் மார்பும்
மரகத வுருவும் தோளும்,
தூய தாமரைக் கண்களும்
துவரிதழ் பவள வாயும்,
ஆயசீர் முடியும் தேசும்
அடியரோர்க் ககல லாமே?","pāyu nīr araṅgan tannuḻ
pāmbaṇai ppaḻḻi koṇḍa
māyanār tiru nan mārbum
maragada uruvum tōḻum
tūya tāmarai kkaṇgaḻum
tuvar idaz ppavaḻa vāyum
āya śīr muḍiyum tēśum
aḍiyarōrkkagalalāmē","How can a devotee refrain from reveling in Your divine form? The magnificent form of Yours in Śrīraṅgam, reclining on the bed called Ādiśeṣa. That broad chest of Yours where Śrī Herself resides. Your Thirumēṉi, beautiful to behold like majestic mountains, with its emerald hue. How can a devotee resist, even after glimpsing those rosy lips, coral mouth, and the ever-captivating lotus-like eyes!","The Āḻvār, in response to saṃsārins questioning why he suffers in bhagavad viṣayam, causing his body to melt and eyes to shed tears, instead of joining them in enjoying the pleasures of saṃsāra, describes the beauty of the Lord. He states that this beauty is for bhaktas to enjoy, asking rhetorically, ""How can one go away from that?"" He notes that holier things take shelter at Śrīraṅgam. He observes that the environment of Śrīraṅgam is conducive for them not to be polluted by saṃsāra. He describes how the river Kāveri happily flows around Śrī Raṅganāthan. Āḻvār points out that over the water, the Lord has spread His Ādiśeṣan bed. He states that the Lord is engaged in yōganidrā. While seen in standing and sitting postures in many divyadeśams, here He is seen as an elephant resting on the ground. The Āḻvār suggests that seeing Him in such a beautiful posture transcends one somewhere, and that perhaps this beauty alone brings us towards Him, which is magical.

Āḻvār notes that with the presence of Mahālakṣmī, the Lord's broad chest has become a special part of His divine body. He compares the Lord's appearance to a flood of water, a cool sight for the eyes. He likens the Lord's shoulders to a float for bhaktas to grab and come up when they sink in the enjoyment of seeing other divine limbs. He describes the cool kaṭākṣam (divine glance) of the Lord's eyes, which does not change whether He sees Mahālakṣmī or Hiraṇyakaśipu. Āḻvār states that such a cool glance should not be compared even with the finest earthly things like cool gentle breeze and lotus flower, as these are good for some and terrible for others. Hence, he prefixes the adjective 'tūya' (pristine pure) to His glance. He notes that the divine mouth with reddish lips and rows of teeth attracts all sorts of people, whether they are jñānis or pāpis. He indicates the Lord's aiśvaryam by mentioning the crown. Up to this point, the Āḻvār has described the avayava śobhai (beauty of individual divine parts). By 'tejas' (divine bodily effulgence or brilliance), the Āḻvār describes the samudāya śobhai (overall splendor of Śrī Raṅganātha). Āḻvār rhetorically asks how bhaktas can leave away all such beauties, which are here only for their enjoyment. He states that the beauty of the Lord is for devotees to enjoy, and that they are unable to leave such wealth, even if they are carried away by it.",Toṇḍaraḍippoḍi Āḻvār,Śrī Raṅganātha,,Tirumēni Anubhavam,1.20.,Tirumālai
68,61,"பணிவினால் மனம தொன்றிப்
பவளவா யரங்க னார்க்கு,
துணிவினால் வாழ மாட்டாத்
தொல்லைநெஞ்சே. நீ சொல்லாய்,
அணியனார் செம்பொ னாய
அருவரை யனைய கோயில்,
மணியனார் கிடந்த வாற்றை
மனத்தினால் நினைக்க லாமே?","paṇivināl manamadonṟi
pavaḻa vāy araṅganārkku
tuṇivināl vāza māṭṭā
tollai neñjē ! nī śollāy
aṇiyinār śem pon āya
aruvarai anaiya kōyil
maṇi anār kiḍanda āṭrai
manattināl ninaikkalāmē","Oh my adamant heart, hearken! please spell out the words of reply. Owing to your haughtiness you are wasting your life-time. Through utter modesty, you can attune your mind with the Lord Raṅganātha of coral lips. You can also submit your mind always to think of the effulgent reclining posture of the precious emerald- gem-like Lord Raṅganātha dwelling in the great massive Temple, which is an enchanting embodiment of the golden Meru mountain, as it were; why don't you do so?","Alvar speaks to his mind to rememebr the great Lord. He communicates to his tounge to chant the divine names of Bhagavan. Instead of wasting time on Samsric thoughts think about the Leelas of Bhahavan. The latter provides bliss (Anandam) unlike the temproory happiness provided by the former. Thinking about the divine form of the Ranganatha who posses the coral like lips increases ones Sattvica Guna. When Sattvica Guna increases, he devotes himself more towards Bhagavan. Hence Alvar calls out the mind to think about the divine form of the Lord. Let the mind think about Rangantha who is reclining on Adishesha. Let the mind thing about Srirangam which is covered by walls which are the personification of the divine mountain Meru.",Toṇḍaraḍippoḍi Āḻvār,Śrī Raṅganātha,,Tirumēni Anubhavam,1.21.,Tirumālai
69,62,"பேசிற்றே பேச லல்லால்
பெருமையொன் றுணர லாகாது,
ஆசற்றார் தங்கட் கல்லால்
அறியலா வானு மல்லன்,
மாசற்றார் மனத்து ளானை
வணங்கிநா மிருப்ப தல்லால்,
பேசத்தா னாவ துண்டோ ?
பேதைநெஞ் சே.நீ சொல்லாய்","pēśiṭrē pēśal allāl
perumai onṟuṇaral āgādu
āśaṭrār taṅgaṭkallāl
aṟiyal āvānum allan
māśaṭrār manattuḻānai
vaṇaṅgi nām iruppadallāl
pēśattān āvaduṇḍō
pēdai neñjē ! nī śollāy","Oh my destitute mind! answer me. Even the scriptures abound in the adorations of Him (Lord Raṅganātha), but they cannot fully encompass his supreme qualities. He cannot be known by the parviscient persons, because only men free from impurities can know Him. We should merely worship Him and be content with it; for, He rests only in the heart of persons with purity of mind. Is there anything we can say more about Him?","Alvar quotes again that how he is beyond the prakriti tattvas and hence no one can know him completly. Indeed his qualities and infinte and apar from our capability understand. Only he knows the Leelas he perform. The Taiterrya states aprāpya manasā saha .i.e even when the mind tried to reach him and understand Bhagavan, it returned baffled. But he resides in the heart of Yogis and devotees who have their mind free from impure thoughts just like Vishnu Sahasranama quotes it as yōgihṛddhyānagamyaṃ.

Hence, Alvar quotes that our mind is not capable of praising him when even Brahma, Rudra and other devatas could not praise the Supreme Lord. Hence, the best way for us to access him to chant his divine names and remember him. How else can we access him easily? Indeed there is nothing better than chainting his divine names.",Toṇḍaraḍippoḍi Āḻvār,Śrī Raṅganātha,,Paratattva Anubhavam,1.22,Tirumālai
70,63,"கங்கையிற் புனித மாய
காவிரி நடுவு பாட்டு,
பொங்குநீர் பரந்து பாயும்
பூம்பொழி லரங்கந் தன்னுள்,
எங்கள்மா லிறைவ னீசன்
கிடந்ததோர் கிடக்கை கண்டும்,
எங்ஙனம் மறந்து வாழ்கேன்
ஏழையே னேழை யேனே","kaṅgaiyin punidam āya
kāviri naḍuvu pāṭṭu
poṅgu nīr parandu pāyum
pūm pozil araṅgan tannuḻ
eṅgaḻ māl iṟaivan īśan
kiḍandadōr kiḍakkai kaṇḍum
eṅṅanam maṟandu vāzgēn
ēzaiyēn ēzaiyēnē !","Could I forget Him and live? No. He is our supreme Lord, Tirumāl. I do look at His reclining posture as Śrī Raṅganātha. He dwells in the great Temple surrounded by the flowery groves watered by the holy river, Kāverī (Poṇṇi) which gushes forth and is more sacred than even the pure Ganges (Gaṅgā). When such is His great grace to be so nearer to our vision, am I to forget Him? If I could forget Him, then I should be poor, poor only.","The sacred Kāviri, surpassing even the holy Gaṅgā in purity, flows with divine grace. How does she excel? Not only in her enchanting beauty (darśanīyatā) and delightful presence (bhōgyatā), but most significantly, she cradles the reclining form of Śrī Raṅganātha Himself. While Gaṅgā once touched the Lord's feet, she later lost that honor, becoming 'raudram' as she fell from Śiva's matted locks. But Kāviri? She holds the very Lord who created Gaṅgā from His divine feet, much like Yaśōdā cradling Śrī Kṛṣṇa in her lap.

Behold how Kāviri, overjoyed at reaching Śrīraṅgam, spreads her waters with enthusiasm, embracing this holy place. Śrīraṅgam, a veritable paradise of blooming gardens (pūmpoḻil araṅgam), speaks of sanctity and tranquility. The abundance of water nourishes eternal spring, mirroring the Lord's eternal youthfulness (saukumāryam).

But why has our beloved Lord (eṅgaḷ māl) chosen this idyllic setting? Not for His comfort, but out of boundless love for His devotees. He is Iṟaivan, Īśan – the Supreme Lord to whom everything belongs, using all as He wills. And how He reclines! While others might appear ungainly in repose, Perumāḷ's reclining posture (kiṭanthatōr kiṭakkai) radiates unparalleled beauty.

Oh, how can one witness such splendor and continue to live in forgetfulness? Before beholding His sayanakōlam, life in saṃsāra might have been bearable. But now, having seen the Lord's magnificence, how can this lowly soul (ēḻaiyēṉ) ever forget? Alvar states he (we) lack the subtle mind to fully appreciate His presence, yet he (we) cannot bear His absence. Truly, He is (we) the most wretched (ēḻaiyēṉē), for how can he now live separated from such divine beauty?",Toṇḍaraḍippoḍi Āḻvār,Śrī Raṅganātha,,,1.23,Tirumālai
71,64,"வெள்ளநீர் பரந்து பாயும்
விரிபொழி லரங்கந் தன்னுள்,
கள்ளனார் கிடந்த வாறும்
கமலநன் முகமும் கண்டு
உள்ளமே. வலியை போலும்
ஒருவனென் றுணர மாட்டாய்,
கள்ளமே காதல் செய்துன்
கள்ளத்தே கழிக்கின் றாயே","veḻḻa nīr parandu pāyum
viri pozil araṅgan tannuḻ
kaḻvanār kiḍanda vāṟum
kamala nan mugamum kaṇḍum
uḻḻamē ! valiyai pōlum
oruvan enṟuṇara māṭṭāy
kaḻḻamē kādal śeydu
un kaḻḻattē kazikkinṟāyē !","O wretched mind! do you think you are strong? You are not ready to accept Him as the only supreme Master. It is quite strange that even though you have already perceived His charming lotus-like face, and you have also seen his enthralling reclining posture. He, the enticing Lord who rests at the Śrīraṅgam Temple girt with vast groves flooded by the sweet Kāverī waters, nevertheless you are shrewd and your devotion is, indeed, delusive. Alas, you are wasting your time cunningly.","The sacred Kāveri, born from the hallowed Sahyādri mountains, cascades with abundant waters and love through the lush gardens of Śrīraṅgam. Her devotion to the Lord is palpable as she approaches this divine abode, her waters spreading wide to embrace Śrī Raṅganātha in a tender aquatic embrace. But why does our Lord recline here? He is Kaḷvanār, the Divine Thief, who has descended to 'steal' away the misguided notion of independence from us saṃsārins, who have ourselves stolen our own ātmavastu.

Ah, but how cleverly He steals! Not through grand declarations that might incite resistance as in His Rāma and Kṛṣṇa avatāras, but through the simple, irresistible allure of His divine repose (kiṭanta āṟu). It is not His kalyāṇa guṇas or the beauty of His divine limbs that captivates us, but this exquisite reclining posture alone.

Behold His lotus-like countenance (kamala nal mukam)! Though we compare it to a lotus in bloom - its redness, fragrance, and coolness - His face surpasses even this noble flower. For while the lotus has its imperfections, the Lord's visage is eternally auspicious, pure sattva unmarred by material modes. It is jyotirmayam, radiant beyond compare, never diminishing, the sole eternal coolness in this fleeting saṃsāra.

Yet, oh our mind! (uḷḷamē)! How hard (valiyai) it remain! Even after witnessing such divine form (tirukkōlam) and countenance (tirumukha maṇḍalam), our mind fail to recognize Him as the One without second (oruvan eṉṟu uṇara māṭṭāy). Had you truly realized His advitīya nature, wouldn't you be consumed by an unquenchable thirst for bhagavad viṣayam?

Alas, the love we profess (kātal seytu) is but artificial (kaḷḷamē), a mere phalabhakti. Even in the presence of such paramabhāgyam, our devotion falls short of its exalted subject. While the Lord showers boundless love, while Kāveri flows with extraordinary devotion, my manas still fails to exhibit fitting bhakti. Oh, how we squander (kaḻikkiṉṟāyē) this precious opportunity in mere pretense (kaḷḷattē)!",Toṇḍaraḍippoḍi Āḻvār,Śrī Raṅganātha,,Tirumēni Anubhavam,1.24,Tirumālai
72,65,"குளித்து மூன்றனலை ஓம்பும்‌,
குறி கொள்‌ அந்தணமை தன்னை.
ஒளித்திட்டேன்‌ என்‌ கண்‌ இல்லை.
நின்‌ கணும்‌ பத்தன்‌ அல்லேன்‌,
களிப்பதென்‌ கொண்டு நம்பீ !.
கடல்‌ வண்ணா ! கதறுகின்றேன்‌
அளித்தெனக்கருள்‌ செய்‌ கண்டாய்‌.
அரங்க மா நகருளானே ! ","kuḻittu mūnṟanalai ōmbum
kuṟi koḻ andaṇamai tannai
oḻittiṭṭēn en kaṇ illai
nin kaṇum pattan allēn
kaḻippaden koṇḍu nambī !
kaḍal vaṇṇā ! kadaṟuginṟēn
aḻittenakkaruḻ śey kaṇḍāy
araṅga mā nagaruḻānē !","I have thoroughly neglected Varṇāśrama dharma, the duties of caste and stage of life, viz. bathing thrice and adoring the three fires properly. I don't even look at them as my duties. Nor am I devoted to you. Oh Lord full of immense auspicious features! I have not done anything properly. How could I be pleased? O Lord of ocean-like blue colour! I am just crying aloud. O Lord of the great city, Srirangam! I beseech you, protect me and shower your ineffable grace on me.","The Āḻvār states that he does not have the capability to observe the rigorous rites meant for the three varṇika people. He declares himself incapable of adopting jñāna or bhakti yōgams to reach Him. The jñānam and bhakti, which the Āḻvār has shown until now, have come to him as bhagavat prasādam and helped him to enjoy the Lord. This jñānam and bhakti do not fall under the categories of jñāna yōgam and bhakti yōgam.

Āḻvār speaks of the many types of snānam (bathing) such as nitya snānam, naimittika snānam, prāyaścitta snānam, etc. He notes that one type of snānam does not represent the other and they differ for various occasions. He mentions the three sacred fires - gārhapatyam, āhavanīyam, and dakṣiṇāgni - that a brāhmaṇa must maintain. The Āḻvār compares a karmayōgi to a mother who always carries water and food for her weak child, always needing to carry firewood to maintain the fire. These, he says, are examples of the many rituals that must be strictly followed even before indulging in karmayōgam.

Āḻvār points out that even if one slip occurs while observing these rigorous rituals - be it mantralōpam, kriyālōpam, dravyalōpam, kālabhēdam - the ritual bears no fruit. ""Karaṇam tappiṉāl maraṇam,"" says Periya Vachan Pillai. The Āḻvār confesses that apart from not having brāhmaṇyam, he also feigned Brahminism to the extent that the whole clan was belittled in society's eyes. This, he states, is the status of his karmayōgam. He declares that as karmayōgam is not relevant to him, jñāna yōgam is also irrelevant. Ātmāvalōkanam (sākṣātkāram of ātma) is also not possible for him. He recalls Śrī Yāmunācārya's stotra ratna verse: ""na dharma niṣṭhōsmi na ca ātma vēdi na bhaktimān"". He counters the argument that karmayōga anuṣṭhānam of a previous birth might have led to jñāna yōgam in this birth, stating that even that is not present in him. Āḻvār states that as he cannot even see his ātma, how can he meditate on the Lord. Thus, he is not a bhaktimān either. He declares that all three yōgās are not relevant to him, recalling the ""nōṟṟa nōṉbilēṉ"" and ""kaṟavaigaḷ piṉseṉṟu"" pāsurams.

Āḻvār admits he has no credits from any of these ways and is thus 'akiñcanan'. But he appeals to the Lord, who is guṇapūrṇan (repository of virtues), to save him. His appeal is similar to the Tiruppāvai pāsuram, where Śrī Āṇḍāḷ says ""aṟivoṉṟum illātha āykulam"" followed by ""kuṟai oṉṟum illātha gōvindā"". As in previous pāsurams where the Āḻvār described the Lord as ""aiyappāḍu aṟuttu tōṉṟum aḻagaṉ"" and ""āḍaram peruga vaitta aḻagaṉ"", here too he praises the Lord's beauty, comparing Him to the color of the sea. He states that he is only able to do maṅgaḷāśāsanam to the Lord's beauty. Although unworthy in other ways, he declares the Lord as his śaraṇyan (refuge).

Āḻvār pleads with the Lord to make him eligible for His grace and to grace him. The Āḻvār reminds the Lord that He has not come down to save blemishless people, but to save those without credits. He states that there can be no one more suitable than himself, as he looks only to the Lord. Although he has no credits, he depends solely on the Lord. He spends his time enjoying the Lord's divine beauty. He reminds the Lord that as the repository of all virtues, He must make the Āḻvār eligible for His grace and save him.",Toṇḍaraḍippoḍi Āḻvār,Śrī Raṅganātha,,Śaraṇāgati,1.25,Tirumālai
73,66,"போதெல்லாம்‌ போது கொண்டு.
உன்‌ பொன்னடி புனைய மாட்டேன்‌.
தீதிலா மொழிகள்‌ கொண்டு.
உன்‌ திருக்குணம்‌ செப்ப மாட்டேன்‌.
காதலால்‌ நெஞ்சம்‌ அன்பு,
கலந்திலேன்‌ அது தன்னாலே.
ஏதிலேன்‌ அரங்கர்க்கெல்லே !,
என்‌ செய்வான்‌ தோன்றினேனே !","pōdellām pōdu koṇḍu
un ponnaḍi punaiya māṭṭēn
tīdilā mozigaḻ koṇḍu
un tirukkuṇam śeppa māṭṭēn
kādalāl neñjam anbu
kalandilēn adu tannālē
ēdilēn araṅgarkkellē !
en śeyvān tōnṟinēnē ! Á","Oh Lord of the great city, Śrirangam! I do not offer the fragrant flowers at the pair of your benign golden feet at any time. Nor do I praise you, delineating your auspicious qualities through the faultless words. Nor even am I devoted to you, heart and soul brimming with love. Therefore, you cannot count me as your own servant/devotee. Why have I been born? No purpose at all.","The Āḻvār laments his inability to worship the Lord properly. He states that while he had both eagerness and strength for worldly matters, he lacked these for divine service. He cites Viṣṇu Dharmam, which says only hands that worship Hari are true hands. The Āḻvār confesses to worshipping inappropriate things harmful to him in both saṃsāra and Śrī Vaikuṇṭha. He expresses his failure to praise the Lord's auspicious qualities with his speech, contrary to Viṣṇu Dharmam's teaching that the tongue praising Hari is the true tongue. The Āḻvār admits his tongue rolls easily for lowly matters but not for divine praise.

Regarding his heart, the Āḻvār confesses it hasn't shown true affection towards the Lord. He references Bhagavad Gītā to explain how worldly desires could be diverted towards the divine, but admits failing in this too. He cites Āḷavandār's Stotra Ratnam and Viṣṇu Purāṇam to illustrate his past insincere affections. The Āḻvār declares himself without anything (ēdhilēn) towards the Lord, who possesses all auspicious qualities as described in Stotra Ratnam. He laments losing the Lord not due to the Lord's distance or inappropriateness, but due to his own sin. Finally, the Āḻvār questions the purpose of his birth, stating that instead of using his God-given limbs for worship, he wasted them. He concludes that his birth, rather than benefiting anyone, has become a cause for many misdeeds for himself and others.
",Toṇḍaraḍippoḍi Āḻvār,Śrī Raṅganātha,,Dāsya,1.26,Tirumālai
74,67,"குரங்குகள்‌ மலையை நூக்கக்‌,
குளித்துத்‌ தாம்‌ புரண்டிட்டோடி .
தரங்க நீர்‌ அடைக்கல்‌ உற்ற.
சலம்‌ இலா அணிலும்‌ போலேன்‌,
மரங்கள்‌ போல்‌ வலிய நெஞ்ச,
வஞ்சனேன்‌ நெஞ்சு தன்னால்‌,
அரங்கனார்க்காட்‌ செய்யாதே,
அளியத்தேன்‌ அயர்க்கின்றேனே ! ","kuraṅgugaḻ malaiyai nūkka
kuḻittu ttām puraṇḍiṭṭōḍi
taraṅga nīr aḍaikkal uṭra
śalam ilā aṇilum pōlēn
maraṅgaḻ pōl valiya neñja
vañjanēn neñju tannāl
araṅganārkkāṭ ceyyādē
aḻiyattēn ayarkkinṟēnē !","O Lord Ranganatha! when the hosts of monkeys lifted up and carried hillocks for constructing a bund across the sea (in their service to Lord Rama), the small squirrel, free from deceit, transported particles of sand from the earth to the sea, by bathing in the sea first and rolling on the sands, and again bathing in the water of the sea. But, I am not like the squirrel free from malice. My mind is hard like the intractable trees. I am full of deceit in my heart. I do not carry out any service to You at all. Still I think that I am worthy of your grace. However, I do get lost myself.","The Āḻvār describes the scene of monkeys building the bridge to Laṅkā, emphasizing their eagerness to serve Rāma. He notes that many monkeys moved each mountain, showing their desire to participate in Rāma's service. He then speaks of the squirrels' contribution, who, seeing the monkeys' work as insufficient, decided to help. The squirrels would wet themselves in the ocean, roll in sand, and shake it off between the mountains. The Āḻvār admires their selfless service (salam ilā), contrasting it with his own lack of such devotion. The Āḻvār laments that his heart is as hard as trees, which unlike iron, cannot be shaped even when heated. He confesses to being deceitful, putting on an act of devotion while lacking true involvement in the Lord's matters. He admits to not serving the Lord with his heart as the squirrels did, despite the Lord valuing even small acts done with good intentions. The Āḻvār expresses sorrow at his failure to perform continuous service as expected of the ātmā. Finally, the Āḻvār states that he has forgotten the Lord and become useless, not due to distance from the Lord or lack of qualification, but due to his own forgetfulness. He references Tirumaṅgai Āḻvār's words to emphasize this point.",Toṇḍaraḍippoḍi Āḻvār,Śrī Raṅganātha,Śrī Rāma,Dāsya,1.27,Tirumālai
75,68,"உம்பரால்‌ அறியல்‌ ஆகா.
ஒளி உளார்‌ ஆனைக்காகி.
செம்‌ புலால்‌ உண்டு வாழும்‌.
முதலை மேல்‌ சீறி வந்தார்‌.
நம்‌ பரம்‌ ஆயதுண்டே_ஃ
நாய்களோம்‌ சிறுமை ஓரா,
எம்பிராற்காட்‌ செய்யாதே,
என்‌ செய்வான்‌ தோன்றினேனே !","umbarāl aṟiyal āgā
oḻi uḻār ānaikkāgi
śem pulāl uṇḍu vāzum
mudalai mēl śīṟi vandār
nam param āyaduṇḍē
nāygaḻōm śiṟumai ōrā
embirāṟkāṭ ceyyādē
en śeyvān tōnṟinēnē !","The Lord of glittering effulgence, unknown to Brahmā, Śiva and other gods, came out swiftly in anger, against the crocodile which lives on bloody flesh, to protect the elephant (ready to offer the lotus flower by his trunk). Are we able to save ourselves from any burden? No. We are merely dogs. We don't realise our meekness. Without doing service to our supreme Lord Ranganātha, for what purpose have I been born at all?","The Āḻvār humbly acknowledges his inability to observe the rigorous rites prescribed for the three varṇika people. He confesses his incapacity to adopt jñāna or bhakti yōgams as means to reach the Lord. The jñānam and bhakti that the Āḻvār has exhibited thus far have come to him as bhagavat prasādam, enabling him to relish the Lord's divine beauty. It is important to note that this jñānam and bhakti do not fall under the categories of jñāna yōgam and bhakti yōgam.

The Āḻvār eloquently speaks of the various types of snānam (ritual bathing) such as nitya snānam, naimittika snānam, and prāyaścitta snānam. He observes that each type of snānam serves a distinct purpose and differs for various occasions. He reverently mentions the three sacred fires - gārhapatyam, āhavanīyam, and dakṣiṇāgni - that a brāhmaṇa must diligently maintain.

Drawing a poignant comparison, the Āḻvār likens a karmayōgi to a devoted mother who constantly carries water and food for her weak child, always needing to gather firewood to maintain the sacred fire. These, he explains, exemplify the numerous rituals that must be meticulously followed even before embarking on karmayōgam.
With great humility, the Āḻvār points out that even a single lapse in observing these rigorous rituals - be it mantralōpam, kriyālōpam, dravyalōpam, or kālabhēdam - renders the ritual fruitless. As Periya Vachan Pillai wisely states, ""Karaṇam tappiṉāl maraṇam"" (a mistake in performance leads to spiritual death).

The Āḻvār candidly confesses that not only does he lack true brāhmaṇyam, but he has also feigned Brahminism to such an extent that his entire clan has been belittled in society's eyes. This, he laments, is the pitiful state of his karmayōgam. He humbly declares that as karmayōgam is irrelevant to him, so too is jñāna yōgam. Ātmāvalōkanam (direct perception of the self) is also beyond his reach.

Recalling Śrī Yāmunācārya's profound words from the stotra ratna, ""na dharma niṣṭhōsmi na ca ātma vēdi na bhaktimān"" (I am neither steadfast in dharma, nor a knower of the self, nor filled with devotion), the Āḻvār aligns himself with this sentiment. He refutes the notion that karmayōga anuṣṭhānam from a previous birth might have led to jñāna yōgam in this life, stating that even this is absent in him.

The Āḻvār humbly admits that as he cannot even perceive his own ātma, how can he hope to meditate on the Lord? Thus, he acknowledges that he is not a bhaktimān either. He declares with profound honesty that all three yōgās are beyond his reach, echoing his earlier sentiments expressed in the pāsurams ""nōṟṟa nōṉbilēṉ"" and ""kaṟavaigaḷ piṉseṉṟu"".

Acknowledging his lack of spiritual credits, the Āḻvār humbly admits to being 'akiñcanan' (one who has nothing). Yet, he fervently appeals to the Lord, who is guṇapūrṇan (the repository of all virtues), to save him. His heartfelt plea resonates with Śrī Āṇḍāḷ's words in Tiruppāvai: ""aṟivoṉṟum illātha āykulam"" followed by ""kuṟai oṉṟum illātha gōvindā"".

As in previous pāsurams where the Āḻvār reverently described the Lord as ""aiyappāḍu aṟuttu tōṉṟum aḻagaṉ"" and ""āḍaram peruga vaitta aḻagaṉ"", here too he extols the Lord's beauty, likening Him to the majestic hue of the sea. He humbly states that he is only capable of offering maṅgaḷāśāsanam (auspicious praises) to the Lord's divine beauty. Though unworthy in other respects, he wholeheartedly declares the Lord as his śaraṇyan (ultimate refuge).

With deep devotion, the Āḻvār implores the Lord to make him worthy of His grace and to bestow His blessings upon him. He gently reminds the Lord that His divine purpose is not to save the already blemishless, but to redeem those without spiritual credits. The Āḻvār humbly suggests that there can be no one more suitable for the Lord's grace than himself, as he looks solely to the Lord for salvation.

Though bereft of spiritual merits, the Āḻvār's unwavering dependence on the Lord and his constant contemplation of the Lord's divine beauty serve as his only solace. He respectfully reminds the Lord that as the repository of all virtues, it is incumbent upon Him to make the Āḻvār eligible for His grace and to ultimately save him from the cycle of saṃsāra.",Toṇḍaraḍippoḍi Āḻvār,Śrī Raṅganātha,,Dāsya,1.28,Tirumālai
76,69,"ஊர்‌ இலேன்‌ காணி இல்லை.
உறவு மற்றொருவர்‌ இல்லை.
பாரில்‌ நின்‌ பாத மூலம்‌,
பற்றிலேன்‌ பரம மூர்த்தி.
கார்‌ ஒளி வண்ணனே !
கண்ணனே ! கதறுகின்றேன்‌ .
ஆர்‌ உளர்‌ களை கண்‌ அம்மா !,
அரங்க மா நகருளானே !","ūr ilēn kāṇi illai
uṟavu maṭroruvar illai
pāril nin pāda mūlam
paṭrilēn parama mūrtti
kār oḻi vaṇṇanē !
kaṇṇanē ! kadaṟuginṟēn
ār uḻar kaḻai kaṇ ammā !
araṅga mā nagaruḻānē !","I don't belong to any sacred place; nor do I possess any acre of land; nor even do I have any kinsmen; on this earth, I have not even any trace of devotion towards the sole of the pair of your feet. Oh supreme Lord! O lustrous Lord of rain-cloud- hue! O Lord Kṛṣṇa of enticing beauty! prithee, I do cry aloud. Who else is there to weed out my difficulties other than You? Oh Lord of the great city, Śrirangam!","The ""ūr"" (town) that the Āḻvār refers to here is not any ordinary town. He speaks of divya dēśams where emperumāṉ eternally resides, such as Śrī Sālagrāmam, Śrī Rāma's birthplace Ayodhyā, and Śrīraṅgam (Thiruvaraṅgam), the foremost of all arcāvatāra sthalams. How can the term ""ūr"" refer to divya dēśam? It does so due to the context of this particular section of Thirumālai, which deals with the Āḻvār's ākiñcanyam - his utter helplessness in attaining emperumāṉ. Since he states ""ūrilēṉ"", the term ""ūr"" must signify a path to mōkṣam. As there is no sentient being who is not born in a town, if ""ūr"" were to refer to any town, then all towns would become means to attain mōkṣam. There is no authoritative source to support such an interpretation. Thus, considering various authentic sources, one must conclude that ""ūr"" refers specifically to divya dēśam.
The Āḻvār humbly admits, ""Had I been born in a divya dēśam, You would have endeavored to rescue me, as I would have been born in a place that gives You joy. Alas, I do not even have that to my credit."" Is there evidence to suggest that residing in a divya dēśam can lead to one's salvation? Indeed, there are many. The Gāruḍa Purāṇam 11 states: ""dēśo'yam sarvakāma duk"" (this place confers everything). Śrī Rāmāyaṇa, Āraṇya Kāṇḍam 1.20 declares: ""tē vayaṁ bhavatā rakṣyā bhavat viṣaya vāsinaḥ"" (we, who dwell and suffer in Your domain, are to be protected by You) [thus speak the ṛṣis of Daṇḍakāraṇyam to Śrī Rāma]. Śrī Rāmāyaṇa, Uttara Kāṇḍam 109.22 proclaims: ""nocchvasat tadayodhyāyāṁ susūkṣmamapi dṛśyatē | tiryak yoni gatāścānyē sarvē rāmānuvratāḥ ||"" (Not even the tiniest creature remains alive in Ayodhyā. All beings, including animals, have followed Śrī Rāma [to Paramapadam]). Thus, numerous authoritative sources confirm this.

""Even if you were not born in a divya dēśam, perhaps you have some connection through landed property. Do you possess such a link?"" asks emperumāṉ. The Āḻvār humbly responds that he lacks even that. In bygone days, land was often gifted or leased for performing kainkaryams to emperumāṉ, such as reciting Tiruppallāṇḍu in the temple or creating gardens for stringing flower garlands for Him. The Āḻvār confesses that he lacks this connection as well. Emperumāṉ inquires further, ""Even if you lack a connection through birth or landed property with a divya dēśam, do you have any association through people there with whom you exchange gifts or through mantras (either learning or teaching)?"" The Āḻvār replies that he has no relatives there, thus no connection with divya dēśam. By saying ""no one,"" he emphasizes the absence of even distant relatives he might have occasionally encountered or friends with whom he might have had some association - there is absolutely no one, the Āḻvār laments.
In that case, where does the Āḻvār reside?

The Āḻvār states that he dwells on this earth, which creates boundless difficulties for those without a place to stay. He contrasts this with Śrīvaikuṇṭham, described in Mūṉṟām Tiruvandhādhi 51 as ""kalaṅgāp perunagaram"" (the trouble-free great abode). In Śrīvaikuṇṭham, one can live without worry, free from the afflictions of lust, anger, and other vices. On this earth, however, seven people vie for the food and clothing meant for one person. ""I am living in such a wretched place,"" the Āḻvār laments. ""I have no connection with Your divine feet, which offer refuge to those who have nowhere else to turn,"" confesses the Āḻvār. Niṉ pādhamūlam - Śrī Rāmāyaṇa, Sundara Kāṇḍam 38.33 states: ""sa pitrā ca parityaktas suraiśca sa maharṣibhiḥ | trīn lokān samparikramya tamēva śaraṇaṁ gataḥ ||"" (Kākāsuran, abandoned by his father, mother, celestial beings, and sages, traversed all three worlds before finally seeking refuge at Śrī Rāma's feet). The Āḻvār expresses his deep anguish at being unworthy to seek refuge under emperumāṉ's divine feet, which granted sanctuary even to Kākāsuran, who had committed an intolerable offense and became the target of His brahmāstra. Periya Perumāḷ then tells him, ""If you have no benefit in any way, it seems there is no alternative but to forfeit the opportunity of attaining Me.""

The Āḻvār responds, ""I have nothing to protect myself. But don't You have the means to protect me? You possess boundless resources. Aren't You the Lord of all, far above everyone else? Only by protecting me too can You truly be the Lord of all. If You do not protect a śēṣabhūtan (a devoted follower), You cannot be a śēṣi (the Supreme Lord). For that to occur, shouldn't a śēṣabhūtan realize his servitude?"" The sentiment here is that even when the sentient being, in a state of delusion, believes himself to be independent, sarvēśvaran, considering Himself the owner and the sentient being His possession, will correct the being and make him realize the true relationship between them.

Emperumāṉ asks the Āḻvār, ""Since it is undeniable that you are My servitor, what is the means for you to attain that servitorship?"" To which the Āḻvār responds that His divine beauty is the means.
Kāroḷi vaṇṇaṉē - In pāsuram 16, the Āḻvār had said ""ādharam perugavaitta aḻagaṉ"" (the beautiful form of emperumāṉ that engenders affection). Emperumāṉ initially kindles interest towards Himself in the mind of the sentient being. Once this interest is awakened, His form (beauty) becomes the means for the being to attain Him. When that beauty resides in emperumāṉ, there is no obstacle for the Āḻvār to obtain servitorship, he declares.

Even if the form is beautiful, instead of remaining in Śrīvaikuṇṭham where You could not be reached, You made Yourself accessible to us by taking various incarnations and exhibiting auspicious qualities such as saulabhyam (simplicity). Since You are parama mūrtti, You are our incomparable Lord; since You are kāroḷi vaṇṇaṉ, You create in us, as upāyam (means), everything beginning with desire; since You are Kaṇṇaṉ, You possess auspicious qualities such as simplicity and affability. With all these attributes, how can I fail to achieve my goal? You are the perfect Lord for us all. Even if You were not the Lord, Your beauty is such that we cannot ignore You. Even if You lacked these two great qualities, You possess auspicious qualities like simplicity and affability, and You associate closely with us. With such an entity as You present, I have no deficiency.
Kadhaṟugiṉṟēṉ - When I contemplate such greatness in You, I cry out to You, just as those who observe other means such as bhakti cry out when there is a delay in attaining You.

Are You delaying in protecting me when I cry out to You because You think someone else will protect me? Can I protect myself with nothing in my possession? Can someone else, who doesn't know as well as I do that I have nothing, protect me? If the possession is destroyed, is it not a loss to You, the Owner? Even if You are the owner, if You were not near me, I might have remained calm, using that as an excuse. The meaning here is that ""when You are reclining in the nearby temple [at Śrīraṅgam], anticipating whether someone will come calling out to You to attain You, how can I remain silent and not cry out to You?""",Toṇḍaraḍippoḍi Āḻvār,Śrī Raṅganātha,Śrī Kṛṣṇa,Śaraṇāgati,1.29,Tirumālai
77,70,"மனத்தில்‌ ஓர்‌ தூய்மை இல்லை.
வாயில்‌ ஓர்‌ இன்‌ சொல்‌ இல்லை,
சினத்தினால்‌ செற்றம்‌ நோக்கித்‌,
தீ விளி விளிவன்‌ வாளா.
புனத்துழாய்‌ மாலையானே !
பொன்னி சூழ்‌ திருவரங்கா
எனக்கினிக்‌ கதி என்‌ சொல்லாய்‌.
என்னை ஆளுடைய கோவே !","manattil ōr tūymai illai
vāyil ōr in śol illai
śinattināl śeṭram nōkki
tī viḻi viḻivan vāḻā
punattuzāy mālaiyānē !
ponni śūz tiruvaraṅgā
enakkini kkati en śollāy
ennai āḻuḍaiya kōvē !","Neither I have purity of mind, nor do I utter amicable words. Angrily I am always expressing the burning words of insult (to one and all), without any cause whatsoever. O Lord adorned with fragrant Tulasi garlands! O sacred Lord of Srirangam, girt with the great river Ponni (Kāvēri)! You are the supreme Lord who have myself as your dependent. Kindly tell me, henceforth, what is the way left for me to reach the supreme goal.","""Na cakṣuṣā gṛhyatē nāpi vācā manasā tu viśuddhēna"" (The Supreme Self cannot be apprehended by the eyes or speech; only through a purified mind can He be realized). Śrī Viṣṇu Purāṇam 1.4.41 declares: ""yē tu jñānavidhaḥ śuddha cētasastē'khilaṁ jagat | jñānātmakaṁ prapaśyanti tvad rūpaṁ paramēśvara"" (O Paramēśvara! Those who realize that the Self is of the nature of knowledge and possess purified minds perceive the entire world as permeated with knowledge and as Your body). Thus, the śāstras affirm that purity of mind is considered a means for experiencing paramātmajñānam (knowledge of the Supreme Self).

The Āḻvār humbly confesses that he lacks even this purity of mind. By saying ""ōr tūymai"", he indicates that he lacks even the slightest purity one might attain if any of the mind's impurities such as kāmam (lust), kōpam (anger), lōbham (greed), bhayam (fear), dvēṣam (hatred), madam (arrogance), mōham (delusion), and mātsaryam (envy) were diminished. By stating ""tūymai illai"", he emphasizes that it is not a matter of his mind being occasionally muddled and occasionally pure. Rather, he asserts that he is perpetually devoid of mental purity. There is no purity of mind, granted. But at least, through speech, is there the virtue of uttering sweet words? The Āḻvār laments that he lacks even this. By saying ""ōr iṉsol illai"", he confesses that he has never inquired about another's well-being, which could be pleasing to their ears. He intimates that even when others inquire about his well-being, he has not responded kindly. Just as Tirumaṅgai Āḻvār said in Periya Tirumoḻi 1.6.5, ""neḍuñ collāl maṟutta nīcaṉēṉ"" (I am a lowly person who rebuked with harsh words), this Āḻvār echoes the same sentiment. By using ""ōr"", he hints that even in conversations with those he loves, he uses only harsh words that sear their ears. Thus, with these two phrases, he succinctly expresses what he had elaborated in the previous five pāsurams.
From this point onward, for the remainder of the pāsuram, he speaks of his negative qualities.

Even if he lacked purity of mind and sweetness of speech, others could distance themselves from him and carry on. But he does not stop there. He voluntarily approaches a person of some greatness and, without reason, causes them harm. Initially, he displays all the anger in his mind and looks at them with hostility. ""Seṟṟam nōkki"" means to look with enmity. Alternatively, since both ""seṟṟam"" and ""siṉam"" indicate anger, their combined use here signifies intense anger. The implication is that his fiery gaze would almost cause the other person to collapse under the weight of his wrath. It is not only through looks; even the words he uses would seem like burning embers to the other person, causing them to wither completely. Is the purpose of all this to gain anything?

These actions are not performed in anticipation of any benefit. Looking at someone with anger and scolding them with harsh words become sources of enjoyment in themselves. No other benefit is needed for such actions. The sentiment here is that just as virtuous persons consider doing good to others as inherently beneficial, the Āḻvār regards harming others as inherently rewarding to himself.
Periya Perumāḷ says that since he is such a reprehensible person, there would be no benefit in compelling him. The Āḻvār responds:

Sentient beings cannot abandon Him after recognizing their own lowliness because He has pledged to protect them if they desire Him. He wears a garland of tuḷasī to openly display this quality. The meaning here is that since You are the ordained Lord and after perceiving Your sweetness, how can I let go of You? ""Puṉam"" refers to the land where the tuḷasī plant flourishes. The tuḷasī on His chest thrives as it would in its native soil, and He wears such a garland. Even if You are a protector, if You are not near me, it will not benefit me. Only to ensure that even the lowliest can attain You, You have come to Śrīraṅgam and assumed a reclining posture here. This is my good fortune, the Āḻvār feels. ""Poṉṉi sūḻ"" - atop the tuḷasī garland, the holy Kāvēri surrounding Him is like another garland.

To me, with all the lowliness that has been described thus far. Considering my unworthiness, I cannot protect myself, and after entrusting the responsibility of protecting me to You, Please show me the path to my salvation. Even after accumulating all these faults such that it seems impossible to uplift himself, the Āḻvār can still plead his case with Him for upliftment because emperumāṉ is the ordained Lord. ""What compels Me to show you the way to your salvation?"" asks emperumāṉ. You being the svāmi (Lord) and I being the servitor are eternal states. Hence, who else can protect me? If my ātmavastu (the entity called ātmā) were to degrade, wouldn't the shortcoming due to that be Yours?",Toṇḍaraḍippoḍi Āḻvār,Śrī Raṅganātha,,Śaraṇāgati,1.30.,Tirumālai
78,71,"தவத்துளார்‌ தம்மில்‌ அல்லேன்‌.
தனம்‌ படைத்தாரில்‌ அல்லேன்‌,
உவர்த்த நீர்‌ போல.
என்‌ தன்‌ உற்றவர்க்கொன்றும்‌ அல்லேன்‌ -
துவர்த்த செவ்வாயினார்க்கே ,
துவக்கறத்‌ துரிசன்‌ ஆனேன்‌ .
அவத்தமே பிறவி தந்தாய்‌,
அரங்க மா நகருளானே !","tavattuḻār tammil allēn
tanam paḍaittāril allēn
uvartta nīr pōla
en tan uṭravarkkonṟum allēn
tuvartta śevvāyinārkkē
tuvakkaṟa tturiśan ānēn
avattamē piṟavi tandāy
araṅga mā nagaruḻānē !","Oh Lord of the great temple town, Srirangam! I don't belong to any one group of the aspirants; nor do I belong to the wealthy class; I am, indeed, nothing worth the name even to my relatives, i.e., I am like brackish water (of slums); enticed by the rosy lips of damsels, I have become a knave. O Lord Ranganatha! You have merely given me a lease of life that I spend in vain.","The Āḻvār laments his spiritual inadequacy, confessing that he did not engage in tapas (penance) for attaining mokṣa. He cites the Bṛhadāraṇyaka Upaniṣad 6.4.22, which states that brahma jñānis seek to know Paramātmā through Vedic recitation, rituals, donations, and desireless penance. The Āḻvār admits he neither joined those who performed penance for mokṣa nor those who sought svarga (heaven). He even distanced himself from those who, upon realizing shortcomings in their penance, made atonements.

Regarding wealth, the Āḻvār confesses he was not among those who earned money for noble purposes, as prescribed in the Bhagavad Gītā 18.5 and 17.20. He acknowledges the Taittirīya Upaniṣad's directive to earn wealth even through questionable means if it's for hosting guests, but admits he failed to follow this path.

The Āḻvār expresses his inability to be of any use to his relatives, comparing himself to salty water that causes discomfort. He confesses to causing harm to his kin, bringing shame upon himself. Even towards women, whom he should have treated with affection, he behaved poorly, becoming a thief (thurisan) of their trust.

Addressing Raṅganātha, the Lord of Śrīraṅgam, the Āḻvār laments the apparent waste of his birth (avattamē piṟavi tandāy). He acknowledges that his karma led to his lowly state but doesn't blame the Lord, understanding that both his actions and inactions are under divine control. The Āḻvār alludes to the Bhagavad Gītā 10.10, recognizing that if the Lord chose to grant him good intelligence, nothing could prevent it.

Finally, the Āḻvār points out that despite the Lord's presence in Śrīraṅgam (Araṅga mā nagar) to guide those lost in worldly pursuits, this divine grace did not seem to fructify in his case. This poignant confession reflects the Āḻvār's deep introspection and his yearning for spiritual redemption.",Toṇḍaraḍippoḍi Āḻvār,Śrī Raṅganātha,,,1.31,Tirumālai
79,72,"ஆர்த்து வண்டலம்பும்‌ சோலை
அணி திருவரங்கந்‌ தன்னுள்‌ ,
கார்த்‌ திரள்‌ அனைய மேனிக்‌,
கண்ணனே ! உன்னைக்‌ காணும்‌
மார்க்கம்‌ ஒன்றறிய மாட்டா,
மனிசரில்‌ துரிசனாய,
மூர்க்கனேன்‌ வந்து நின்றேன்‌.
மூர்க்கனேன்‌ மூர்க்கனேனே","ārttu vaṇḍalambum śōlai
aṇi tiruvaraṅgan tannuḻ
kār ttiraḻ anaiya mēni
kaṇṇanē ! unnai kkāṇum
mārkkam onṟaṟiya māṭṭā
maniśaril turiśanāya
mūrkkanēn vandu ninṟēn
mūrkkanēn mūrkkanēnē","Oh Lord Kṛṣṇa of charming beauty like the dense dark rainy clouds! You are dwelling as Śri Ranganatha at Srirangam beautified by the surrounding groves resounding with the humming of honey-bees. I am only a knave among human beings because I do not know the right path to perceive You in the proper perspective. Though I have come (seeking you), nevertheless I am just a wicked, and wicked alone.","The Āḻvār describes the scene in Śrīraṅgam, where beetles, intoxicated by excess honey from the lush groves, buzz and wander aimlessly. He likens their state to that of muktas (liberated souls) in Paramapada, who sing Sāma Gāna out of sheer joy after experiencing the Lord. This comparison elevates the sweetness of Śrīraṅgam to that of the divine realm.

Drawing a parallel to the Rāmāyaṇa's Sundara Kāṇḍa, where monkeys celebrate in Madhuvana after sighting Sītā, the Āḻvār notes a distinction: while he cries out for existence, the beetles cry out of joy. The phrase ""vaṇḍu alambum sōlai"" likens the beetles' predicament to Mārkaṇḍeya Maharṣi tossed in the great deluge, emphasizing the overwhelming nature of Śrīraṅgam's beauty.

Śrīraṅgam is described as ""aṇi araṅgam"", an ornament to saṃsāra. The Āḻvār alludes to Rāmāyaṇa, where a husband is considered a woman's greatest ornament, to highlight Raṅganātha's significance to the world. The Lord's form, ""kārttiraḷ anaiya mēni"", is compared to rain-laden clouds, not just in color but in qualities of coolness and selfless giving. The term ""Kaṇṇan"" is used to emphasize His accessibility, contrasting with the distant nature of clouds.

The Āḻvār laments his ignorance of the paths to attain the Lord, despite being born human. He calls himself ""thurisanāya"" (a thief or cheat), suggesting that compared to him, others might seem like nitya sūris (eternal devotees).
Finally, addressing his audacity in approaching the Lord, the Āḻvār describes himself as ""mūrkkan"" (a fool), repeating it for emphasis. He acknowledges his ignorance of both the Lord's greatness and his own lowliness, likening his approach to poisoning the pure water enjoyed by the wise. This passage beautifully intertwines devotional fervor with self-deprecation, using rich imagery and scriptural references to convey the Āḻvār's spiritual struggle and deep reverence for Raṅganātha.",Toṇḍaraḍippoḍi Āḻvār,Śrī Raṅganātha,Śrī Kṛṣṇa,Tirumēni Anubhavam,1.32,Tirumālai
80,73,"மெய்‌ எல்லாம்‌ போக விட்டு
விரி குழலாரில்‌ பட்டு,
பொய்‌ எல்லாம்‌ பொதிந்து கொண்ட,
போழ்க்கனேன்‌ வந்து நின்றேன்‌.
ஐயனே ! அரங்கனே !
உன்‌ அருள்‌ என்னும்‌ ஆசை தன்னால்‌
பொய்யனேன்‌ வந்து நின்றேன்‌.
பொய்யனேன்‌ பொய்யனேனே ","mey ellām pōga viṭṭu
viri kuzalāril paṭṭu
poy ellām podindu koṇḍa
pōzkkanēn vandu ninṟēn
aiyanē ! araṅganē !
un aruḻ ennum āśai tannāl
poyyanēn vandu ninṟēn
poyyanēn poyyanēnē","Oh Lord! O Śri Ranganatha! I have completely abandoned truthfulness on thought, word and deed. I have been ensnared by damsels of beautiful locks of hair, and I have experienced untold miseries. I am a shameless person abounding in falsehood, and falsehood alone. Though I am falsehood incarnate, I have come to You, with the desire to obtain your grace. Nevertheless, I spoke untruth; even now, I am only untruthful.","The Āḻvār discusses the concept of mey (truth), defining it as that which leads to good for all jīvātmās and describes things as they are. He cites the Kaiśika Māhātmyam, where Nampāduvān declares the primacy of truth in sustaining the world.

The Āḻvār confesses, ""ellām pōgaviṭṭu"" (I got rid of all truths), implying he lacks truthfulness even towards relatives. He laments speaking lies to the omniscient Lord Himself.
When questioned about the source of his deceit, the Āḻvār attributes it to his association with women: ""viri kuḻalāril paṭṭu"" (entangled with women of flowing hair). He elaborates on how impossible it is to speak truth in women's company, comparing it to the impossibility of lying in the Lord's presence. Āḻvār describes himself as a repository of falsehoods, contrasting with his earlier renunciation of all truths. Addressing himself as ""pōtkanēn"" (one without refuge), the Āḻvār stands before the Lord despite his unworthiness, drawn by their inseverable relationship. He refers to the Lord as ""Aiyane"" and ""Araṅgane"", acknowledging this bond and the Lord's presence in Śrīraṅgam.

The Āḻvār expresses his desire for the Lord's grace: ""un aruḷ eṉṉum āsai taṉṉāl vantu niṉṟēṉ"" (I came standing with the desire for your grace). He cites the Rāmāyaṇa to illustrate the Lord's compassion even towards the undeserving. Finally, the Āḻvār admits that even his confession might be false: ""poyyaṉēṉ poyyaṉēṉē"" (I am a liar, indeed a liar). He references the Ahirbudhnya Saṃhitā, suggesting that acknowledging one's faults before the Lord can yield benefits. However, he questions the sincerity of his own admission, wondering how many lies he can tell in the divine presence where only truth should be spoken. This passage beautifully captures the Āḻvār's deep introspection, his struggle with truthfulness, and his complex relationship with the divine, all expressed through rich scriptural allusions and poetic imagery.",Toṇḍaraḍippoḍi Āḻvār,Śrī Raṅganātha,,Śaraṇāgati,1.33,Tirumālai
81,74,"உள்ளத்தே உறையும்‌ மாலை.
உள்ளுவான்‌ உணர்வொன்றில்லாக்‌ ,
கள்ளத்தேன்‌ நானும்‌ தொண்டாய்த்‌,
தொண்டுக்கே கோலம்‌ பூண்டு.
உள்ளுவார்‌ உள்ளிற்றெல்லாம்‌,
உடன்‌ இருந்தறிதி என்று .
வெள்கிப்போய்‌ என்னுள்ளே நான்‌,
விலவறச்‌ சிரித்திட்டேனே ! ","uḻḻattē uṟaiyum mālai
uḻḻuvān uṇarvonṟillā
kaḻḻattēn nānum toṇḍāy
toṇḍukkē kōlam pūṇḍu
uḻḻuvār uḻḻiṭrellām
uḍan irundaṟidi enṟu
veḻgippōy ennuḻḻē nān
vilavaṟa ccirittiṭṭēnē ! ","Oh Lord Ranganatha! You are dwelling in the heart of everyone and affectionate towards all creatures. I do not have adequate knowledge even to contemp late upon You. However, I am a deceitful person. I pose my- self as your servant and so, put on the guise of doing service under You; when I am able to  recognize that You are the in-dweller, and so you are capable of gleaning the thought (idea) of every- one, being ever a companion - I feel quite ashamed and even then, I abandon You (i.e. move off from your holy shrine), and so laugh at myself as my ribs could break into pieces within my heart where, indeed, You hid yourself.","The Āḻvār contemplates the omnipresence of Emperumān, particularly His dwelling in the heart (uṟaiyum), the springboard of thoughts. He emphasizes the impossibility of deceiving the Lord, who is described as Mālai (the supreme one), knowing and controlling everything. The Āḻvār laments his lack of spiritual knowledge: ""uḷḷuvān uṇarvu illā"" (without the knowledge to meditate on His indwelling presence). He confesses to having no understanding of either the jīvātmā or Paramātmā, nor of the body's transient nature.
Calling himself ""kaḷḷattēṉ"" (a thief), the Āḻvār admits to deceiving both the foolish and the learned by feigning ignorance or humility. He acknowledges the impropriety of his attempts at service (toṇḍu), citing Śrī Rāmāyaṇa to illustrate the despicable nature of one unseen by Rāma.

Āḻvār confesses to wearing the external symbols of devotion (Ūrdhva puṇḍras, divine weapons) and reciting divine names without true belief, misleading others about his spiritual status. The realization dawns: ""uḷḷuvār uḷḷiṟṟellām uḍaṉ irundu aṟidi eṉṟu"" (You know all thoughts of those who think). The Āḻvār references Śakuntalā's words to Duṣyanta from the Mahābhārata, highlighting the futility of deceit before the omniscient Lord.

Overcome with shame (veḷgip pōy), the Āḻvār attempts to flee the Lord's presence, only to realize the impossibility of finding a place devoid of His presence. This realization leads to self-deprecating laughter (eṉṉuḷḷē nāṉ viḷavaṟac cirittiṭṭēṉē), so intense that his ribs metaphorically break. The passage concludes by comparing the Āḻvār's attempt to leave Emperumān's presence to one adorning oneself before committing suicide, highlighting the absurdity of trying to escape the omnipresent divine. This poignant self-realization is juxtaposed with Arjuna's moment of despair in the Bhagavad Gītā, emphasizing the Āḻvār's spiritual crisis and the profound understanding of the inescapable nature of the divine presence.",Toṇḍaraḍippoḍi Āḻvār,Śrī Raṅganātha,,,1.34,Tirumālai
82,75,"தாவி அன்றுலகம்‌ எல்லாம்‌.
தலைவிளாக்கொண்ட எந்தாய்‌,
சேவியேன்‌ உன்னை அல்லால்‌,
சிக்கெனச்‌ செங்கண்‌ மாலே,
ஆவியே ! அமுதே.
என்‌ தன்‌ ஆர்‌ உயிர்‌ அனைய எந்தாய்‌.
பாவியேன்‌ உன்னை அல்லால்‌
பாவியேன்‌ பாவியேனே","tāvi anṟulagam ellām
talaiviḻākkoṇḍa endāy
śēviyēn unnai allāl
śikkena cceṅgaṇ mālē
āviyē ! amudē
en tan ār uyir anaiya endāy
pāviyēn unnai allāl
pāviyēn pāviyēnē","Oh! my supreme Lord who have encompassed all the worlds, without leaving any space, when You begged the great emperor, Mahābali, and got the three foot-steps of space from him! I am sure I won't bow to any other god except You. Oh! graceful Lord with reddish lotus-like eyes! Oh my supreme Self! Oh nectarine immortal Lord! Oh beneficent Lord similar to my rare life-birth! I will never think of any important goal other than You. Though I deem myself sinful, I do, again, sinful deeds alone.","The Āḻvār expresses his deep regret at emperumāṉ's unanticipated act of placing His divine foot upon the heads of saṃsārīs. He reflects that had emperumāṉ forewarned of His intention, the saṃsārīs, burdened with immense ego, would have refused this divine grace, commanding Him, ""Do not place Your foot upon us."" Just as those of sattva guṇa would have beseeched, ""thiruvāṇai niṉṉāṇai"" (Thiruvāimoḻi 10.10.2) to ensure emperumāṉ's divine foot rested upon their heads, these saṃsārīs would have vehemently opposed His approach. It was for this reason that emperumāṉ, in His infinite wisdom, placed His foot upon their heads without their knowledge, growing rapidly in form without causing fatigue to either Himself or the saṃsārīs.

On that day when the hierarchy between master and servitor lay in ruins, and Mahābali had seized the worlds. Not content with merely measuring the three worlds seized by Mahābali, His divine foot extended to Brahmalōka, after gracing the heads of all beings without discrimination, expanding in size. Āḻvār illustrates that the protector's [emperumāṉ's] excitement surpassed the magnitude of what He protected. The Puruṣa Sūktam 1 proclaims, ""sahasra śīrṣā puruṣa: sahasrākṣa: sahasrapādh | sa bhūmim viśvathō vruthvā athyathiṣṭadhdhaśāṅgulam ||"" (Nārāyaṇa, known as Puruṣa, possesses countless heads, eyes, and legs; He encompassed the earth on all sides and pervaded countless yōjanas beyond).

Āḻvār addresses emperumāṉ thus, recognizing that His divine feet, described by Thirumangai Āḻvār in Thirukkuṟundhāṇḍagam 6 as ""amarar seṉṉippūviṉai"" (the divine feet borne by nityasūris on their heads), had also graced his own head on that day. The Āḻvār reflects that it is due to the merit of that encounter that he has attained enlightenment today. He declares, ""Having realized Your simplicity, I shall not depart from You hereafter, nor cling to anything else."" He affirms that he will neither seek independence like a king nor become a servitor to another, echoing the essence of the Thirumanthram [aṣṭākṣaram]. Āḻvār assures emperumāṉ that his determination will last eternally, until his ātmā ceases to exist. Like Nammāḻvār in Thiruvāimoḻi 2.6.1, he offers solace to emperumāṉ, who grieves at the thought of the Āḻvār's departure. This epithet reflects not just the natural redness of emperumāṉ's eyes but the unique radiance acquired upon hearing the Āḻvār's declaration of eternal devotion. The Āḻvār, like Hanumān in the Rāmāyaṇa, offers refuge to periya perumāḷ in His archāvatāram, assuring Him of his unwavering devotion",Toṇḍaraḍippoḍi Āḻvār,Śrī Raṅganātha,Vāmana-Trivikrama,Dāsya,1.35,Tirumālai
83,76,"மழைக்கன்று வரை முன்‌ ஏந்தும்‌
மைந்தனே ! மதுர ஆறே
உழைக்கன்றே போல
நோக்கம்‌ உடையவர்‌ வலையுள்‌ பட்டு
உழைக்கின்றேற்கு
என்னை நோக்காதொழிவதே
உன்னை அன்றே அழைக்கின்றேன்‌ ஆதி மூர்த்தி !
அரங்க மா நகருளானே ! ","mazaikkanṟu varai mun ēndum
maindanē ! madura āṟē
uzaikkanṟē pōla
nōkkam uḍaiyavar valaiyuḻ paṭṭu
uzaikkinṟēṟku
ennai nōkkādozivadē
unnai anṟē azaikkinṟēn ādi mūrtti !
araṅga mā nagaruḻānē !","Oh! primeval supreme Being! Lord of the great city, Śrirangam! Oh sweet flow of bountiful compassion! Oh Lord of fresh youth (Śrī Kṛṣṇa) in which you lifted aloft on your little finger the mount Govardhana, for the Make of protecting the cowherds and Gokula (Āyarpāḍi) from the fury of Indra's torrential stony rain! Why are you going away without looking at me who am bound in the net of the doe eyed damsels? I do call You, Oh! supreme Lord!","Among the Āḻvārs, whenever they employ the term ""maḻai"" [rain], it invariably alludes to the hailstones that Indra [lord of celestial entities] showered when Kṛṣṇa lifted the Gōvardhan mountain, just as the word ""āṉai"" [elephant] always refers to Gajēndrāḻvāṉ [the elephant caught by the crocodile when it entered the pond to pluck a flower for emperumāṉ]. The Āḻvār now invokes the prevention of hailstones by lifting Gōvardhana mountain to illustrate his yearning to attain Him and overcome the sorrows of saṃsāra (materialistic realm). He recalls how the cowherds overcame the dangers posed by Indra by seeking refuge in Him. Just as the hungry call out to the wealthy, ""Oh Lord! Please remove our hunger,"" the Āḻvār beseeches emperumāṉ, ""Oh One who rids people of dangers! Please remove my peril.""

The Śrīviṣṇu Purāṇam 5.11.13 states, ""thathasthath gōkulam sarvam gōgōpījanasaṅkulam | athīvārththam harir dhṛṣṭvā maithrēyāchinthayath thadhā ||"" (Oh Maitreya! Upon seeing the entire Gōkulam, full of cows and gōpīkās, in sorrow, [Kṛṣṇa] immediately began to ponder). Aṉṟu refers to the day when the calves, cows, and cowherds trembled at the sight of Indra's hailstones. The Āḻvār equates his present danger to that faced by the inhabitants of Gōkulam, beseeching emperumāṉ for protection from his shower of sorrow. When Indra commanded all clouds to open, they poured with such intensity that it resembled the great deluge. Seeing Indra's wrath for being denied food by Āyppādi, Kṛṣṇa, without time to summon His Sudarśana Chakra, lifted the nearest mountain. The Āḻvār infers that emperumāṉ cannot claim lack of suitable means to offer protection.

Having already used ""aṉṟu"" to denote a specific time, ""muṉ"" here signifies ""before harm befell the cows."" The Āḻvār emphasizes that emperumāṉ did not wait for harm to come to the cows and cowherds but protected them preemptively, as they had no other refuge. Āḷavandhār, in his Stōtra Ratnam 49, similarly beseeches, ""avivēkaghanāndhathingmukhē bahudhā santhathadhu:kha varṣiṇi | bhagavan! bhavadhurthdhinē padha: skalitham māmavalōkayāchutha! ||""
The Āḻvār marvels at how Kṛṣṇa effortlessly lifted the mountain at merely seven years of age, as if it were a garland of flowers. He questions whether emperumāṉ's reluctance to protect him stems from a fear of fatigue.

Oh One of immense strength to lift a mountain! Alternatively, maindhaṉ indicates youthfulness, suggesting One who becomes young in spirit upon protecting His devotees. The Āḻvār laments that while protecting him benefits emperumāṉ, he must still call out for protection. Oh One who is like a river of sweetness! Even if You were not the protector but one who might chastise the devotee, Your beauty is such that none would forsake You. The Āḻvār likens emperumāṉ to a river rather than a sea, for river water proves useful for bathing on a hot day, washing one's face, or quenching thirst. Like a flowing river during floods, this loving river [emperumāṉ] gushes in, breaking the dam of unworthiness the Āḻvār had built around himself.

The Āḻvār, trapped in the net of women's fawn-like eyes, laments his suffering. These women, though devoid of genuine affection, feign devotion, ensnaring him with their deceptive gazes. He pleads, ""ennai nōkkādhu oḻivadhē"" – why do You not look upon me (protect me)? The Āḻvār's closeness to emperumāṉ and the latter's affability allow him to express such sadness. The Āḻvār reminds emperumāṉ of His responsibility as the creator, citing the Chāndōgya Upaniṣad 6.2.9, ""thadhaikṣatha bahu syām prajāyēyēthi thath thējō'sṛjatha"" (That Brahman took a vow ""I will multiply myself"" and created radiance).

The Āḻvār questions the need to seek protection at the origin of creation when emperumāṉ has already descended to Śrīraṅgam. He implores, ""After You came to Śrīraṅgam to cultivate a taste for righteousness, and after I acquired that taste, should I lose it?"" Even as the Āḻvār calls out, emperumāṉ remains silent, savoring the long-awaited sincere devotion. The efforts He had taken since time immemorial are now bearing fruit, and He wishes to hear the Āḻvār's earnest plea a while longer before responding.",Toṇḍaraḍippoḍi Āḻvār,Śrī Raṅganātha,Śrī Kṛṣṇa,Viraha,1.36,Tirumālai
84,77,"தெளிவிலாக்‌ கலங்கல்‌ நீர்‌ சூழ்‌
திருவரங்கத்துள்‌ ஓங்கும்‌
ஒளி உளார்‌ தாமே அன்றே
தந்தையும்‌ தாயும்‌ ஆவார்‌
எளியதோர்‌ அருளும்‌ அன்றே
என்‌ திறத்தெம்‌ பிரானார்‌
அளியன்‌ நம்‌ பையல்‌ என்னார்‌
அம்மவோ ! கொடியவாறே ! ","teḻivilā kkalaṅgal nīr śūz
tiruvaraṅgattuḻ ōṅgum
oḻi uḻār tāmē anṟē
tandaiyum tāyum āvār
eḻiyadōr aruḻum anṟē
en tiṟattem pirānār
aḻiyan nam paiyal ennār
ammavō ! koḍiyavāṟē !","The supreme Lord of great splendour dwelling in the lofty shrine of Srirangam which is surrounded by the agitated muddy waters (of the holy river Kāvēri), indeed, is our father and mother. Would He not ward off my anguish, by showering His ineffable grace on me, after saying ""This pitiable fellow is, indeed, my boy worthy of my blessings""? But, He has not yet blessed me. Alas! what a cruelty of fate!","As the flow of water in Kāvēri eases, it gains clarity. Yet, with increasing floods, it remains perpetually muddied. Similarly, this Āḻvār, like Kāvēri, is in constant agitation. Before attaining emperumāṉ, he frets, ""I have not attained Him."" Upon attainment, he becomes agitated due to his love for Him. This river too, flowing westward towards the temple, grows agitated in anticipation of seeing periya perumāḷ, and eastward, in sorrow at departing from Him. Thus, without distinction between chētana (Āḻvār) and achētana (river) entities, even those who walk near the temple experience this agitation.

Just as Nammāḻvār says in Thiruvāimoḻi 10.10.10 ""adhaṉil periya eṉ avāvarach chūḻndhāy"", periya perumāḷ envelops the Āḻvārs with His love. Likewise, Kāvēri envelops periya perumāḷ out of her love for Him. Parāśara Bhaṭṭar's Śrīraṅgarāja Stavam 1.21 eloquently describes Kāvēri's devotion: ""dhugdhābdhir janakō jananīyahamiyam śrīrēva puthri vā śrīraṅgēśvara ēthadharhamiha kim kuryāmithvākulā | sañjaccāmara chandra chandana mahāmāṇikya mukthōthkarān kāvērī laharēekarairvidhadhathī paryēthi sā sēvyathām ||""

Just as it is challenging to navigate Kāvēri's floods, it is equally difficult to penetrate periya perumāḷ's resplendent radiance and admire His divine form. After entering Thiruvaraṅgam (Śrīraṅgam), even the brightness in Paramapadham diminished, like daylight. The radiance at Śrīraṅgam aids lowly saṃsārīs like night-time illumination. Emperumāṉ, amidst nityasūris, is like a sun among suns. But standing amidst saṃsārīs, who suffer from worldly sorrows, His radiance acquires dominance.

The Subālōpaniṣad 16 states: ""māthā pithā bhrāthā nivāsaś śaraṇam suhruth gathir nārāyaṇa:"" (Nārāyaṇa is mother, father, brother, dwelling place, means for attaining mōkṣa, friend, and the one attained in mōkṣa). The Āḻvār declares that for him, it is not Paramapadhanāthan, common to all; not Vyūha or Vibhava forms of perumāḷ, common to a few; not other Archāvatāra vigrahas common to other Āḻvārs; but only periya perumāḷ who is his father and mother. This exclusivity is emphasized by the term thāmē (He Himself). The Mahābhāratam Vana Parvam 192.56 ślōka reinforces this: ""sarvēṣāmēva lōkānām pithā māthā cha mādhava: | gacchadhvamēnam śaraṇam śaraṇyam puruṣarṣabhā: ||""  Unlike the cowherds, there is no need for difficult tasks like mountain-lifting to protect me. The Āḻvār pleads, ""Is it not enough if You glance at me with Your comforting eyes?"" Bestowing favors upon me. Even when emperumāṉ is not glancing at him, the Āḻvār acknowledges past favors, beseeching Him for this one. The Āḻvār yearns for emperumāṉ to say, ""He has something good in him to be shown my mercy. He is my little fellow."" The Āḻvār feels that only if emperumāṉ, the master, addresses him thus, confirming their master-servitor relationship, will his servitorship endure. This echoes incidents in the lives of pūrvāchāryas, such as Maṇakkāl Nambi addressing Thirumagizhmārban as ""my son"" and Piḷḷaippiḷḷai Āḻvāṉ referring to Appiḷḷai Āḻvāṉ as ""little brother"" and ""my little fellow."" The Āḻvār exclaims in deep anguish, ""When I cry out to Him in sorrow, should He not rise? How can He sleep even after hearing my voice? Has His divine heart become so hardened?"" The word amma indicates profound distress.",Toṇḍaraḍippoḍi Āḻvār,Śrī Raṅganātha,,,1.37,Tirumālai
85,78,"மேம்‌ பொருள்‌ போக விட்டு,
மெய்ம்மையை மிக உணர்ந்து.
ஆம்பரிசறிந்து கொண்டு
ஐம்‌ புலன்‌ அகத்தடக்கி.
காம்பறத்‌ தலை சிரைத்த
உன்‌ கடைத்தலை இருந்து வாழும்‌.
சோம்பரை உகத்தி போலும்‌,
சூழ்‌ புனல்‌ அரங்கத்தானே ! ","mēm poruḻ pōga viṭṭu
meymmaiyai miga uṇarndu
āmbariśaṟindu koṇḍu
aim pulan agattaḍakki
kāmbaṟa ttalai śiraittu
un kaḍaittalai irundu vāzum
śōmbarai ugatti pōlum
śūz punal araṅgattānē !","Oh supreme Lord dwelling in the holy city of Srirangam made fertile by the surround- ing, flowing waters of Kāvēri! it seems You are pleased with those who refrain from leading prākṛtic (materialistic) way of life, and then, properly understand the nature of souls, and further, decide that the divine service done to You alone is the supreme end of one's life, and hence, who after restraining all their senses, withdraw themselves from all other pursuits and paths, and thus, who once for all, reject all unrighteous paths and stay at your threshold in order to do your divine service alone.","Alvār speaks about the nature of a true prapanna, a true bhāgavata. mēmpōrul refers to this body which can decay and is bound to perish once born. When a jīvātman realizes the essence of this life and understands that this body is perishable, while service to bhagavān is eternal, that jīvātman feels this body to be superficial. Only those who have surrendered to the lotus feet of Rañganātha can receive this beautiful knowledge; else, by māyā, the intertwined body makes the jīvātman feel ""I am this dēha"" which gives rise to ignorance. Refraining from such ignorance, a prapanna serves bhagavān. Until the jīvātman leaves material desire and the ignorance of ""I am the body,"" he is destined to grow the tree called saṃsāra, as stated in Viṣṇu Purāṇa 7.11 as follows: ""anāthmanyāthmā buddhir yā asve svam iti yā mati | saṃsāra-taru-sambhūti bījam ētat dvidhā sthitham ||"" Hence, Alvār states to give up such traces completely. To give up such traces, the body must realize the divine nature of the ātman and īśvara. Once it realizes it is not the body, the tree called saṃsāra slowly withers away. When that ātman realizes its true nature, it realizes its svarūpam.

Even after realizing ""I am not the body,"" the jīvātman must fully realize its true svarūpa—that it is the servant of bhagavān—and only then is liberation possible. When this knowledge is gifted to that jīvātman by bhagavān himself, it desires to serve the Lord eternally and strives to liberate itself from saṃsāra. In the attempt to liberate itself, it gives up the wealth, that is, the ignorance called ""I am the body"" and attaches itself to service to bhagavān. Realizing that removal of bondage through its own attempts is not possible, that jīvātman surrenders to bhagavān, keeping the Lord himself as the means to attain him. This is the essence of prapatti or śaraṇāgati, which was narrated to Arjuna by Kṛṣṇa in Bhagavad Gītā 18.66. 

Alvār compares the means to attain bhagavān to hair. Just as hair brings a sense of prestige to a person, these means can bring the essence of pride—""I am my own protector"" or ""It is by my efforts that I am attaining bhagavān or achieving liberation"". One must forget this thought and realize that it is not the means (Karma Yoga, Bhakthi Yoga and others) but the compassion of bhagavān which brings us closer to Him. He alone can get us out of saṃsāra; indeed, He is the means itself. This itself becomes a prosperity to the jīvātman.

Alvār goes to the extreme of saying ""aimpulan agathtadakki""—that is, while a jīvātman performs kaiṅkarya (divine service) to bhagavān, it experiences happiness due to the divine nature of the service. But a true prapanna should renounce this happiness too. He must perform the service for the happiness of bhagavān and not for himself.

Looking at Thiruvāraṅga's face, Alvār states that He is smiling happily while observing such great devotees who have left everything and are performing their rituals and duties assigned by the śāstras for the happiness of bhagavān alone, because bhagavān has ordered them to do so. Such souls are the foremost among His devotees. Due to the disappearance of grey clouds called ignorance, the love and compassion of the Lord, known as dayā, eternally falls upon them like sunlight.",Toṇḍaraḍippoḍi Āḻvār,Śrī Raṅganātha,,Śaraṇāgati,1.38,Tirumālai
86,79,"அடிமையில்‌ குடிமை இல்லா,
அயல்‌ சதுப்பேதி மாரில்‌,
குடிமையில்‌ கடைமை பட்ட.
குக்கரில்‌ பிறப்பர்‌ ஏலும்‌,
முடியினில்‌ துளபம்‌ வைத்தாய்‌ !
மொய்‌ கழற்கன்பு செய்யும்‌,
அடியரை உகத்தி போலும்‌.
அரங்க மா நகருளானே !","aḍimaiyil kuḍimai illā
ayal śaduppēdi māril
kuḍimaiyil kaḍaimai paṭṭa
kukkaril piṟappar ēlum
muḍiyinil tuḻabam vaittāy !
moy kazaṟkanbu śeyyum
aḍiyarai ugatti pōlum
araṅga mā nagaruḻānē !","Oh Lord of the great city, Śrirangam! O supreme God with Tulasi leaves adorning your crown! it seems, You are more pleased with these who, though born in the lowest castes, seek the divine service under your pair of feet, and are highly devoted to You alone, than those who recite all the four Vedas, but do not seek the divine service under You, as the supreme goal.","Even those who do not recognize that performing kaiṅkaryam is inherent to their nature. It is fitting to think, ""Kaiṅkaryam is natural to us. Just as we cannot live without food and water, we cannot exist without performing kaiṅkaryam."" The Āḻvār refers to those who lack this understanding.

Those who differ from the chaturvēdhis who are not immersed in kaiṅkaryam. Sadhuppēdhimāril refers to those who study the four Vēdas. The benefit of Vēdic study is to realize that emperumāṉ is the master of all worlds, that we are His possessions, and that performing kaiṅkaryam to emperumāṉ and His devotees is our appropriate goal. Ayal signifies not knowing that the purpose of learning Vēdas is to obtain this knowledge. The Pādhmōttaram states: ""viṣṇubhaktivihīnō yas sarvaśāstrārtha vēdhyapi | brāhmaṇyam tasya na bhavēt tasyōtpattir nirūpyatām ||"" (Even if one knows the meanings of all śāstras, without devotion to Viṣṇu, one lacks the qualities of a brāhmaṇa, and their birth is questionable).

Kuḍimaiyil kaḍaimaippaṭṭa kukkaril piṟapparēlum - Those who, after many births of not following Vēdic injunctions and engaging in forbidden acts, are born into very low castes due to accumulated sins. Kukkar (kuṣka) refers to a class lower than chaṇḍāḷas. The Āḻvār's use of piṟapparēlum (even if they are born) indicates that birth status is not a determinant of understanding the meanings mentioned in the previous pāsuram. In Śrī Rāmāyaṇa Āraṇya Kāṇḍam 68.24, Śrī Rāma tells Lakṣmaṇa: ""sarvatra khalu dṛśyante sādhavō dharmacāriṇa: | śūrā: śaraṇyās saumitrē tiryak yōni gatēṣvapi ||"" (O Lakṣmaṇa! Those who are like sages, following the path of righteousness, fit to be surrendered to, are seen even among those born as animals and other species!). Just as emperumāṉ adorns tuḷasi on His head, these devotees are also fit to be kept on His head like tuḷasi. This adornment indicates His quality of being sarvēśvaran (lord of all).

These devotees cast aside their own happiness to serve only for His happiness, with affection, similar to sēvaḍi sevvi thirukkāppu (Thirupallāṇḍu 1). To them, this is the only purposeful way to spend time, and they consider this their goal. They consider His compassionate divine feet as the means. As mentioned in pāsuram 38 as sōmbar, they know that their ātma svarūpam (nature of the ātmā) is being eternally subservient to emperumāṉ and will not engage in self-protection. You delight in these followers who possess this knowledge, regardless of their lowly birth, rather than the chaturvēdhis who lack this understanding. The purpose of coming to Śrīraṅgam and reclining here is to hear these people who have affection towards You, even if they are of lowly birth. If You desired to hear only from the exalted, You would have remained in Śrīvaikuṇṭam.
",Toṇḍaraḍippoḍi Āḻvār,Śrī Raṅganātha,,,1.39,Tirumālai
87,80,"திருமறு மார்வ ! நின்னைச்‌.
சிந்தையுள்‌ திகழ வைத்து .
மருவிய மனத்தர்‌ ஆகில்‌.
மா நிலத்துயிர்கள்‌ எல்லாம்‌.
வெருவறக்கொன்று சுட்டிட்டு ,
ஈட்டிய வினையர்‌ ஏலும்‌,
அரு வினைப்‌ பயன்‌ அதுய்யார்‌.
அரங்க மா நகருளானே ! ","tirumaṟu mārva ! ninnai
śindaiyuḻ tigaza vaittu
maruviya manattar āgil
mā nilattuyirgaḻ ellām
veruvaṟakkonṟu śuṭṭiṭṭu
īṭṭiya vinaiyar ēlum
aru vinai ppayan aduyyār
araṅga mā nagaruḻānē !","Oh Lord Ranganatha residing at Srirangam! O supreme Lord with God- dess Laksmi and the Śrivatsa mark adorning your broad chest! all the people on this earth should ever contemplate upon You and your consort, Goddess Sridevi, and then, they should install only both of You in their heart. If they do so, then even if they have committed the most heinous crimes, and so acquired such sins, they will not suffer from the fruits of those sins.","Hearken, gentle souls, to the wisdom of the Alvar, who once more doth proclaim the ineffable nature of the Divine Lord. He standeth beyond the confines of prakriti's elements, His essence a mystery that mortal minds can scarce comprehend. Verily, His virtues and qualities be infinite, stretching far beyond the reach of our humble understanding.

The Alvar, in his profound insight, declareth that only the Lord Himself knoweth the full measure of His divine play, His wondrous Leelas that unfold across the tapestry of creation. The sacred Taittiriya Upanishad, in its venerable verses, doth proclaim ""aprāpya manasā saha"" - even as the mind striveth to grasp His nature, it returneth baffled, unable to fathom the depths of His glory.

Yet, take heart, for though He be beyond the reach of common thought, He deigns to reside within the sanctum of pure hearts. As the hallowed Vishnu Sahasranama doth attest, He is ""yōgihṛddhyānagamyaṃ"" - accessible through the meditations of yogis whose minds are unburdened by impure thoughts. Thus, the Lord maketh His abode in the hearts of His true devotees.
The Alvar, in his boundless wisdom, counseleth us to acknowledge our limitations. How can we, mere mortals, hope to sing the praises of He whom even Brahma and Rudra, mighty deities themselves, find beyond their capacity to laud? Nay, our mortal tongues and finite minds fall short in this endeavor.

Therefore, the Alvar guideth us toward a path most true and efficacious. Let us, in our devotion, turn to the chanting of His divine names and the constant remembrance of His glory. For in this sacred practice lies the key to accessing His divine presence. What sweeter pursuit can there be, what nobler endeavor, than to invoke the Supreme Lord through the utterance of His holy appellations?

Indeed, the Alvar assureth us, there existeth no higher or more potent means to draw near to the Divine than through the sincere and devoted chanting of His names. In this simple yet profound practice, we find the essence of bhakti, the purest form of devotion that bridgeth the gulf between the mortal and the Divine.",Toṇḍaraḍippoḍi Āḻvār,Śrī Raṅganātha,,,1.40.,Tirumālai
88,81,"வான்‌ உளார்‌ அறியல்‌ ஆகா,
வானவா ! என்பர்‌ ஆகில்‌.
தேன்‌ உலாம்‌ துளப மாலைச்‌.
சென்னியாய்‌ ! என்பர்‌ ஆகில்‌,
ஊனம்‌ ஆயினகள்‌ செய்யும்‌,
ஊனகாரகர்களேலும்‌
போனகம்‌ செய்த சேடம்‌.
தருவரேல்‌ புனிதம்‌ அன்றே ","vān uḻār aṟiyal āgā
vānavā ! enbar āgil
tēn ulām tuḻaba mālai
śenniyāy ! enbar āgil
ūnam āyinagaḻ śeyyum
ūnagāragargaḻēlum
pōnagam śeyda śēḍam
taruvarēl punidam anṟē","If the devotees call You, as ""Oh the supreme Lord dwelling in the Paramapada whom even the celestial beings cannot realise! O Lord with your head adorned by honey-laden garlands of Tulasi!"" even if it be that they are of vile deeds, and they cause others commit crimes - nevertheless, if they could offer to us, the remnant of their food, it is, indeed, sacred and holy for us.","Verily, hearken to the words of the Alvar, who speaketh of the Lord who dwelleth eternally in Paramapadham, that celestial abode beyond the ken of even Brahma and the heavenly host. As those perched upon lofty balconies cannot discern the stars above, so too are the denizens of Satyaloka and other celestial realms unable to perceive the Lord of Paramapadham.

Though these celestial beings possess great knowledge and power, 'tis not sufficient to breach the gates of Paramapadham. The word ""AgA"" herein signifieth both impossibility and prohibition - as a lowly Chandala may not enter sacred grounds, so too are these celestial entities barred from Paramapadham's hallowed realm.

Yet, lo! The Alvars, those blessed souls, have glimpsed the Lord of Paramapadham. This cometh not from their own merit, but through His divine grace. As the Bhagavad Gita doth proclaim, those who fancy themselves as gods cannot perceive Him. The Alvars, like seafarers who cross vast oceans by ship, traverse the tumultuous sea of Samsara with Vishnu as their vessel. The celestial beings, in their pride, are as those who would attempt to swim across unaided.

The Alvars, in their wisdom, have surrendered fully to the Lord, recognizing Him as both the means and the end. They chant, ""O Thou adorned with a honey dripping Tulasi garland upon Thy crown!"" - proclaiming His supremacy among the gods and His sweetness that surpasseth all earthly delights.

Even those who once committed grievous sins - binding and slaughtering creatures for base sustenance - if they should come to know the Lord and take refuge in Him, they too may be redeemed. For the knowledge of the Divine transformeth the heart, turning even the most cruel to compassion. Alvar speaketh of the sanctifying power of the food remnants of the truly wise. As Parasara Bhattar once gifted his disciple Nanjiyer with such blessed morsels, so too can these remnants purify the partaker instantly, like a philosopher's stone transmuting base metal to gold. Thus doth the Alvar extol the greatness of the Lord and His devotees, showing that the path to salvation lieth not in celestial power, but in humble devotion and the grace of the Divine.",Toṇḍaraḍippoḍi Āḻvār,Śrī Raṅganātha,,Bhāgavata śeṣatvam,1.41,Tirumālai
89,82,"பழுதிலா ஒழுகல்‌ ஆற்றுப்‌,
பல சதுப்பேதி மார்கள்‌,
இழி குலத்தவர்களேலும்‌ .
எம்‌ அடியார்கள்‌ ஆகில்‌,
தொழுமினீர்‌ கொடுமின்‌ கொண்மின்‌ ! என்று.
நின்னோடும்‌ ஒக்க.
வழி பட அருளினாய்‌ போல்‌,
மதிள்‌ திருவரங்கத்தானே! ","pazudilā ozugal āṭru
pala śaduppēdi mārgaḻ
izi kulattavargaḻēlum
em aḍiyārgaḻ āgil
tozuminīr koḍumin koṇmin ! enṟu
ninnōḍum okka
vazi paḍa aruḻināy pōl
madiḻ tiruvaraṅgattānē !","Oh the Lord of Śrirangam girt by seven Prakāras (ramparts)! I surmise that You have instructed the followers of Vedic lore as ""O the reciters of the Vedas! O you who follow the age-old customs of your lineage faultlessly! even though the devotees of my feet have been born in the lowliest class (of the society), you have to bow to them; you offer to them whatever you know and whatever you can; you learn from them; treat them on par with me.""","Álvár calls upon the learned scholars, the Brāhmaṇas who have studied the four Vedas, to transcend the ego associated with being born into an upper caste and to eliminate the pride of possessing greater knowledge than others. He explains that discrimination based on appearance and birth is meaningless and should be abandoned, as such prejudices stem from the belief that materialistic goals are the ultimate pursuits. When the jīvātmā is eternal and born into this world through karma, assigned to a specific gender and clan, how could this matter to a mumukṣhu who has realized their true nature as śeṣa of Bhagavān? This is the essence of Álvár's teaching. Every jīvātmā has Bhagavān as the inner witness. Consequently, a prappanna will perceive Bhagavān everywhere. Why would such a person harm another simply due to their birth? A person with wealth, knowledge, or prestigious lineage may easily develop ego, as illustrated in the traditional saying: vidhyāmadho dhanamadhaḥ tṛtīyo'bhijano madhaḥ: ēthē madhāvaliptānām ētha ēva satām damaḥ. Therefore, Álvár advises against taking pride in one's language or acquired wisdom, recognizing that such knowledge is ultimately a gift from Bhagavān. 

He further elaborates that speaking ill of others is unbecoming of a true Bhāgavata, and criticizing devotees of Bhagavān—particularly regarding their birth or background—is a grave transgression. Bhagavān himself teaches us to engage with his devotees: to share spiritual wisdom, show respect, and treat them as equivalent to the divine. Every devotee encountered should be honored as a manifestation of Bhagavān, for the divine resides within these devoted souls. Nammálvár's words in Thiruvāymoḻi 7.10 beautifully capture this sentiment: tīrththaṅgaḷē eṉṟu pūsiththu nalgiyuraippar tham dēviyarkē, even Nitya sūris speak about such great devotees! The teaching continues, niṉṉōdum okka vaḻipada aruḷiṉāy, suggesting that the devotees of Raṅganātha should be revered equally. These spiritual seekers must be respected as Ācāryas, regardless of their background or learning. Their sacred presence should be welcomed with utmost reverence and joy. This pasurama glorifies sripada teertham of Bhagavatas which have to taken with devotion and respect.",Toṇḍaraḍippoḍi Āḻvār,Śrī Raṅganātha,,Bhāgavata śeṣatvam,1.42,Tirumālai
90,83,"அமர ஓர்‌ அங்கம்‌ ஆறும்‌.
வேதம்‌ ஓர்‌ நான்கும்‌ ஓதித்‌.
தமர்களில்‌ தலைவராய.ஃ
சாதி அந்தணர்களேலும்‌ ,
நுமர்களைப்‌ பழிப்பர்‌ ஆகில்‌,
நொடிப்பதோர்‌ அளவில்‌,
ஆங்கே அவர்கள்‌ தாம்‌ புலையர்‌ போலும்‌,
அரங்க மா நகருளானே! ","amara ōr aṅgam āṟum
vēdam ōr nāngum ōdi
tamargaḻil talaivarāya
śādi andaṇargaḻēlum
numargaḻai ppazippar āgil
noḍippadōr aḻavil
āṅgē avargaḻ tām pulaiyar pōlum
araṅga mā nagaruḻānē ! ","Oh Lord of the sacred temple city, Srirangam! among your devotees, if a section of devotees though born in higher classes of society, though taking a leading part in all activities, though well- versed in all holy scriptures, viz. the four Vedas and the six Vedāngas speak ill of other devotees belonging to lower classes of society, then, at that very moment, they are deemed to be.","Re-iterating the essence of the previous pasuram, Álvár speaks again to the learned ones that, though they might be well-read and versed in Vedas, if one speaks ill about the devotees of Bhagavān's devotees, they do not stand as learned ones; indeed, these are the lowest of all! The Vedas are considered to have six aṅgas: śikṣā (articulation or pronunciation of words), vyākaraṇa (grammar), chandhas (poetic metrics), niruktha (etymology), jyotiṣa (astrology), and kalpa. Parāśara Bhaṭṭar states in his Śrī Raṅgarāja Stavam that the Vedas with their aṅgas are speaking about none other than Śrī Raṅganātha! The ones who have studied these aṅgas and mastered them are worthy of celebration, as stated in the Purāṇas.  This celebration arises from the nature of Vedas as apauruṣeya - not created by humans. 

But Álvár provides an exception in celebrating such learned ones. If these learned ones end up speaking ill about a devotee, such people haven't learned the Vedas in their true sense. If a sense of hatred, especially towards the Bhāgavatas, arises even in those who have read the Vedas, how can they be considered learned? The Upaniṣads and Bhagavad Gītā, which are said to be the essence of the Vedas, state that devotees of īśvara are great and should be respected. Bhagavān goes to a greater extent, stating in Bhagavad Gītā 7.18: ātmaiva me matam āsthitaḥ sa hi yuktātmā mām evānuttamāṁ gatim - meaning the devotees who are ever devoted to Bhagavān and have considered him as the supreme goal, whose service to him is the supreme state, are very self of Bhagavān himself! Such jīvātmas are indeed rare. Hence, if Bhagavān has gone to such great lengths to praise his devotees and show the unbounded prema he has towards his dear devotees, how can the so-called learned ones speak ill of such great souls? Indeed, they haven't learned anything from the Vedas, which at their core speak about Bhagavān! Being a mumukṣhu is far from their sight when they do not have the maturity to look at the great devotees of Bhagavān.",Toṇḍaraḍippoḍi Āḻvār,Śrī Raṅganātha,,Bhāgavata śeṣatvam,1.43,Tirumālai
91,84,"பெண்‌ உலாம்‌ சடையினானும்‌,
பிரமனும்‌ உன்னைக்‌ காண்பான்‌ ,
எண்‌ இலா ஊழி ஊழி.
தவம்‌ செய்தார்‌ வெள்கி நிற்ப
விண்‌ உளார்‌ வியப்ப வந்து,
ஆனைக்கன்றருளை ஈந்த கண்ணறா !ஃ
உன்னை என்னோ.
களைகணாக்‌ கருதுமாறே! ","peṇ ulām śaḍaiyinānum
piramanum unnai kkāṇbān
eṇ ilā ūzi ūzi
tavam śeydār veḻgi niṟpa
viṇ uḻār viyappa vandu
ānaikkanṟaruḻai īnda kaṇṇaṟā !
unnai ennō
kaḻaigaṇā kkarudumāṟē !","When Lord Siva with his matted locks of hair in which the girl makes a stroll (i.e. flows the holy river Gangā), and the four-faced Lord Brahmā are not able to perceive your true form - even though both of them (Siva and Brahmā) took to severe austerities (penance) for innumerable aeons and aeons and so both of them become dejected, Oh Lord Ranganatha! You have run swiftly towards the great devotee, Gajendra (the lordly elephant), and protected him by showering your grace on him. Oh Lord! are you without sympathy towards me? Why is it that I do not consider You as the only succour for me?","Bhagavān is the Creator of Jagat, the creator of Brahmā and Śiva. The Mahānārāyaṇopaniṣad states: ""eko ha vai nārāyaṇa āseet, na brahma, nēśāna"" - meaning at the beginning, only Nārāyaṇa existed, neither Brahmā nor Īśa (Śiva) were present. Hence, without a second doubt, Nārāyaṇa is considered the Paramātma. The Vedas state this with multiple pramāṇas. At the same time, he is the final Puruṣārtha to attain Mokṣa, for all jīvātmas from Brahmā to animals. Poygai Álvár states similarly in Mudalai Thiruvandadi: ""kadikkamalam thannuḷ irundhum kāṇkilān kaṇṇan adikkamalam thannai ayan"" - even the lotus-born Brahmā, though born from Bhagavān's navel, is unable to see the lotus feet of Para Vasudeva (Kṛṣṇa).

The fact that Rudra provides a seat to Gaṅgā, which is the śrīpāda tīrtha of none other than Trivikrama avatāra of Bhagavān, speaks to the fact that even he is devoted to Nārāyaṇa. As the Taittirīya Upaniṣad states, ""yatho vācho nivarthanthe"" - words cannot describe Brahman. Brahmā performed the thiruvārdhana of Śrī Raṅganātha in Satya loka. Rudra performed penance near Chandrapuṣkaraṇi to remove the doṣa attained by removing Brahmā's 5th head. The same Śiva glorifies Śrīraṅgam and Raṅganātha while describing it to Nārada in Brahmāṇḍa Purāṇa. To access you and your divine form, even such great Sarva Jñānis have to perform severe austerities. How great is your compassion that you listened to the calls of Gajendra! The elephant finally understood its helplessness and called you with all love and devotion, surrendering to your lotus feet, praying to you as Ādimūla.

Indeed, as Bhagavān states in Bhagavad Gītā 11.48: ""na veda-yajñādhyayanair na dānair na cha kriyābhir na tapobhir ugraiḥ evaṁ-rūpaḥ śhakya ahaṁ nṛi-loke draṣhṭuṁ tvad anyena kuru-pravīra"" - neither by performing austerities nor by reading the Vedas can anyone see his divine form.
But when questioned about what will give us his protection, especially from the tiger called Saṁsāra, Bhagavān assures in Bhagavad Gītā 18.66: ""sarva-dharmān parityajya mām ekaṁ śharaṇaṁ vraja ahaṁ tvāṁ sarva-pāpebhyo mokṣhayiṣhyāmi mā śhuchaḥ"" - the famous Charma śloka stating us to surrender to the divine feet of the Lord and perform all activities of Dharma for the sake of the Lord, abandoning its result. Bhagavān himself assures protection to these Prapannas. These are indeed the highest among all! Gajendra performing total surrender to Bhagavān at that moment, the Lord jumps from his seat to save his devotee without a moment's delay.

Álvár quotes two important points here: first, the surrendered ones need not fear anything when Sathya Saṅkalpa Mahā Viṣṇu has assured their protection. Secondly, when Bhagavān himself accepts the devotion of devatas as well as an elephant equally, and even aided the elephant much faster, it states that there is no sense in discriminating people. Any jīvātma which desires Bhagavān alone is worthy to be celebrated.",Toṇḍaraḍippoḍi Āḻvār,Śrī Raṅganātha,,Paratattva Anubhavam,1.44,Tirumālai
92,85," வளவெழும்‌ தவள மாட,
மதுரை மா நகரந்‌ தன்னுள்‌,
கவளமால்‌ யானை கொன்ற.
கண்ணனை அரங்க மாலை.
துளவத்‌ தொண்டாய தொல்‌ சீர்த்‌,
தொண்டரடிப்பொடி சொல்‌.
இளைய புன்‌ கவிதை ஏலும்‌.
எம்பிராற்கினிய வாறே ! ","vaḻavezum tavaḻa māḍa
madurai mā nagaran tannuḻ
kavaḻamāl yānai konṟa
kaṇṇanai araṅga mālai
tuḻava ttoṇḍāya tol śīr
toṇḍaraḍippoḍi śol
iḻaiya pun kavidai ēlum
embirāṟkiniya vāṟē !","The devotee Toṇḍaraḍippoḍi Āḻvār (the dust of the feet of the devotees of the Lord) who is ever at the service of offering Tulasi garlands, has sung in praise of the Lord Visņu (Śri Ranganatha) of Śrirangam, Lord Kṛṣṇa Himself who has slain the large elephant in ruts at the gate of the great city, Mathurai decked with palatial pure white marble buildings. This poet-devotee hopes that even if his small poetic composition lacks in grandeur, it would be accepted by the great Lord as sweet and sacred.","Completing the divine Tirumalai, Álvār surrenders this set of 45 poems to Bhagavān's lotus feet. Thoṇḍaraḍippoḍi sol – in line with his service orientation towards bhāgavathas, he has Thoṇḍaraḍippoḍi as his name. It is clear from this that his identity is not jñānam, ānandham, or bhagavat śeṣatvam [our sacred texts say that ātmā is full of jñānam (knowledge), ānandham (happiness), and is śeṣabhūthan (carrying service to Emperumān)], but bhāgavatha śeṣatvam (service to followers of Emperumān). Just as Nammālvār in his Thiruvāimozhi 7.1.11 said ""thoṇḍar thoṇḍar thoṇḍar thoṇḍan Śatakōpan"" (Śatakōpan, another name of Nammālvār, is Emperumān's follower's follower's follower's follower), this Álvār called himself Thoṇḍaraḍippoḍi (the dust sticking to the feet of a follower of Emperumān). By following naichyānusandhānam, Álvār states these poems to be lowly (but in reality are gold of bhakti extracted from Vedānta).

Álvār sees Namperumal smile at him with happiness, which makes him exclaim that his gibberish words have pleased Bhagavān, who defeated the elephant in his Kṛṣṇa avatāra, just as a child's words please the father. ",Toṇḍaraḍippoḍi Āḻvār,Śrī Raṅganātha,Śrī Kṛṣṇa,,1.45,Tirumālai
93,86,"கதிரவன்‌ குணதிசைச்‌ சிகரம்‌ வந்தணைந்தான்‌
கனை இருள்‌ அகன்றது காலையம்‌ பொழுதாய்‌,
மது விரிந்தொழுகின மாமலர்‌ எல்லாம்‌.
வானவர்‌ அரசர்கள்‌ வந்து வந்தீண்டி
எதிர்திசை நிறைந்தனர்‌ இவரொடும்‌ புகுந்த .
இருங்களிற்றீட்டமும்‌ பிடியொடு முரசும்‌.
அதிர்தலில்‌ அலை கடல்‌ போன்றுளதெங்கும்‌ ,
அரங்கத்தம்மா ! பள்ளி எழுந்தருளாயே","kadiravan kuṇadiśai ccigaram vandaṇaindān
kanai iruḻ aganṟadu kālaiyam pozudāy
madu virindozugina māmalar ellām
vānavar araśargaḻ vandu vandīṇḍi
edirdiśai niṟaindanar ivaroḍum pugunda
iruṅgaḻiṭrīṭṭamum piḍiyoḍu muraśum
adirdalil alai kaḍal pōnṟuḻadeṅgum
araṅgattammā ! paḻḻi ezundaruḻāyē","The sun has arrived at the peak of the eastern side, dispelling the heavy darkness of the night. As the beautiful morning time has arrived, honey is oozing out of the most exquisite flowers.\
The dēvās and kings are arriving quickly in groups, pushing each other to the south side of the sannidhi (temple) where your divine vision will reach. They stand there, filling the entire place. Along with them, large groups of male and female elephants (which are the vehicles of the dēvās, kings, etc.) and persons playing musical instruments have arrived.\
Their sounds and noises that reach all directions in eager anticipation of your waking up resemble the great sound of an ocean with fierce waves. Thus, you kindly wake up now and give your blessings to all who have assembled here, Oh Lord who is lying down in Śrīraṅgam","The Sun (kadiravan) has arrived at the peak of Udaya Giri in the east. His rays, blazing everywhere, remove the darkness of the night. All the dēvās and kings have assembled to seek your grace as morning has arrived. The Sun is able to remove the darkness of light, but not the ignorance within us. This ignorance of ours leads us to be stuck in saṃsāra, ever captive by the things of this world. But you, the Supreme Being, by your grace alone, can destroy this ignorance. The knowledge granted by your compassion can destroy all our false assumptions. As Nammālvār states in the first paśuram of Thiruvāymōḻi, ""mayarvu aṟa mati nalam aruḷiṉaṉ evaṉ avaṉ"" - by His grace itself, the ignorance can be destroyed. He himself would grant us the supreme knowledge. 

Kings and dēvatās have assembled in front of you, ready to serve you and seek your grace. To grant them grace, Alvār requests Rañganātha to wake up. Bhagavān is indeed the Master of all, just as Thiruppāṇ Alvār states in his Amalanādhipirān, which directly translates to Him being the blemish-free Lord who is the ruler of dēvatās. Just as humans and animals like Gajendra seek to serve bhagavān, even the dēvatās seek to serve the Supreme Being. Pratividhi Bhayaṅkara Svāmi states in Veṅkaṭēśvara Suprabhātam: ""sevāparāḥ śiva sureśa kṛśānudharma rakṣo'mbunātha pavamāna dhanādināthāḥ | baddhāñjali pravilasan nijaśīrṣa deśāḥ śrīveṅkaṭācalapate tava suprabhātam"" That is, Śiva (Īśāna), Sureśa (Indra, the Lord of the Dēvās), Kṛśānu (Agni, God of Fire), Dharma (Dharmārāja or Yama), Rakṣa (Nirṛti), Ambunātha (Varuṇa, the Lord of Water), Pavamāna (God of Air), and Kubera (the Lord of Wealth)—who are themselves shining with a Divine Glow—are standing with their palms joined in devotion, asking: ""Wake, Oh Lord of Veṅkaṭādri to shower grace on us!"" Similarly, Alvār states that the kings and dēvatās have assembled to serve you. Wake up to shower your grace upon them! 

Flowers have been arranged here to shower upon your lotus feet, to serve you, my Lord! These flowers have blossomed in the rays of the Sun and are oozing honey from their buds. As they reach your feet, they are indeed blessed! Thoṇḍaripperumal Alvār feels just like Kulaśēkhara, who in Periya Thiruvāymōḻi wanted to be a Champaka tree on Tirumala. Elephants and drummers have assembled, playing the sounds of drums. Oh Lord of Śrīraṅgam, these sounds are like the waves of the ocean. Alvārs call Rañganātha ""Karuṇā Sāgara,"" the ocean of compassion. Hence, to shower your compassion upon us, please wake up!",Toṇḍaraḍippoḍi Āḻvār,Śrī Raṅganātha,,Paratattva Anubhavam,1.01,Tiruppaḻḻiyezucci
94,87,"கொழுங்கொடி முல்லையின்‌ கொழு மலரணவிக்‌,
கூர்ந்தது குண திசை மாருதம்‌ இதுவோ.
எழுந்தன மலர்‌ அணைப்‌ பள்ளிகொண்டன்னம்‌.
ஈன்‌ பனி நனைந்த தம்‌ இருஞ்சிறகுதறி .
விழுங்கிய முதலையின்‌ பிலம்‌ புரை பேழ்வாய்‌.
வெள்ளெயிறுற அதன்‌ விடத்தினுக்கனுங்கி ,
அழுங்கிய ஆனையின்‌ அருந்துயர்‌ கெடுத்த
அரங்கத்தம்மா ! பள்ளி எழுந்தருளாயே","kozuṅgoḍi mullaiyin kozu malaraṇavi
kūrndadu kuṇa tiśai mārudam iduvō
ezundana malar aṇai ppaḻḻikoṇḍannam
īn pani nanainda tam iruñjiṟagudaṟi
vizuṅgiya mudalaiyin pilam purai pēzvāy
veḻḻeyiṟuṟa adan viḍattinukkanuṅgi
azuṅgiya ānaiyin arunduyar keḍutta
araṅgattammā ! paḻḻi ezundaruḻāyē","Oh Lord Rañganātha! Now the gentle morning breeze from the eastern direction blows, bringing with it the sweet fragrance of flowers from the jasmine (mullai) creepers. The swans have risen from their bed of lotus flowers, shaking off the dew drops from their wide wings. Oh, the Lord of Śrīraṅgam, You have protected the great elephant, Gajēndran, which was in distress after being caught within the massive teeth of the crocodile. Oh Lord! Please wake up and bless us!","When the Sun rises in the east, the jasmine blossoms growing on creepers intermingle their fragrance with the gentle, blowing wind. The Āḷvār poetically narrates that the wind has penetrated the inner sanctum of Śrīraṅgam, as if the very flowers are offering their prayers at the lotus feet of the Lord. In the early morning, the swans awaken with utmost diligence. The Āḷvār beautifully describes how the male swan rises, delicately removing the morning dew clinging to its wings. Tenderly, this swan then assists its mate, wiping the dew from her wings. The Āḷvār interprets this specific moment of the swan rising and spreading its wings as a herald of morning. Significantly, Bhagavān once appeared as Haṁsa, a swan, to impart divine knowledge to Brahma and Śaṅka Munis. Therefore, just as other swans stir from their slumber, our beloved swan (Raṅganātha) should also awaken. Just as the male swan removes the dew from its wings, Oh Lord, please remove the ignorance from our hearts by bestowing Your divine grace.

The Āḷvār then transitions to the profound narrative of Gajendra, the blessed elephant. A Pāṇḍya king who disregarded Sage Agastya was cursed to become an elephant. The sage, recognizing that the king's momentary lapse stemmed from his deep remembrance of Nārāyaṇa, blessed him with a profound boon: that same divine recollection would ultimately liberate him from his elephantine existence in the hills of Tirukkuṭa. This king was reborn as Gajendra. Concurrently, a Gandharva had been transformed into a crocodile, dwelling in Varuṇa's lotus-filled pond. A sage had previously decreed that the Gandharva would be released from his crocodile birth only upon seizing the leg of the devoted Gajendra. A ferocious struggle ensued for several years, with the crocodile relentlessly attempting to drag the elephant king into the watery depths, while Gajendra desperately tried to free himself from the creature's powerful jaws and sharp teeth. Drawing upon wisdom from his previous birth, Gajendra gathered lotus flowers and began to pray to the eternal protector, Śrīman Nārāyaṇa. Initially, he believed in his own physical prowess to overcome the challenge. However, when he finally realized that no one except the Supreme Lord could save him, his ego and sense of individual identity completely dissolved. At that profound moment of absolute surrender, Gajendra prepared to eulogize the Lord with the sacred verse from Srimad Bhagavatham 8.3.24: ""sa vai na devāsura-martya-tiryaṅ na strī na ṣaṇḍho na pumān na jantuḥ nāyaṁ guṇaḥ karma na san na cāsan niṣedha-śeṣo jayatād aśeṣaḥ"". This prayer of prapatti translates as: ""You are neither deity, demon, nor mortal; neither woman, man, nor creature. You transcend all attributes, actions, and states of being. May that supreme, all-encompassing being appear to protect me!""

As soon as Bhagavān heard Gajendra's prayers, He rushed to protect him without hesitation, hurling His Sudarśana disc at the crocodile, thereby liberating Gajendra. The Āḷvār emphasizes that Gajendra ultimately realized his true spiritual state and jīvātma svarūpa. He understood that liberation and attaining the Divine is not achieved through personal efforts or bhakti yoga, but through the compassionate grace of Bhagavān itself. This profound knowledge liberated him from the cycle of saṁsāra. The Āḷvār implores that Lord of boundless compassion to awaken!",Toṇḍaraḍippoḍi Āḻvār,Śrī Raṅganātha,,Sauśīlyam,1.02,Tiruppaḻḻiyezucci
95,88,"சுடர்‌ ஒளி பரந்தன சூழ்‌ திசை எல்லாம்‌,
துன்னிய தாரகை மின்னொளி சுருங்கிப்‌ ,
படர்‌ ஒளி பசுத்தனன்‌ பனி மதி இவனோ.
பாயிருள்‌ அகன்றது பைம்‌ பொழிற்‌ கமுகின்‌ ஃ
மடலிடைக்‌ கீறி வண்‌ பாளைகள்‌ நாற,
வைகறை கூர்ந்தது மாருதம்‌ இதுவோ,
அடல்‌ ஒளி திகழ்‌ தரு திகிரியந்‌ தடக்கை,
அரங்கத்தம்மா ! பள்ளி எழுந்தருளாயே","śuḍar oḻi parandana śūz tiśai ellām
tunniya tārakai minnoḻi śuruṅgi
paḍar oḻi paśuttanan pani madi ivanō
pāyiruḻ aganṟadu paim poziṟ kamugin
maḍaliḍai kkīṟi vaṇ pāḻaigaḻ nāṟa
vaigaṟai kūrndadu mārudam iduvō
aḍal oḻi tigaz taru tigiriyan taḍakkai
araṅgattammā ! paḻḻi ezundaruḻāyē","Oh Lord of Śrīraṅgam! The Sun's lustrous rays have now pervaded all sides. The lightning-like lustre of the stars has diminished, and the bright moon has grown pale. The darkness that enveloped everything has now dispersed.
A gentle morning breeze now blows over the gardens, cleaving through the branches of areca nut trees, carrying their sweet fragrance. Oh Lord Rañganātha, holding the mighty and bright discus-weapon (cakrāyudha) on Your glorious and long hand! Please arise and bless us!","The Āḷvār declares that the night has waned, and the stars have gradually faded from the celestial canvas. The moon is losing its luminescence as the Sun ascends, and thus he implores: ""Awaken, Raṅganātha!"" The Sun radiates with such brilliant intensity that its rays disperse everywhere, causing the lustrous moon and stars to vanish entirely. This magnificent solar nature emerges from the presence of Nārāyaṇa within, who infuses such extraordinary radiance into the Sun. Consequently, He is revered as Āditya-Hṛdayam (the one who resides at the heart of Āditya). Raṅganātha bears a profound connection to the illustrious Ikṣvāku dynasty, the Solar clan. When Brahmā presented Vivasvān with the archa mūrti of Raṅga, the twelve Ādityas worshipped Him, as proclaimed in the Ṛg Veda: ""dhyeyaḥ sadā savṛtr-maṇḍala-madhya-varti nārāyaṇaḥ sarasijāsana-sanniveśitaḥ"" - signifying that Nārāyaṇa eternally resides at the very center of the Solar mandala. Therefore, as the Sun ascends, Oh Raṅganātha - worshipped by the solar deity himself - please awaken! Rise to reveal a radiance unparalleled, as the Viṣṇu Purāṇa (1.9.67) declares: ""tejasām rāśim ūrjitam"" - His effulgence glows incomparably. Just as the Sun dispels darkness, similar to how Asuras flee from Your Sudarśana Chakra in its ready-to-launch position, illuminate our world with Your divine presence. 

The lotuses have blossomed, and the fragrance of the areca nut tree has intermingled with the gentle morning breeze. This exquisite aroma heralds the arrival of dawn. The Āḷvār beckons Raṅganātha to awaken to these fragrances and deploy His Chakra to defend all deities and devotees assembled before Him. The Āḷvār's emphasis on Raṅganātha's prayoga chakra subtly entreats the Lord for comprehensive protection and grace upon all bhāgavatas. Moreover, it represents a profound request to dispel our ignorance and bestow divine wisdom.",Toṇḍaraḍippoḍi Āḻvār,Śrī Raṅganātha,,,1.03,Tiruppaḻḻiyezucci
96,89,"மேட்டிள மேதிகள்‌ தளைவிடும்‌ ஆயர்கள்‌
வேய்ங்குழல்‌ ஓசையும்‌ விடை மணிக்‌ குரலும்‌,
ஈட்டிய இசை திசை பரந்தன வயலுள்‌
இரிந்தன சுரும்பினம்‌ இலங்கையர்‌ குலத்தை,
வாட்டிய வரிசிலை வானவரேறே !
மா முனி வேள்வியைக்‌ காத்து,
அவபிரதம்‌ ஆட்டிய அடு திறல்‌ அயோத்தி எம்‌ அரசே !,
அரங்கத்தம்மா ! பள்ளி எழுந்தருளாயே","mēṭṭiḻa mēdigaḻ taḻaiviḍum āyargaḻ
vēyṅguzal ōśaiyum viḍai maṇi kkuralum
īṭṭiya iśai tiśai parandana vayaluḻ
irindana śurumbinam ilaṅgaiyar kulattai
vāṭṭiya variśilai vānavarēṟē !
mā muni vēḻviyai kkāttu
avabiradam āṭṭiya aḍu tiṟal ayōtti em araśē !
araṅgattammā ! paḻḻi ezundaruḻāyē","Oh Śrīraṅganātha! The sounds of huge and tender buffaloes moving, the flute songs of cowherds who have gathered them, and the jingling noises of bells tied to the cattle's necks have spread in all directions. The honey-imbibing bees have emerged from their hives. Oh Śrīraṅganātha! Master of the Celestials! Oh Protector of Viśvāmitra's yāga and destroyer of Laṅkā's rākṣasa hordes! Oh wielder of the kōdaṇḍa bow, who was anointed as the crowned ruler of Ayōdhyā and ruled from there for the purpose of destroying the enemies of light and truth! Please awaken from your divine slumber and bless us!","Cattle gather enchantingly at the melodious call of the cowherd's flute. The commentator Periyavāccān Piḷḷai delightfully highlights the Āḷvār's subtle sense of humor. In the Purāṇas, humans are considered superior in intelligence compared to beings like cattle, as stated in the Narasiṁha Purāṇa (16.13): ""āhāra nidrā bhaya maithunāni tulyāni kalvatra samasta-jantoḥ, jñānāt viśiṣṭo hi naraḥ parebhyo jñānena hīnaḥ paśubhiḥ samānaḥ"" - suggesting that while eating, sleeping, fear, and procreation are common across all creatures, humans are distinguished by their capacity for higher knowledge, and those devoid of such wisdom are equivalent to animals. The Āḷvār provocatively notes that even the cattle have awakened, yet You - the Supreme Being proclaimed as Brahman by the Vedas - continue to slumber. Awaken, Raṅganātha! 

Next, the Āḷvār experiences the mūla mūrti (primary form) of Raṅganātha as Kṛṣṇa, and the utsava mūrti, Namperumāḷ, as Rāma. He contemplates  Rāma's vīra-tattva (heroic essence) during the protection of Viśvāmitra's yajña. Viśvāmitra's sacred ritual was being disrupted by rākṣasas and asuras like Mārīci, Tāḍakā, and others. Thus, he requested Daśaratha to send Rāma to defend the yajña. Though Viśvāmitra was himself capable of protecting the ritual, and Daśaratha equally powerful, the sage's deeper desire was to facilitate the meeting of Rāma and Sītā, ultimately leading to their divine marriage while simultaneously revealing Rāma's heroic nature. Rāma, wielding his legendary kōdaṇḍa bow, decimated these asuras with such extraordinary might that when he directed an arrow at Mārīci-son of Tāḍakā - the rākṣasa was hurled multiple times across the ocean. Eventually, Mārīci was compelled to recognize Rāma's divine supremacy. Such was the magnificent power of our great Lord! He who destroys enemies called asuras (and ignorance), he who ruled Ayodhya, remains asleep while the cows have awakened. Rāma ruled for a millennium, while You - existing beyond time - have been, are, and will be eternally present to bless us. Therefore, Raṅganātha, awaken!",Toṇḍaraḍippoḍi Āḻvār,Śrī Raṅganātha,Śrī Rāma,Parākrama Anubhavam,1.04,Tiruppaḻḻiyezucci
97,90,"புலம்பின புட்களும்‌ பூம்‌ பொழில்களின்‌ வாய்‌,
போயிற்றுக்‌ கங்குல்‌ புகுந்தது புலரி,
கலந்தது குணதிசைக்‌ கனை கடல்‌ அரவம்‌.
களி வண்டு மிழற்றிய கலம்பகம்‌ புனைந்த
அலங்கலந்‌ தொடையல்‌ கொண்டடியிணை பணிவான்‌
அமரர்கள்‌ புகுந்தனர்‌ ஆதலில்‌ அம்மா.
இலங்கையர்‌ கோன்‌ வழிபாடு செய்‌ கோயில்‌,
எம்பெருமான்‌ ! பள்ளி எழுந்தருளாயே","pulambina puṭkaḻum pūm pozilgaḻin vāy
pōyiṭru kkaṅgul pugundadu pulari
kalandadu kuṇadiśai kkanai kaḍal aravam
kaḻi vaṇḍu mizaṭriya kalambagam punainda
alaṅgalan toḍaiyal koṇḍaḍiyiṇai paṇivān
amarargaḻ pugundanar ādalil ammā
ilaṅgaiyar kōn vazipāḍu śey kōyil
emberumān ! paḻḻi ezundaruḻāyē","Oh Lord! The birds in the flower garden have awakened. The night has passed away, and the morning has arrived. The sounds of ocean waves are emerging from the east. The celestials have arrived with beautiful garlands made of manifold flowers, humming with honey bees, ready to offer them at Thy holy feet. Therefore, my Master, Oh Lord of the temple where the ruler of Laṅkā (Vibhīṣaṇa) worships Thee! Wake up from Thy divine slumber and bless us!","The melodious chirping of birds heralds the morning, signaling the sacred time to serve the Lord. Night induces the tāmasic guṇa, compelling us into slumber, whereas the morning sun bestows sāttvika guṇa, making brahma muhūrta the most auspicious moment for divine worship. Śrīraṅgam is renowned for its ethereal natural beauty. Gardens brim with blossoming flowers, while bees voraciously drink their nectar. These bees' melodious hum seems to chant ""Raṅga! Raṅga!"" and the peacocks dance in sublime rhythm. The Āḷvār poignantly asks: ""Despite all these vibrant activities and sounds, why do You still slumber, Oh Raṅga?""

The ocean's waves crash thunderously, creating a mysterious backdrop. One might wonder why the Āḷvār speaks of the ocean when Raṅganātha resides near the Kāvēri River. Periyavāccān Piḷḷai provides a profound interpretation. From across the ocean, from Laṅkā, came Vibhīṣaṇa - the very being who transported Raṅganātha from Ayodhyā to Śrīraṅgam. Facing eastward, it appears as though Raṅganātha awaits Vibhīṣaṇa's arrival. Thus, the Āḷvār provocatively questions: ""Until Vibhīṣaṇa comes to awaken You, will You not rise?"" Nañjīyar provides a complementary commentary. Vibhīṣaṇa, born as Rāvaṇa's younger brother - the same Rāvaṇa whose lustful gaze fell upon Sītā - was nonetheless wholly accepted by Rāma. Despite his lineage, Vibhīṣaṇa possessed profound bhakti towards Nārāyaṇa, ultimately surrendering to Rāma for divine protection.
Rāma, our Raṅganātha, embodying the Prapanna Parijāta (wish-fulfilling divine tree for those who surrender), embraced Vibhīṣaṇa's śaraṇāgati (complete surrender) and offered him unequivocal protection. The Āḷvār's rhetorical question resonates: ""With celestial deities standing before You, are You, out of compassion for prapannas, waiting specifically for Vibhīṣaṇa?""",Toṇḍaraḍippoḍi Āḻvār,Śrī Raṅganātha,Śrī Rāma,,1.05,Tiruppaḻḻiyezucci
98,91,"இரவியர்‌ மணி நெடும்‌ தேரொடும்‌ இவரோ.
இறையவர்‌ பதினொரு விடையரும்‌ இவரோ,
மருவிய மயிலினன்‌ அறுமுகன்‌ இவனோ.
மருதரும்‌ வசுக்களும்‌ வந்து வந்தீண்டி.
புரவியோடாடலும்‌ பாடலும்‌ தேரும்‌
குமர தண்டம்‌ புகுந்தீண்டிய வெள்ளம்‌.
அருவரை அனையநின்‌ கோயில்‌ முன்‌ இவரோ.
அரங்கத்தம்மா ! பள்ளி எழுந்தருளாயே","iraviyar maṇi neḍum tēroḍum ivarō
iṟaiyavar padinoru viḍaiyarum ivarō
maruviya mayilinan aṟumugan ivanō
marudarum vaśukkaḻum vandu vandīṇḍi
puraviyōḍāḍalum pāḍalum tērum
kumara taṇḍam pugundīṇḍiya veḻḻam
aruvarai anaiyanin kōyil mun ivarō
araṅgattammā ! paḻḻi ezundaruḻāyē","Oh Lord of Śrīraṅgam! The following dēvās have assembled near the gates of Your holy shrine, which resembles a great mountain, to receive Your first and foremost merciful and matchless glances: Here are the twelve Ādityas with their lofty chariots bedecked with jewels; the eleven Rudras riding their bulls, who rule over the worlds; the six-faced Subrahmaṇya riding the peacock; the Maruts and the eight Vasus. They have all arrived with their retinues, singing and dancing, accompanied by their horses and chariots. Oh Lord! Please awaken from Your divine slumber and bless us all!","This pāsuram bears striking similarities to the first pāsuram and Veṅkateśvara Suprabhātam. All the devatās seeking Bhagavān's protection have assembled before Raṅganātha. The Āḷvārs reference the Ekādaśa Rudras as controllers of mortal beings. The Yajur Saṁhitā (6.2.8) elucidates how these Rudras obtained their power to control mortals: ""sa abravīt varam vṛṇa aham eva | paśūnām adhipatiḥ asāṇīti tasmāt rudraḥ paśūnām adhipatiḥ ||"" - essentially praying to become the leader of saṁsāris (worldly beings) who are likened to paśus (animals). 

Even these Rudras have arrived, riding their bulls, to serve the Lord. The twelve Ādityas have also assembled to offer their reverence. These Ādityas symbolically represent the twelve months of the cosmic cycle. The Āḷvār emphasizes that celestial deities seeking protection and bhāgavatas yearning for divine grace and kaiṅkarya (sacred service) have congregated to serve the Lord. ""Awaken, Raṅganātha, and accept our service!"" The Āḷvār invokes the concept of kumāra-dhaṇḍa, which carries two profound interpretations: First, Śanmukha (Kārttikeya), the son of Rudra, has assembled here. Second, these deities stand like dhaṇḍa (thick sticks), representing their unwavering devotion. The term kumāra often signifies youthfulness, suggesting these devatās - eternally young - stand densely packed, eagerly awaiting divine blessings. To these devatās and prapannas, the Āḷvār implores: ""Oh Raṅganātha, awaken! Rise to accept our sacred service!""",Toṇḍaraḍippoḍi Āḻvār,Śrī Raṅganātha,Śrī Kṛṣṇa,Paratattva Anubhavam,1.06,Tiruppaḻḻiyezucci
99,92,"அந்தரத்தமரர்கள்‌ கூட்டங்கள்‌ இவையோ.ஃ
அருந்தவ முனிவரும்‌ மருதரும்‌ இவரோஃ
இந்திரன்‌ ஆனையும்‌ தானும்‌ வந்திவனோ
எம்பெருமான்‌ உன்‌ கோயிலின்‌ வாசல்‌
சுந்தரர்‌ நெருக்க விச்சாதரர்‌ நூக்க
இயக்கரும்‌ மயங்கினர்‌ திருவடித்‌ தொழுவான்‌,
அந்தரம்‌ பாரிடம்‌ இல்லை மற்றிதுவோ
அரங்கத்தம்மா ! பள்ளி எழுந்தருளாயே","andarattamarargaḻ kūṭṭaṅgaḻ ivaiyō
arundava munivarum marudarum ivarō
indiran ānaiyum tānum vandivanō
emberumān un kōyilin vāśal
śundarar nerukka viccādarar nūkka
iyakkarum mayaṅginar tiruvaḍi ttozuvān
andaram pāriḍam illai maṭriduvō
araṅgattammā ! paḻḻi ezundaruḻāyē","""Oh Lord of Śrīraṅgam! Numerous significant personages have gathered at the entrance of Your sacred shrine, reverently paying homage to Your divine lotus feet. They include multitudes of celestial deities, profound sages of supreme austerities, the Maruts, and Lord Indra accompanied by his majestic elephant Airāvata.\
Hosts of Sundaras (Gandharvas) and Vidyādharas have arrived, standing so closely pressed together that they occupy every available space. The Yakṣas have also assembled with fervent devotion and profound spiritual earnestness. There is no room left at the entrance of Your hallowed temple (kōyil), both in the celestial heavens above and upon the earthly realm below.\
Oh Lord! Awaken and bestow Your most gracious blessings upon these devoted beings and upon adiyēn (Your humble servant)!""","Following the previous pāsuram, Alvār quotes that all the devatās have assembled here. Indra, who is considered the ruler among the devatās, appears in front of the Lord seeking His grace. Alvār speaks about the paratattva of Bhagavān with profound devotional insight.

The scene depicts a magnificent celestial gathering where various divine entities converge, showcasing the supreme lordship of Rañganātha. Indra, the king of devatās, arrives mounted on his legendary elephant Airāvata, symbolizing both his royal status and his complete submission to the divine will. This description emphasizes a crucial theological concept in Śrī Vaiṣṇava philosophy: even the most powerful celestial beings are ultimately subservient to the supreme divine principle.",Toṇḍaraḍippoḍi Āḻvār,Śrī Raṅganātha,,Paratattva Anubhavam,1.07,Tiruppaḻḻiyezucci
100,93,"வம்பவிழ்‌ வானவர்‌ வாயுறை வழங்க,
மாநிதி கபிலை ஒண்‌ கண்ணாடி முதலா,
எம்பெருமான்‌ படிமக்கலம்‌ காண்டற்கு.
ஏற்பன வாயின கொண்டு நன்‌ முனிவர்‌.
தும்புரு நாரதர்‌ புகுந்தனர்‌ இவரோ.
தோன்றினன்‌ இரவியும்‌ துலங்கொளி பரப்பி,
அம்பர தலத்தில்‌ நின்றகல்கின்றதிருள்‌ போய்‌,
அரங்கத்தம்மா ! பள்ளி எழுந்தருளாயே","vambaviz vānavar vāyuṟai vazaṅga
mānidi kapilai oṇ kaṇṇāḍi mudalā
emberumān paḍimakkalam kāṇḍaṟku
ēṟpana vāyina koṇḍu nan munivar
tumburu nāradar pugundanar ivarō
tōnṟinan iraviyum tulaṅgoḻi parappi
ambara talattil ninṟagalginṟadiruḻ pōy
araṅgattammā ! paḻḻi ezundaruḻāyē","Oh Lord of Śrīraṅgam! Many deities have arrived with magnificent treasures, offering them reverentially to receive Your benevolent glances. They have brought the vāyurai (arugam grass); the sacred cow Kapilā; mirrors and other sacred implements like padimakkalam for Your morning ārādhana. The illustrious sages, Tumburu and Nārada, have descended to glorify You with their divine vīṇās. Dawn has already broken, with the radiant Sun ascending and dispersing his luminous rays across the celestial expanse. Darkness has retreated, even from the ethereal realms. Oh Lord of Śrīraṅgam! Awaken and bestow Your divine blessings upon us!","As the Sun has ascended, its radiant rays have illuminated everywhere, dispelling the darkness bestowed by night. This luminescence extends not only to the human realm but to the celestial domains of the devatās as well. This profound imagery suggests that Bhagavān removes ignorance not just for humanity, but for the exalted celestial beings praised across countless traditions. To shower divine grace upon all the assembled beings, the Āḷvār implores: ""Awaken, Raṅganātha!""

The Āḷvār beautifully explicates the sacred process of awakening Raṅganātha in Śrīraṅgam. The devatās and yogis assembled before Him have brought auspicious objects to present upon His awakening. According to Āgamas like the Pāñcarātra's Parameśvara Saṁhitā, specific objects must be ceremonially presented: mirrors, vessels containing milk, and collyrium (the sacred black substance used to adorn divine eyelids). Accompanying these ritual objects, an elephant and a cow with its calf are brought before the sanctum, for His beloved consort Mahālakṣmī is believed to reside within these sacred animals. These objects originated during the Kṣīra Manthana (churning of the cosmic ocean) and were subsequently gifted to the devatās. The profound theological principle dictates that before these sacred objects are enjoyed by devatās or humans, they must first be reverentially offered to the Supreme Being.

The archakas of Śrīraṅgam, meticulously adhering to ancient Āgamic traditions, simultaneously bring waters from the river Kāvēri. In the morning light, the river shimmers magnificently, reflecting the Sun's rays like liquid gold. These consecrated waters are gathered for Raṅganātha's daily ritual ablutions. Divine music becomes the final element of this sacred awakening. Tumburu and Nārada have assembled to play their vīṇās and tambūris, creating a melodious invocation. Sama Gāna, the most sublime of musical offerings, is especially beloved by Bhagavān. ""Oh Raṅga,"" the Āḷvār entreats, ""Awaken and bless us!""",Toṇḍaraḍippoḍi Āḻvār,Śrī Raṅganātha,,Paratattva Anubhavam,1.08,Tiruppaḻḻiyezucci
101,94,"ஏதமில்‌ தண்ணுமை எக்கம்‌ மத்தளி.
யாழ்‌ குழல்‌ முழவமோடிசை திசை கெழுமி.,
கீதங்கள்‌ பாடினர்‌ கின்னரர்‌ கெருடர்கள்‌ ,
கந்தருவர்‌ அவர்‌ கங்குலுள்‌ எல்லாம்‌,
மாதவர்‌ வானவர்‌ சாரணர்‌ இயக்கர்‌
சித்தரும்‌ மயங்கினர்‌ திருவடித்‌ தொழுவான்‌,
ஆதலில்‌ அவர்க்கு நாள்‌ ஓலக்கம்‌ அருள.
அரங்கத்தம்மா ! பள்ளி எழுந்தருளாயே","ēdamil taṇṇumai ekkam mattaḻi
yāz kuzal muzavamōḍiśai tiśai kezumi
kīdaṅgaḻ pāḍinar kinnarar keruḍargaḻ
kandaruvar avar kaṅguluḻ ellām
mādavar vānavar śāraṇar iyakkar
śittarum mayaṅginar tiruvaḍi ttozuvān
ādalil avarkku nāḻ ōlakkam aruḻa
araṅgattammā ! paḻḻi ezundaruḻāyē","Oh Lord of Śrīraṅgam! Throughout the night, the semi-divine beings - Kinnaras, Garuḍas, and melodiously gifted Gandharvas - have been singing stotras eulogizing You. Some are playing on immaculate kettle-drums, vīṇā, ekkam (single-stringed instrument), diverse percussion and stringed instruments (yāḻ), and flutes. The nādam from this celestial symphony has enveloped all cardinal directions. These divine entities have assembled at Your sacred sannidhi, offering profound obeisance to Your divine lotus feet.

Accompanying them are the extraordinary saints of supreme austerities - celestial beings like Cāraṇas, Yakṣas, and Siddhas - who are trembling with ecstatic anticipation of Your divine darśanam. Some are even fainting from the overwhelming excitement of imminent spiritual revelation. Oh Lord of Śrīraṅgam! Bestow Your gracious sevai upon all these ardent devotees, bless us collectively, and awaken from Your yogic nidrā, rising from Your serpentine couch!","Alvar's feeling can put into as ""Oh Lord of Śrīraṅgam! Throughout the night, the semi-divine beings - Kinnaras, Garuḍas, and melodiously gifted Gandharvas - have been singing stotras eulogizing You. Some are playing on immaculate kettle-drums, vīṇā, ekkam (single-stringed instrument), diverse percussion and stringed instruments (yāḻ), and flutes. The nādam from this celestial symphony has enveloped all cardinal directions. These divine entities have assembled at Your sacred sannidhi, offering profound obeisance to Your divine lotus feet. Accompanying them are the extraordinary saints of supreme austerities - celestial beings like Cāraṇas, Yakṣas, and Siddhas - who are trembling with ecstatic anticipation of Your divine darśanam. Some are even fainting from the overwhelming excitement of imminent spiritual revelation. Oh Lord of Śrīraṅgam! Bestow Your gracious sevai upon all these ardent devotees, bless us collectively, and awaken from Your yogic nidrā, rising from Your serpentine couch!""

Here Alvār takes the side of those devatās who are oozing bhakti, waiting for the glance of Rañganthar's divine form. While waiting for the doors to open, these celestial beings faint down from their devotion. Hence, Alvār tales their side requesting Rañganthar to wake up and shower grace.",Toṇḍaraḍippoḍi Āḻvār,Śrī Raṅganātha,,,1.09,Tiruppaḻḻiyezucci
102,95,"கடி மலர்க்‌ கமலங்கள்‌ மலர்ந்தன இவையோ.
கதிரவன்‌ கனை கடல்‌ முளைத்தனன்‌ இவனோ
துடியிடையார்‌ சுரி குழல்‌ பிழிந்துதறித்‌ .
துகில்‌ உடுத்தேறினர்‌ சூழ்‌ புனல்‌ அரங்கா,
தொடை ஒத்த துளவமும்‌ கூடையும்‌ பொலிந்து.
தோன்றிய தோள்‌ தொண்டர்‌ அடிப்பொடி என்னும்‌ அடியனை
அளியன்‌ என்றருளி உன்‌ அடியார்க்காட்படுத்தாய்‌ !
பள்ளி எழுந்தருளாயே ! ","kaḍi malar kkamalaṅgaḻ malarndana ivaiyō
kadiravan kanai kaḍal muḻaittanan ivanō
tuḍiyiḍaiyār śuri kuzal pizindudaṟi
tugil uḍuttēṟinar śūz punal araṅgā
toḍai otta tuḻavamum kūḍaiyum polindu
tōnṟiya tōḻ toṇḍar aḍippoḍi ennum aḍiyanai
aḻiyan enṟaruḻi un aḍiyārkkāṭpaḍuttāy !
paḻḻi ezundaruḻāyē !","Fragrant lotus blossoms have unfurled! The Sun has risen magnificently above the roaring waters of the eastern sea! Slender-waisted ladies, having bathed in the river Kāvēri, have rinsed and delicately shaken water from their lustrous tresses, tying them up and adorning themselves with fresh garments as they gracefully ascend the riverbanks.\
Oh Śrī Raṅganātha, nestled on the banks of the sacred Kāvēri, who has graciously accepted me - Toṇḍaradippoḍi, the blissful devotee who rejoices in the dust of Your sacred feet! Bearing in my hands a garland of sacred tulasī, an offering most beloved by You, I implore You to awaken and bless Your devoted followers!","Alvār concludes waking up Rañganātha by asking him to provide bhāgavata kaiṅkaryam. The sun has grown away from the ocean to the sky and magnificently shining. Ladies following their daily routine and rituals, having bathed in Kāveri and are returning home to dry their clothes. Adorning fresh garments, they are preparing themselves to serve you.

Alvār says to Bhagavān that, with great compassion he has accepted him as his devotee and now requests him to grant him to serve his devotees. This pattern is well observed in Divya Prabandham and every grantha-stotra-prabandham written by any Śrī Vaiṣṇava ācārya. The concepts of bhāgavata śeṣattvam, i.e., the acceptance to serve the devotees of the Lord with great respect, is the character of a prapanna. Hence Alvār, who was originally called Vipranarayana, has the name Toṇḍaraṭṭupuṭi, which literally translates to ""the one who holds the dust emerged out of the feet of the devotees on his forehead."" Rāmānujācārya in his Śrīraṅga Gadhyam repeats the same as ""prītikāritāśēṣāvasthōcitāśēṣaśēṣataikaratirūpa nityakaiṅkarya prāptyupāyabhūtabhakti"" where the Ācārya asks Namperumāḷ seated along with Rañganāyaki Nācchiyār to bless him the opportunity to serve their devotees. Hence Alvār calls himself Toṇḍaraṭṭupuṭi, who is holding the garland of Tulasī ready to be worn by Rañganātha, who is raising his head up from Ananta!",Toṇḍaraḍippoḍi Āḻvār,Śrī Raṅganātha,,Bhāgavata śeṣatvam,1.10.,Tiruppaḻḻiyezucci
103,96,"மார்கழித் திங்கள் மதி நிறைந்த நன்னாளால்\
நீராடப் போதுவீர் போதுமினோ நேரிழையீர்\
சீர்மல்கும் ஆய்ப்பாடிச் செல்வச் சிறுமீர்காள்\
கூர்வேல் கொடுந்தொழிலன் நந்தகோபன் குமரன்\
ஏரார்ந்த கண்ணி யசோதை இளஞ்சிங்கம்\
கார்மேனிச் செங்கண் கதிர்மதியம் போல் முகத்தான்\
நாராயணனே நமக்கே பறை தருவான்\
பாரோர் புகழப் படிந்து ஏல் ஓர் எம்பாவாய்.","mārgazi ttiṅgaḻ madi niṟainda nannāḻāl
nīrāḍa ppōduvīr pōduminō nēr izaiyīr
śīr malgum āyppāḍi ccelva cciṟumīrgāḻ
kūr vēl koḍun tozilan nandagōban kumaran
ērārnda kaṇṇi yaśōdai iḻam śiṅgam
kārmēni cceṅgaṇ kadirmadiyam pōl mugattān
nārāyaṇanē namakkē paṟai taruvān
pārōr pugaza ppaḍindēlōr em pāvāy","Now has arrived the month of Mārgaśīrṣa. The days are auspicious and the nights are filled with moonlight. You, the beautiful young women, enjoying all the comforts of the prosperous village Vrepalle and wearing strange and attractive ornaments! Listen, all those who wish to participate in the morning bath, join us and move ahead. Kṛṣṇa is the son of Nandagopa, who in his solicitude for his son, ever keeps alert, with his sharp Velāyudha always poised, to punish severely those who intend harm to him.

Kṛṣṇa is the beloved lion-cub of Yaśodā who contemplates him with her large beaming eyes; Kṛṣṇa with his body shining with the colour of a dark cloud, with his eyes bright as red lotus-petals, with his divine face radiating the mingled beams of the bright sun and the mellow moon,—this Kṛṣṇa is no other than Nārāyaṇa Himself. He is ready to give, only to us (people who never seek anything from any but him) what we badly need, namely, the instrument ""parai"" which is required for the fulfilment of this ritual. Therefore, join us in all your numbers in this ceremonial rite and make the world of onlookers happy.","The Mārgaśīrṣa month is considered to be very auspicious as per the śāstras. Kṛṣṇa declares in Bhagavad Gītā 10.35 ""māsānāṃ mārgaśīrṣo 'ham"" that among the months of the year, He is Mārgaśīrṣa. Often, the star which appears on the full moon day of that month defines the name of the month. Just as the star Citrā appears on full moon day and the month becomes Caitra, similarly Mārgaśīrṣa month is presided over by Mṛgaśīrṣa star on the full moon day. These twelve stars are visualized as an antelope, and the star on its head is called Mṛgaśīrṣa. This month is also considered as the time of Brāhma-muhūrta for devatās, as a human year is a day for them.

Āṇḍāḷ says let's start this nombu on this auspicious month and on a full moon day. This month is also compared to the lotus of the Lord because it is soft, cold, and warm. She calls the day to be auspicious as she and those who desire Kṛṣṇa alone have assembled to perform the nombu. She calls upon everyone who resides in and desires to reach Kṛṣṇa. He is dark as a cloud and she refers to Him as the son of Nanda Gopa. Gopa, who used to be very delicate while walking before Kṛṣṇa being his son, now always holds a spear which used to defeat all those who try to harm Kṛṣṇa. That's the fatherly love he had towards Bhagavān. The reference to Him being called a young lion cub is more of Āṇḍāḷ's desire to marry Him as her age is similar to His.

The core essence of this pāsuram comes from the sentence ""nārāyaṇanē namakkē paṟai taruvān"". Externally, the inference is she is asking Kṛṣṇa, who is none other than Nārāyaṇa, to provide the musical instrument used in this ritual. But the inner meaning of paṟai refers to kaiṅkaryam. Āṇḍāḷ refers that it's not by her efforts she is going to attain Kṛṣṇa and serve Him, but Nārāyaṇa Himself will give the grace to attain Him and serve Him. This is the core essence of prapatti. Hence she calls all to assemble to celebrate the divine attributes of Nārāyaṇa.",Āṇḍāḻ,Navamōhana Kṛṣṇa Perumāḷ,Śrī Kṛṣṇa,"Soulabhyam,Kainkarya-prārthanā",1.01,Tiruppāvai
104,97,"லவயத்து வாழ்வீர்காள்! நாமும் நம் பாலவக்குச்\
செய்யும் கிரிலசகள் கேளிரோ, பாற்கடலுள்\
லபயத் துயின்ற பரமனடி பாடி\
செந்யுண்ணோம் பாலுண்ணோம் நாட்காகே நீராடி\
லமயிட்டு எழுதோம் மலரிட்டு நாம் முடியோம்\
செய்யாதன செசய்யோம் தீக்கறலா சென்று ஓதோம்\
ஐயமும் பிச்லசயும் ஆந்தலனயும் லககாட்டி\
உய்யமாறு எண்ணி உகந்து ஏல் ஓர் எம்பாவாய்.","vaiyattu vāzvīrgāḻ ! nāmum nam pāvaikku
śeyyum kiriśaigaḻ kēḻīrō
pāṟkaḍaluḻ paiya ttuyinṟa paraman aḍi pāḍi
ney uṇṇōm pāl uṇṇōm nāṭkālē nīr āḍi
maiyiṭṭezudōm malariṭṭu nām muḍiyōm
śeyyādana śeyyōm tīkkuṟaḻai śenṟōdōm
aiyamum piccaiyum āndanaiyum kai kāṭṭi
uyyumāṟeṇṇi ugandēlōr em pāvāy","All, who though born in this world of sorrow, yet enjoy bliss as contemporaries of Kṛṣṇa, listen to the manner of our performing this ritual. We shall gently sing benediction to the feet of the Supreme Person, who has been resting quietly on the Kṣīra Sāgara (sea of milk). During the period of this ritual, we shall take our bath before dawn. We shall not partake of milk or ghee. We shall not adorn our eyes with collyrium nor shall we deck our hair with flowers. We shall avoid actions not sanctioned by our elders; nor shall we ever utter anywhere falsehoods or words that might hurt others. We shall honor the wise with liberal gifts of grain and money. We shall bestow charity on the brahmacārīs (celibates) and the sannyāsīs (ascetics). We shall always reflect upon the way of higher life. May you witness this and feel happy!","After calling all the gopīs to perform the nombu, Āṇḍāḷ speaks to them saying that we are fortunate to live in this divine place, much glorified compared to Śrī Vaikuṇṭha itself! ""Vaiyattu vāzvīrgā"" here refers to this essence. Why is Āṇḍāḷ saying this? Compared to the Supreme Abode, we can enjoy the infinite divine and auspicious qualities of Bhagavān here, in the Līlā Vibhūti. The Nitya Vibhūti, i.e., Śrī Vaikuṇṭha, is ever-shining as there is no scent of karma or vāsanā there. Though Bhagavān has so many auspicious qualities, they cannot be expressed fully in the Supreme Abode compared to the Līlā Vibhūti, i.e., the universe. The comparison can be given as: the importance of light and its beauty can be experienced to its fullest when it is brought to a place which is dark. Bhagavān, who is called parama jyoti by Nārāyaṇa Sūktam of Taittirīya, His divine qualities can be experienced beautifully and their importance known well here in this Līlā Vibhūti where we are stuck in the cycle of saṃsāra by ignorance, which is darkness personified.

She again refers to ""mamum nam pavaiku,"" which refers to the same essence that we, who have left all desires and only want Kṛṣṇa, have come here to participate in this nombu. Āṇḍāḷ refers to Kṛṣṇa as Kṣīrābdhi-nātha. The reference here is of the Kṣīra Sāgara, which is as large and plentiful as His divine qualities which are supreme and incomparable, hence she calls them param. Also, the sleeping posture of Nārāyaṇa is always seen to be much more beautiful compared to others. Viśvāmitra, seeing Rāma in yoga-nidrā, is so mesmerized and sings to awaken Him. Sītā too is mesmerized by Rāma who is laying on her lap. Āṇḍāḷ, remembering Raṅganātha, who is none other than Kṛṣṇa, is mesmerized. Though He remains in this yogic posture, He is always alert to protect the surrendered ones. Then she, with the participants of the nombu, decides to follow certain disciplined rituals for the nombu.

She states to avoid eating milk and ghee. By remaining immersed in devotion and love towards beloved Kṛṣṇa, she is not ready to partake of food like milk and butter which are considered royal, rich, and 'elixir on earth'. After enjoying and in the process of enjoying the divine elixir called Kṛṣṇa-prema, how can these worldly things sound fitting to the mind? Leaving these, she also calls upon them to take bath early in the morning. Referring to this, the pain of separation always triggers heat. To cool down the body, often devotees take early bath. Bharata, separated from Rāma, used to take morning baths. This is an expression of pain of separation towards Kṛṣṇa by Āṇḍāḷ and all who have joined her group.

Next, she repeats to give up adorning collyrium for her eyes and she states to not wear flowers. In the pain of separation, the wife doesn't desire to decorate herself. All she waits for is her husband to return. Āṇḍāḷ here says the same, that Kṛṣṇa Himself has to provide the collyrium and flowers to them. The inner meaning of what Āṇḍāḷ tries to infer here is: collyrium which decorates the eye and makes it look bright refers to jñāna, and the flowers which are pleasurable to look at, smell, and wear, which shows bhoga, represents bhakti. Āṇḍāḷ repeats the same - she doesn't want to use jñāna yoga and bhakti yoga to attain Bhagavān. He Himself is the means and He Himself will make them attain Him. If He desires to bestow knowledge and devotion to the prapanna, i.e., those who have helplessly and totally surrendered to Him without any expectation, then she is ready to accept it.

Āṇḍāḷ further continues by referring to ""śeyyādana śeyyōm"" where she tries to emphasize following the regulations laid down by Ācārya Puruṣas. Vedas sometimes provide certain flexibility in ways to lead life, such as kṣatriyas having the eligibility to hunt. Though such flexibility is given, they are said to be optional, and Ācāryas recommend highly to avoid them. In our example, though kings were allowed to hunt, often these ended up in bad outcomes and mostly became the causes of death in the long term. Daśaratha, Pāṇḍu, Parīkṣit are some examples of this reasoning. Hence, Āṇḍāḷ states even if Vedas provide that optional flexibility, we still follow the Ācāryas and won't perform such activity. This is the same stated by Bhagavān in Gītā 4.34 - ""tad viddhi praṇipātena paripraśnena sevayā | upadekṣyanti te jñānaṃ jñāninas tattva-darśinaḥ"", i.e., Bhagavān tells Arjuna to gain this knowledge from Ācāryas who have the knowledge about Brahman. The Taittirīya Upaniṣad states the same in Śikṣā Vallī 1.11.4 - ""atha yadi te karmavicikitsā vā vṛttavicikitsā vā syāt . ye tatra brāhmaṇāḥ saṃmarśinaḥ . yuktā āyuktāḥ . alūkṣā dharmakāmāḥ syuḥ . yathā te tatra varteran tathā tatra vartethāḥ"", i.e., it states ""If there should arise any doubt regarding your acts, or any uncertainty in respect of your conduct in life, you should act in those matters exactly as those Brāhmaṇas who are present there, who are thoughtful, religious (experienced), not set on by others, not cruel (i.e., gentle) and are devoted to Dharma."" Hence following the directions of Ācārya, she is performing the nombu. She says she will donate to the needy and the Brāhmaṇas until they are satisfied (and feel sorry to give no more). It also infers that she is donating the knowledge about the kalyāṇa guṇas of Bhagavān to the people who are ready to ask. Āṇḍāḻ expressed her pain of sepearation and intends to perform nombu for the quickness to attain.",Āṇḍāḻ,Vyūha Vāsudeva,Śrī Kṛṣṇa,,1.02,Tiruppāvai
105,98,"ஓங்கி உலகளந்த உத்தமன் பேர் பாடி\
நாங்கள் நம்பாலவக்குச் சாற்றி நீராடனால்\
தீங்கின்றி நாசெடல்லாம் திங்கள் மும்மாரி செய்து\
ஓங்கு செபரஞ் செந்சிநாலுரு கயல் உகள\
புங்கவலாப் போதில் செபாறிவண்டு கண்படுப்ப\
கேங்காகே பக்கிருந்து சீர்த்த முலல பற்றி\
வாங்கக் குடம் நிலறக்கும் வள்ளல் செபரும் பகக்கள்\
நீங்காத செல்வம் நிலறந்து ஏல் ஓர் எம்பாவாய்.","ōṅgi ulagaḻanda uttaman pēr pāḍi
nāṅgaḻ nam pāvaikku ccāṭri nīr āḍināl
tīṅginṟi nāḍellām tiṅgaḻ mummāri peydu
ōṅgu peṟuñjennel ūḍu kayal ugaḻa
pūṅguvaḻai ppōdil poṟivaṇḍu kaṇ paḍuppa
tēṅgādē pukkirundu śīrtta mulai paṭri vāṅga
kuḍam niṟaikkum vaḻḻal perum paśukkaḻ
nīṅgāda śelvam niṟaindēlōr em pāvāy","As we chant the sacred name of the Supreme Person, Trivikrama (who, upon receiving the gift from Emperor Bali, grew in stature up to the sky and measured the three worlds with His feet) and take our bath under the auspices of this ritual, may the world be refreshed with three good showers a month and be free from all physical ills and feel happy! While the paddy plants shoot up to the sky and fish leap about in the waters of the corn-fields, and the charming bees slumber in lotus flowers, may the land smile with rich harvests! May the cattle sheds abound with cows whose udders, on a mere touch of the steady milkman (gopāla), release potfuls of milk! May the whole land be filled with prosperity that never wanes nor comes to an end! May the whole land ever flow with milk and honey!","Contuning to praise Bhagavan, Andal now praises hsi Vibhava rupa as Vamana and Trivikrama.  When aditi the mother of Indra was in grief that her son has lost his postion. She prays to Narayana who bestwos her to be his mother and hence he is born as Upendra or Vamana. Bail who defeated Indra and had conqured the three world was noble by nature. At the same time he belonged to the linague of Prahalada who had the boon from Narasimha that his generations will never be destoyed by Lord. But Bail had ego that all these were his possesion and his efforts lead to the gains. He had fail to relaises that it was bestwoed by someone who own all the worlds. Unable to bare the pain of his devotee, Aditi, Lord who rests on Ksheera sagar jumps up and takes the form of Trivikrama assuring protection. He decides to beg the worlds from Bali as a drawf. Drawfness and begging aren't something desired by people. But when Vishnu takes these, it becomes something beautifu and noble. such is the nature of Lord. The litreall assoctaion with him leads to gain in Sattvic nature. When we take birth, we are born with sorrow and Samsric attachment. But Bhagavan on the other hand is born with his own will and his yoga maya. His compassion is so great for the sake of devotees he is ready to beg, wash the feets of horses though he is the supreme being. Vamana seeks for 3 foot of land even when insted he persists to ask for the 3 foot of Land. The 3 foot of land repsents 3 aspects which Krishna states to arjuna to surrenders; Offer to Bhagavan whatever we do and whatever we eat; Consecrate to Bhagavan whatever we sacrifice in the sacred fire and whatever we gift in charity; Dedicate to Bhagavan all the austerities and penances. By doing these three we will be devoid of ego and accpte He as the means to attain him. The essence here is that the jiavatma has to relaise that it is not the Bhoktha or the Kratha but Bhagavan alone is as antaryami. When Bali is betwosed the lands, Lord removed his ego and granted him the knowldge of surrendce. The same Vama was born to Aditi when she was Kausalya as Rama, born as Krishna when she was Devaki. The Vishnu Suktam glorifies this form of Trivikrama. Singing the names of Bhagavan who protect the enitire univers Trivrikaram bestown libreation itself!

Andal says we perform this nombu for the happiness of the whole world. She feels for all those who are unabelt o perform the nombu and hence says she perform for the bliss of the word not for herself. The ritual of the gopikās is described as bringing prosperity to the land in multiple ways. She explains how their worship ensures three showers of rain every month, making the fields abundant with tall paddy crops where fish leap about. The imagery extends to bees sleeping in lotus flowers and cows yielding endless pots of milk, symbolizing the material abundance that flows from proper devotion. This prosperity is described as being permanent and extending beyond their immediate region to benefit the entire world, similar to how during Śrī Rāma's reign, all people experienced happiness (hṛṣṭam), contentment (tuṣṭam), and freedom from disease (ārogam) and fear (bhayam).

The deeper spiritual significance of these images is then elaborated. The three showers of rain represent three kinds of spiritual knowledge: ananyaśeṣatvam (belonging solely to the Supreme), ananyaśaraṇatvam (taking refuge in none but the Supreme), and ananyabhogyatvam (finding relish only in being enjoyed by the Lord). The paddy fields filled with water represent consciousness filled with thoughts of God, while the fish jumping in the water symbolize sages reveling in divine consciousness. The lotus flowers represent the hearts of sages where Śrīmannārāyaṇa resides with Lakṣmī.

Andal explains the significance of milk abundance as representing spiritual knowledge flowing from preceptors (Ācāryas) to disciples. The cows represent the Ācāryas who, like the cows nourished by Kṛṣṇa's touch and flute music, are sustained by divine grace and God-consciousness. The four teats of the cows correspond to four reasons why preceptors bestow knowledge: divine ordinance, answering disciples' prayers, compassion for suffering souls, and their natural inability to contain wisdom. This Ācārya sampada (abundance of spiritual teachers) is described as being inexhaustible and constantly available for the benefit of all seekers.",Āṇḍāḻ,,"Śrī Kṛṣṇa,Vāmana-Trivikrama",,1.03,Tiruppāvai
106,99,"ஆழிமலழக் கண்ணா! ஒன்று நீ லககரேவல்\
ஆழியள் பக்கு முகந்து செகாடார்த்தேரி\
ஊழி முதல்வன் உருவம் போல் மெய் கறுத்துப்\
பாழியந் தோஞ்சைப் பத்மநாபன் கையில்\
ஆழிபோல் மின்னி, வலம்பரிபோல் நின்று அதிர்ந்து\
தாழாதே சாரங்க முகத்தத் சரமைழ் போல்\
வாழ உலகினில் பெய்திடாய் நாங்கஞ்சும்\
மார்கழி நீராட மகிழ்ந்து ஏல் ஓர் எம்பாவாய்.","āzi mazaikkaṇṇā ! onṟu nī kai karavēl
āzi uḻ pukku mugandu koḍārttēṟi
ūzi mudalvan uruvam pōl mey kaṟuttu
pāziyan tōḻuḍai ppaṟpanāban kaiyil
āzi pōl minni valamburi pōl ninṟadirndu
tāzādē śārṅgam udaitta śaramazai pōl
vāza ulaginil peydiḍāy
nāṅgaḻum mārgazi nīrāḍa magizndēlōr em pāvāy","Oh Parjanya, the majestic celestial being presiding over rain! Do not diminish your customary liberality in giving. Plunge deep into the midst of the majestic ocean, drink all its waters to the full, rise with a roar and spread yourself across the sky, with your dark form resembling the divine image of Śrīman Nārāyaṇa, who is the Cause of the whole universe. Flash forth in lightning, like the Sudarśana-cakra held in the handsome right hand of the lotus-naveled (Padmanābha), broad-shouldered Lord; startle the world with thunder, resembling that which emanates from the Pāñcajanya śaṅkha in His left hand; shoot forth showers, like the arrows that rain from His bow (Śārṅga), in such abundance and continuity that the whole world feels refreshed; and that we feel happy to have our bath in Mārgaśīrṣa.","Āṇḍāḷ gives the comparison of Varuṇa, who bestows rain, to the Ācāryas who bestow knowledge of the Supreme like the rain. By the blessing of Kṛṣṇa (referred here as Kaṇṇa), the clouds shower rain. By stating ""onṟu nī kai karavēl,"" Āṇḍāḷ requests the clouds to shower rain without holding back. When such rain is experienced, it brings flourishment to the land and hence brings prosperity to us. This is similar to the preceptor or the Ācārya. When the knowledge about the divine attributes of the Lord is being showered upon us by the preceptor, she requests to do so without holding back, hence the disciples can experience Bhagavān with full bliss as per their capacity. Bhagavān has assigned different tasks to different devatās who oversee specific elements or tasks: Yama for death, Agni for heat and burning, and several others. But Varuṇa, on the other hand, unless provoked, is large-hearted. He bestows rain everywhere with large-heartedness. Similarly, Ācārya is large-hearted; irrespective of good or bad, he bestows the knowledge of Nārāyaṇa.

Āṇḍāḷ calls the clouds and says ""āzi uḻ"" which refers to her saying the clouds to go to the mid-sea and drain the salt water, later to be rained as sweet rain. The clouds follow the cycle of nature to drain the water from the salty sea to be showered upon as beautiful rain. The Ācāryas are similar too. The Vedas are like the ocean, magnanimous in nature and difficult to be understood even by the intelligent ones, hence similar to the salty water. The Ācāryas are clouds which extract the required Vedānta from the Vedas which speaks about the Brahma-tattvam and shower the knowledge upon the disciple, hence converting the hard and difficult to understand Vedas to sweet teachings. The specific need to go to the sea, not to reservoirs like ponds or lakes, indicates from where the knowledge has to be extracted by the Ācārya. Vedas are the most authoritative as they are called apauruṣeya. But these are huge and contain all knowledge similar to an encyclopedia. But for a surrendered ātmā, it only requires the knowledge about Brahman which is hidden in corners of Vedānta. Bhagavad Gītā 2.46 states ""yāvān artha udapāne sarvataḥ samplutodake | tāvān sarveṣu vedeṣu brāhmaṇasya vijānataḥ"" i.e., a thirsty man will only take what is required from the reservoir; he won't drink the entire water body. Similarly, the one who desires to know Brahman (Brāhmaṇa), only fetches the knowledge about the Brahman from the Vedas which provide all kinds of rituals to attain spiritual and materialistic desires. The Ācārya has to fetch this knowledge alone and shower upon us.

Next, Āṇḍāḷ requests the clouds to turn like the color of the all-controller Nārāyaṇa and shower rain upon us with lightning like the Sudarśana-cakra! The simile which she brings here itself is beautiful as it describes the divine divya-maṅgala-rūpa of Nārāyaṇa. The Vedas like Nārāyaṇa Sūktam state that the inner soul of all, Śrīman Nārāyaṇa, has the divine color of kṛṣṇa-piṅgala which is similar to dark grey of clouds with a mix of sapphire dark blue and emerald green (ṛtaṃ satyam paraṃ brahma puruṣaṃ kṛṣṇapiṅgalam). Āṇḍāḷ now calls upon the clouds to turn into the color of that Brahma-tattvam and shower rain upon us. The Taittirīya Upaniṣad 5.8.1 states ""brahmopāpnavānīti"" i.e., attains and becomes like the Brahman (Sarūpya Mokṣa) to the one who performs the upāsana of the Praṇava mantra. When an Ācārya is immersed in such knowledge, he too experiences this and overflows with knowledge and bhakti. Like the Supreme's dark color which represents coolness, he too provides knowledge about Bhagavān with whole-hearted coolness. Sages who have such identity are fit to preach about Bhagavān.

She further expresses that the rain should show lightning like the Sudarśana-cakra of Bhagavān. The auspicious disc which dispels all ignorance and darkness, that which represents time, that which represents the Saṅkalpa Śakti (will-power) of the Supreme Controller is called as the Sudarśana. Viṣṇu, the all-preserver with His broad beautiful shoulders, protects one and all! His disc glows with such great effulgence even though He is still. Similarly, Ācāryas might be immersed in bhakti towards Nārāyaṇa and remain still, but their effulgence through their knowledge (Jñāna Śakti) and activities performed as per śāstras which please Kṛṣṇa (Kriyā Śakti) glow like the disc. It too provides protection to all the disciples who are stuck in the ignorance of this saṃsāra.

Āṇḍāḷ further elaborates that the cloud also needs to thunder loud and clear, saying ""valamburi pōl ninṟadirndu."" The comparison she gives for the sound is that of the divine Pāñcajanya conch of Bhagavān. The gopīs keep the divine conch dear to them. Unlike the disc which leaves the divine hands of the Lord for performing duties of killing demons and asuras, the conch, on the other hand, always stays with Nārāyaṇa, and in fact, the sound it vibrates is when it associates itself with the divine mouth of the Supreme. The sound itself is enough to destroy enemies with fear. Just like the sound of the conch which symbolizes the sacred Praṇava, the Ācārya too opens his divine mouth to chant Praṇava and then showers the knowledge of the divine attributes of the Lord. She calls upon the clouds to shower rain in such an unstoppable manner similar to the Śārṅga bow of Viṣṇu. Until the enemy falls defeated, the bow keeps striking arrows, such is its power. The Ācārya who is immersed and is overflowing with divine knowledge about the attributes of Bhagavān, like a cow which showers milk when its udders are filled to unbearable extent, he too showers grace and knowledge upon us like the arrows of Śārṅga. May the rains shower to their full extent and make all the elders and gopīs happy. Seeing their happiness without envy, we rejoice as our Ācāryas have showered grace upon us to gain this divine knowledge.",Āṇḍāḻ,,Śrī Kṛṣṇa,Parākrama Anubhavam,1.04,Tiruppāvai
107,100,"மாயைன மன்று வடமதுரை கமந்தைனத்\
தாய பெருநீர் யமைனத் துைறவைன\
ஆயர் தலத்தினில் தோன்றும் அணி விளக்ககத்\
தாகயக் தடல் விளக்கஞ் பசய்த தாபமாதரைன\
தாபயாமாய் வந்து நாம் தாமலர் தாவித் பதாழுது\
வாயினால் பாடி மனத்தினால் சிந்திக்க\
போய பிலழயம் புத்தரவான் நின்றனவும்\
தீயினில் துசாகும் பசப்பு ஏல் ஓர் எம்பாவாய்.","māyanai mannu vaḍamadurai maindanai
tūya perunīr yamunai ttuṟaivanai
āyar kulattinil tōnṟum aṇi viḻakkai
tāyai kkuḍal viḻakkam śeyda tāmōdaranai
tūyōmāy vandu nām tūmalar tūvi ttozudu
vāyināl pāḍi manattināl śindikka
pōya pizaiyum pugudaruvān ninṟanavum
tīyinil tūśāgum śeppēlōr em pāvāy","Bhagavān Śrī Kṛṣṇa's miraculous deeds evoke reverent wonder everywhere. He is the outstanding Leader of Northern Mathurā, which is ever closely associated with godliness. The ferry of the pure and deep waters of the Yamunā, being His favorite haunt, has become His distinguishing mark of identification. He is the auspicious radiating light of the gopa family; and eager to bring effulgence to Yaśodā's womb, He has allowed Himself to be bound by her and thus has become Dāmodara. Let us purify ourselves as we approach Him; let us worship Him with fresh flowers; let us join our hands in reverence; let us sing His praises; and let us, with all our hearts, meditate on Him. Should we do so, all our accumulated sins of the past and the entire pile of sins which is to accrue to us in the future will be burnt to ashes like cotton in fire. Let us therefore join in glorifying His name.","Āṇḍāḷ now starts beautifully describing the divine līlās and attributes of the beloved Lord. She calls Him as the one who has the power of māyā and hence, using it, was born in Mathurā as its Lord. Kṛṣṇa, who appears as a cowherd of Gokula, is indeed the Supreme, unimaginable Brahman. The Taittirīya describes Him as unimaginable by the mind, and the mouth cannot sing all His glories! He is beyond the capacity to be perceived. Even though He is inaccessible, He is very accessible to His devotees. To Devakī and Vasudeva, He was born as Kṛṣṇa. Unlike us who are born out of karma and vāsanās, Bhagavān incarnates with His own will and through His yogamāyā He takes incarnation. Kṛṣṇa Himself states this to Arjuna in Bhagavad Gītā 4.6 as ""ajo 'pi sannavyayātmā bhūtānām īśvaro 'pi san | prakṛtiṁ svām adhiṣṭhāya sambhavāmyātma-māyayā"" - i.e., though He is imperishable, unborn, He appears through His divine power of yogamāyā. When He appeared to Devakī and Vasudeva, Śrīmad Bhāgavatam 10.3.9 glorifies His divine form as: ""tam adbhutaṁ bālakam ambujekṣaṇaṁ catur-bhujaṁ śaṅkha-gadādy-udāyudham śrīvatsa-lakṣmaṁ gala-śobhi-kaustubhaṁ pītāmbaraṁ sāndra-payoda-saubhagam"" - i.e., He was born with divine attributes of the Supreme: disc, conch, mace, Śrīvatsa mark and the auspicious jewel Kaustubha. This speaks about how accessible He is to His dear devotees, which is termed as saulabhyam.

Āṇḍāḷ calls Him as ""vaḍamadurai maindanai"" - i.e., the Lord of the Northern Mathurā (specifically calls northern as the famous city called Madurai in Tamil Nadu is the Tamil term for the Sanskrit word Mathurā). This divine city always has association with Bhagavān. The appearance of Vāmana or the rule of Śatrughna with the divine worship of Lord Varāha is always associated with Mathurā. She calls Kṛṣṇa as the Lord of Mathurā due to His courageous activities which left everyone stunned and mesmerized. She continues to sing Kṛṣṇa's glory, calling Him ""tūya perunīr yamunai ttuṟaivanai"". Kṛṣṇa spent most of His childhood at the banks of Yamunā. The river Yamunā is glorified to be equivalent to the river Virajā, and Mathurā being the goal to attain like Vaikuṇṭha. The river always had association with Kṛṣṇa. He used to play with gopīs in the river, perform līlās too. When Vasudeva carried Kṛṣṇa, Yamunā reduced the level of water so that Bhagavān could reach without any obstacles. Similarly, if we provide a seat to Kṛṣṇa in our hearts, we too can cross the ocean called saṃsāra.

Next, she describes the Dāmodara līlā in the same pāsuram. She describes the one who is called as māyā, the Īśvara, the ruler of universe, comes down as son of Yaśodā. He who liberates jīvātmā from knots of saṃsāra is tied by Yaśodā as Dāmodara. This shows the saulabhyam guṇa of Bhagavān that to His devotees, He Himself will serve them and listen to them. By remembering Śrīman Nārāyaṇa as Dāmodara, one is liberated from all sins. Gopīs move forward remembering Kṛṣṇa, that there is no ultimate motive other than attaining Kṛṣṇa and serving Him. By doing so, they are sure Kṛṣṇa would be unable to bear their strain and at least then He would fly to reach them, thereby burning their sins. The purpose to meditate upon Kṛṣṇa is not liberation, which is secondary, but to attain Him and serve Him alone. As one meditates upon Kṛṣṇa, involuntarily the sañcita karma of that jīvātmā burns down like cotton on fire. Hence, Āṇḍāḷ calls upon gopīs to assemble and shed their sins to start this vrata by remembering Kṛṣṇa.",Āṇḍāḻ,Govardhana Nēśa Perumāḷ,Śrī Kṛṣṇa,Tirunāma Anubhavam,1.05,Tiruppāvai
108,101,"பள்ளும் சிலம்பின காண் பள்ளைரயன் பகாயிலில்\
பவள்ளை விளிசங்கின் பேரரவம் பகட்டுைலபோ?\
பிள்ளாய் எழுந்திராய்! பப்பும்ைல நஞ்சண்டு\
கள்ளச் சகடம் கலக் கழியக் காபலாச்சி\
பவள்ளத் தரவில் துயில் அமர்ந்த வித்திலைன\
உள்ளத்துக் பகாண்டு முனிவர்கஞ்சும் பபாகிகஞ்சும்\
பமள்ள எழுந்து அரிபயன்ற பேரரவம்\
உள்ளம் புகுந்து துளிர்ந்து ஏல் ஓர் எம்பாவாய்.","puḻḻum śilambina kāṇ puḻḻaraiyan kōyil
veḻḻai viḻi śaṅgin pēr aravam kēṭṭilaiyō
piḻḻāy ! ezundirāy pēymulai nañjuṇḍu
kaḻḻa ccagaḍam kalakkaziya kkālōcci
veḻḻattaravil tuyil amarnda vittinai
uḻḻattu kkoṇḍu munivargaḻum yōgigaḻum
meḻḻa ezundari enṟa pēr aravam
uḻḻam pugundu kuḻirndēlōr em pāvāy","The birds have risen from their nests and they make noisesas they poise for flight in search of food. From the temple of Viṣṇu, who is the Lord of their master Garuḍa, emerges the loud booming sound of the white conch summoning the devotees to worship. Haven't you, O girl, heard that sound? You might wonder how we have got up and who has awakened us. The munis and yogis have securely installed in their hearts the Lord who, as child Kṛṣṇa, has sucked poison from the breasts of Pūtanā (and her life with it), and who, crying for a feed, has stretched his leg, and with one kick smashed to smithereens the cart, whose shape was assumed by a demon with intent to kill him. They have their minds occupied with the Lord, the Creator of the universe, who in deep concern for its protection has lain in yogic sleep, stretched on the cool, soft and delicate snake-bed in the ocean of milk. As these munis and yogis slowly awaken themselves, they constantly repeat the name of Hari; and the loud sound caused by this repetition has penetrated into and refreshed our hearts and roused us from sleep. Bestir yourself and join us.","From this pāsuram to the next nine, Āṇḍāḷ tries to wake up ten gopikās to gather together and perform the nombu. Metaphorically, these ten gopikās indicate the indriyas - five being karmendriya and the next five being jñānendriya. As the pāsurams of Āḷvārs echo about śeṣattvam of the jīvātmā to Nārāyaṇa, i.e., we are all devoted servants of Bhagavān and it is our svarūpam. Āṇḍāḷ wakes up the indriyas so that they can be used to perform service to Bhagavān. Now, she starts by waking up a gopī who is novice to Bhāgavata śāstram and the devotional path. While doing so, the gopikā questions Āṇḍāḷ and the gathered bhāgavatas, ""What is the sign that dawn has occurred?"" A beautiful and sweet conversation unfolds in this pāsuram.

When Āṇḍāḷ wakes her up, the gopī questions, ""How do you know dawn has occurred?"" The reason she asks is because the previous night she did not sleep, being immersed in devotion towards Kṛṣṇa. Now she doesn't want to share her experience with other bhāgavatas, and she doesn't want to move out of that experience. Such behavior is novice in nature. Envy should be completely absent in the devotional path. There should be a process of sharing knowledge with each other. She fears she might lose that experience by sharing it. This stage is called childhood spiritual experience. Bhagavān Himself says to Arjuna in Gītā 10.9 that the great prapannas who have surrendered to the lotus feet of the divine couple discuss their experience of devotional service with other bhāgavatas (mac-cittā mad-gata-prāṇā bodhayantaḥ parasparam).

Hence, Āṇḍāḷ tries to educate her to transcend such a novice mindset and enjoy serving Bhagavān with other devotees. She states that birds are chirping and going in search of food. These birds represent the great preceptors who are ready to share knowledge and have assembled near temples. Such ācāryas have vairāgya, bhakti, jñāna, and karma as their wings. They not only possess great knowledge but also perform actions according to that knowledge. Those with just knowledge are like birds with no wings, and those who perform actions without understanding the essence behind them are like birds which are blind. Clinging to such people is of no use. But the ācāryas who have knowledge and perform actions accordingly are like great birds who can help us cross the ocean of saṃsāra if we cling to them.

Now the gopī disagrees, stating that in Gokula (as Āṇḍāḷ perceives she is in Gokula), even birds don't sleep, thinking about Kṛṣṇa, immersed in Kṛṣṇa-prema. Hence, they too have gone in search of food without sleeping, thinking it's dawn. Āṇḍāḷ further justifies that it's time for sunrise by saying that these bhāgavatas have assembled near the temple of the Lord of Garuḍa. The term often used for temple in Tamil is kōyil. Interestingly, 'kō' refers to the King of birds, Garuḍa, and kōyil refers to the residence of the Lord of Garuḍa. Hence, devotees have assembled near the sanctum of Garuḍa to move towards the inner main sanctorum.

She further continues by saying that the conch appears white (as dawn has appeared and there is better lighting). We can hear the loud booming sound of the conch in the temple. The gopī argues, saying that such sounds can be heard every hour; this doesn't indicate dawn. The spiritual essence of calling Nārāyaṇa as the Lord of Garuḍa refers to the fact that He is praised by the Vedas, as Garuḍa represents Veda. Hence, by following the Vedas, we reach Bhagavān. The sound from the conch is praṇava, which at its core essence reminds us we are śeṣa, i.e., servants of the Supreme, Kṛṣṇa.

Āṇḍāḷ calls the gopī piḷḷai, i.e., a novice and ignorant child. She calls upon the gopī to come and enjoy the Bhagavat-kaiṅkaryam, i.e., experience serving the Lord in this group of devotees. That is indeed the right way to show devotion towards the Lord. The gopī questions further, asking who woke up the group which has arrived to wake her up. At this time, Āṇḍāḷ provides a beautiful explanation.

Kṛṣṇa sucked the breasts of the demon Pūtanā who foolishly disguised herself as Yaśodā. Another time, He destroyed the false cart Śakaṭāsura, when Yaśodā laid Him under the cart for protection. These two incidents indicate how a jīvātmā can be liberated from saṃsāra. Pūtanā represents prakṛti with her two breasts representing ego and possessiveness (ahaṅkāra and mamakāra). Bhagavān Himself sucked the breasts and caused her death, i.e., He Himself will remove the essence of ego and possessiveness from the devotees who have surrendered to Him. Śakaṭa represents the body. Unless we are liberated from the body, we cannot completely enjoy Kṛṣṇa. By breaking Śakaṭa using His foot, it indicates that by surrendering to the lotus feet of the Lord, we indeed can be liberated from this body. Āṇḍāḷ says that yogis have assembled in the temple chanting the name of Kṛṣṇa as Hari. The divine name Hari refers to one who destroys or tears down all sins. These chants entered our ears, made us remember Kṛṣṇa and His pastimes, increasing the heat of agony and awakened us. Hence she calls upon the gopi to wake up! The pasuram emphasise on the aspect that once we have Bhagavatha Sambhandam .i.e company with great devotees, our mind is set on Bhagavan and try to protect him (out of love) but until then we are immersed fear to protect ourselves.",Āṇḍāḻ,,Śrī Kṛṣṇa,"Tirunāma Anubhavam,Parākrama Anubhavam",1.06,Tiruppāvai
109,102,"கீக கீபசன்று எங்கும் ஆைனச் சாத்தன் கலந்து\
பபசின பபச்சரவம் பகட்டுைலபோ பபய்ப் பெண்பைன\
காகம் பிறப்பும் கலகலப்பக் கைபபர்த்து

வாச நறுங்குழல் ஆய்ச்சியர் மத்தினால்\
ஒலசப் பேத்த தயிர் அரவம் கேட்டுலலேயா\
நாயகப் பெண் பிள்ளாய்! நாராயணன் முர்த்தி\
கேசவலனப் பாடவும் நீ கேட்டே கிடத்தியோ\
கேசமுலடயாய்! திற ஏல் ஓர் எம்பாவாய்.","kīśu kīśenṟeṅgum ānaiccāttan
kalandu pēśina pēccaravam kēṭṭilaiyō pēy ppeṇṇē
kāśum piṟappum kala kalappa kkai pērttu
vāśa naṟum kuzal āycciyar
mattināl ōśai paḍutta tayir aravam kēṭṭilaiyō
nāyaga ppeṇ piḻḻāy ! nārāyaṇan mūrtti
kēśavanai ppāḍavum nī kēṭṭē kiḍattiyō
tēśam uḍaiyāy ! tiṟavēlōr em pāvāy","Knowing they must remain separated throughout the day, the bhāradvāja birds gather at dawn from all directions, conferring in groups. Have you not heard their melodious discourse? O maddened one! As the gopikās engage in churning curds, their hair-bands loosen, and their flowing tresses, adorned with flowers, suffuse the air with fragrance. The movement of their hands causes their bangles to tinkle, and this sound, merging with the resonance of their neck ornaments, ascends to the heavens. Have you not heard this surging, rhythmic symphony? O Leader! How can You remain still, even after hearing the voices praising the Lord who, though pervading all creation through divine love, chose to incarnate as Kṛṣṇa specifically for our vision, and vanquished our enemies like Keśi? We behold Your radiance. Open the door and allow us to experience Your splendor without any impediment.","Āṇḍāḷ tries to wake the gopī again who was immersed in Kṛṣṇa-prema. She speaks about chirping birds, specifically calling them bharadvāja birds who are discoursing with each other before moving apart to gather food. The reference to 'bharadvāja' indicates these birds to be brāhmaṇas. Those who possess the knowledge about Brahman are called brāhmaṇas. These people are well-versed in Vedas and are mumukṣus. These brāhmiṇs, also called śrotriyas, recite Vedic verses in the morning. Having understood the meaning behind the verses, they don't merely recite them but also put them into practice. As seen in the previous pāsuram, birds represent the preceptors, and Āṇḍāḷ continues that analogy here. She emphasizes that both knowledge and its practical application are crucial. These great brāhmaṇas or ṛṣis, when they sleep, immerse themselves in spiritual experience, then wake up to impart knowledge to us. These great devotees engage in all their daily actions as service to Bhagavān, hence Āṇḍāḷ questions the gopī, ""Haven't you heard the conversations of these great sages?"" But the gopī argues that these birds (sages) have been conversing throughout the night about Kṛṣṇa, hence they continue their discourse even now, not realizing dawn has broken.

Āṇḍāḷ provides another justification for daybreak. She describes married women churning curd, their golden bangles colliding and creating sounds. The fragrance of fresh flowers in their hair spreads everywhere, indicating morning's arrival. These gopikās who churn curd are immersed in remembering Kṛṣṇa. While churning, they chant His name in hymns. When selling dairy products, they don't shout ""Butter, Curd, Milk"" but joyfully sing ""Govinda, Dāmodara, Mādhava."" They are in such an exalted state that they hardly comprehend what they're selling. Such women are married in all sense to Kṛṣṇa. The surrender of a jīvātmā to the paramātmā is akin to a divine marriage. Jīvātmās represent femininity, with Bhagavān being the puruṣārtha (ultimate goal). When jīvātmā surrenders to the Lord, it takes three vows, like the three knots of the sacred maṅgala sūtra: ananya śeṣatva, ananya bhogyatva, and ananya śaraṇatva. Ananya means 'exclusive'. These three vows represent: eternally serving the Lord, desiring to be enjoyed by Him alone, and surrendering to Him exclusively.
Āṇḍāḷ addresses the gopī as a leader, encouraging her to guide the assembled devotees. She calls them to join in remembering the divine names Nārāyaṇa and Keśava. She elaborates on Kṛṣṇa's grace and magnificence. He is called Nārāyaṇa as He pervades everything, including the jīva-tattvas. His love is boundless - during pralaya, He absorbs all jīvātmās, providing protection. He safeguards devotees by vanquishing demons and ill-wishers, as evidenced by His destruction of the asura Keśī when gopālas and gopīs feared for Kṛṣṇa's safety. Though unbounded by form, He manifests for His devotees. Though capable of accomplishing everything through mere will, He incarnates and plays among us. In Vaikuṇṭha, He shines like infinite suns, eternally praised by the nitya-sūris, yet desires all jīvātmās trapped in saṃsāra to reach Him, hence engaging in creation. Āṇḍāḷ questions the gopī why she hesitates to join them in chanting such beautiful names of Kṛṣṇa, who loves us more than anyone.",Āṇḍāḻ,,Śrī Kṛṣṇa,,1.07,Tiruppāvai
110,103,"கீழ்வானம் பெளபெளன்று எருலம் சிறு வீடு\
கேம்பவான் பரந்தன காண் மிக்குள்ள பிள்ளைகளும்\
கேபாவான் கேபாகின்றாலரப் கேபாகாமல் காத்து உன்லனக்\
கூவவான் வந்து நின்கேறாம் கேகாதுகலமுலடய\
பாவாய் எழுந்திராய் பாடப் பலற கேகாண்டு\
மாவாய் பிளந்தாலன மல்லலர மாட்டிய\
கேதவாதி கேதவலனச் கேசன்று நாம் கேசவித்தால்\
ஆவாபெவன்று ஆராய்ந்து அருள் ஏல் ஓர் எம்பாவாய்.","kīzvānam veḻḻenṟerumai śiṟu vīḍu
mēyvān parandana kāṇ mikkuḻḻa piḻḻaigaḻum
pōvān pōginṟārai ppōgāmal kāttu
unnai kkūvuvān vandu ninṟōm
kōdu kalam uḍaiya pāvāy ! ezundirāy pāḍi ppaṟai koṇḍu
māvāy piḻandānai mallarai māṭṭiya
tēvādidēvanai ccenṟu nām śēvittāl
āvā enṟārāyndaruḻēlōr em pāvāy","Day is breaking in the east. The buffaloes are released for feed; they are freely making their way to the small meadow. The other girls are proceeding to the place of the ritual, as though their whole purpose lies in reaching there. We have stopped them, and we come here to invite you; we stand in your courtyard. O woman of intense longing! Wake up and join us. Let us praise Kṛṣṇa's attributes and launch upon our ritual; let us obtain 'paṟai' which is the essential implement required for our rite. Let us adore Kṛṣṇa. He has killed the demon Keśī by splitting him into two; He has destroyed the wrestlers Cāṇūra and Muṣṭika; He is the God of all gods, God of all the celestials. When we go to Him and render Him worship, He will feel concerned that we have taken the trouble of going to Him, and will hasten to consider all the aspects of our situation and grant us what we want.","Āṇḍāḷ continues to wake the gopī who is not agreeing that dawn has arisen. She quotes that the day has broken and requests her to wake up; the sun is rising from the east, spreading its rays everywhere. These rays are similar to the gopī's face. As soon as night occurs, these gopīs run to meet Kṛṣṇa and enjoy listening to His veṇugāna. But while immersed in the experience, there is slight worry in them; they keep looking east, checking if dawn breaks. Each time they rotate their heads, their faces glow like the moon, emitting rays of spiritual love. But here, the gopī was unable to participate in the act and is waiting to meet the Gopāla of Vṛndāvana.

Āṇḍāḷ awakens her by saying the buffaloes have been let out to graze in the small meadows, similar to how Toṇḍaraḍippoḍi Āḷvār tries to wake Raṅganātha. Unlike cows, buffaloes are left to graze twice - near dawn and later morning. At dawn, they graze in nearby meadows and later are sent far off. Hence, by saying the buffaloes are grazing near the small meadows and will soon return to their sheds, Āṇḍāḷ indicates the risen dawn. On the level of spiritual knowledge, these buffaloes represent the guṇas rajas and tamas. Rajas induces passion for material pleasures, and tamas brings ignorance which forces one away from spiritual knowledge. Internally, even if we reduce such guṇas' impact, due to vāsanās carried from several previous births, we are forced to act upon them. Only after dawn are buffaloes sent far off; similarly, only when we cling to Bhagavān can we ward off such guṇas and adopt sattva alone, which brings desire for spiritual knowledge and peace of mind. If buffaloes wake at dawn to graze upon mere grass, then devotees of Kṛṣṇa like the gopī too need to wake at dawn, going towards the objective of enjoying the Supreme Self. Now the gopī wants reassurance that such people have gathered here to meet this objective.

To assure the gopī, Āṇḍāḷ beautifully quotes that other devotees and gopīs have assembled here waiting for her. She particularly addresses why devotees try to meet Kṛṣṇa even when attainment may be uncertain. Her justification is wonderful - she emphasizes that though we may or may not attain Kṛṣṇa, the journey itself provides immense bliss. Moreover, we don't desire such great bliss but only to serve Bhagavān. That itself is part of the journey, hence we are happy irrespective of the result. When Akrūra was ordered by Kaṃsa to fetch the two gopālas of Vraja - Kṛṣṇa and Balarāma - he was in bliss thinking that merely going to Vṛndāvana itself was the goal. When Vibhīṣaṇa was banished from Laṅkā, he went to the northern shore where Rāma stayed. Vālmīki specifically quotes ""Uttaram tīra māsādya khasthaḥ eva vyatiṣṭhata"" - he stood in the sky above the shore. Using a continuous word for the verb 'stand', Vālmīki seems to indicate that he stood watching Rāma, merely happy about that fact. Similarly, Āṇḍāḷ says ""vandu ninṟōm."" The gopī questions Āṇḍāḷ about why they have gathered to call her. Āṇḍāḷ responds that she knows well the gopī desires Kṛṣṇa more than life itself, as does Kṛṣṇa desire her. After knowing this, how could they not call her? She speaks similar to Sītā Devī showing sympathy for those under Rāvaṇa's cruel regime. Hence, Āṇḍāḷ calls upon the gopī to participate in the nombu and receive Kṛṣṇa's blessings to obtain the paṟai (which also refers to divine service).

When the gopī asks why Kṛṣṇa would deign them paṟai, Āṇḍāḷ responds by narrating His līlās. She describes how He split the mouth of the demon Keśī, who took the form of a horse, to protect the gopīs. Spiritually, Keśī represents ego, which stands between us and Bhagavān. Ego arises when the self identifies with the body, yielding attachment to material desires and preventing us from realizing Kṛṣṇa, serving whom provides much greater fulfillment. Next, she narrates the killing of Cāṇūra and Muṣṭika, the two wrestlers at Kaṃsa's command. These represent kāma and krodha - desire and anger. These twins cause all issues and are the source of qualities obstructing us from realizing Bhagavān. The Gītā repeatedly instructs us to control these two. Desire is the seed of anger, as Bhagavān states in Gītā 2.62-63: ""saṅgāt sañjāyate kāmaḥ kāmāt krodho 'bhijāyate krodhād bhavati sammohaḥ sammohāt smṛti-vibhramaḥ smṛti-bhraṃśād buddhi-nāśho buddhi-nāśhāt praṇaśhyati.""
Such Kṛṣṇa is also called devādi deva. Śrīmad Bhāgavatam 7.8.37-39 beautifully describes how devas assembled to calm Nṛsiṃha: ""Devas headed by Lord Brahmā, King Indra and Lord Śiva, including great saintly persons and residents of Pitṛloka, Siddhaloka, Vidyādhara-loka, and the planet of snakes. The Manus approached, as did chiefs of various planets. The angelic dancers, Gandharvas, Cāraṇas, Yakṣas, inhabitants of Kinnaraloka, Vetālas, inhabitants of Kimpuruṣa-loka, and personal servants of Viṣṇu like Sunanda and Kumuda. All approached the Lord, who glowed with intense light, offering individual obeisances and prayers."" Hence, Yaśodā's darling Kṛṣṇa is truly the Supreme. When He sees devotees striving to reach Him, these surrendered souls, He feels their distress and surely comes to them, bringing fruits to their spiritual aspirations.",Āṇḍāḻ,,Śrī Kṛṣṇa,"Parākrama Anubhavam,Kainkarya-prārthanā",1.08,Tiruppāvai
111,104,"தாமணி மாடத்துச் சற்றும் விளக்கெகரிய\
தாபம் கமழ் துயில் அலண கேமல் கண் வளரும்\
மாமான் மகேள! மணிக்கதவம் தான் திறவாய்!\
மாமீர்! அவலள எழுப்பிகேரா? உம் மகள் தான்\
ஊலமேயா அன்றிச் கேசவிகேடா அனந்தேலா\
ஏமப் பேருந்துயில் மந்திரப்பட்டாகேளா?\
மாமாயன் மாதவன் லவகந்தன் என்கேறன்று\
நாமம் பலவும் நவின்று ஏல் ஓர் எம்பாவாய்.","tūmaṇi māḍattu ccuṭrum viḻakkeriya
tūpam kamaza ttuyil aṇaimēl kaṇ vaḻarum
māmān magaḻē ! maṇi kkadavam tāḻ tiṟavāy
māmīr ! avaḻai ezuppīrō
un magaḻ tān ūmaiyō anṟi cceviḍō anandalō
ēma pperun tuyil mandira ppaṭṭāḻō
māmāyan mādavan vaigundan enṟenṟu
nāmam palavum navinṟēlōr em pāvāy","O daughter of aunt, who sleeps soundly on the comfortable couch, surrounded by flaming wicks and pervaded with the aroma of scented sticks, in your mansion made of pure gems of all nine varieties! Lift the latch of your gem-studded door. O aunt, at least you may awaken her. Is your daughter mute or deaf or ill? Or are guards preventing her movement? Or is she under a spell of deep slumber? Sing and glorify His names: 'Mahāmāyāvi' (the great mystic), 'Mādhava' (consort of Mahālakṣmī), 'Vaikuṇṭhavāsa' (resident of Vaikuṇṭha), and other such names, and see that she wakes up.","Waking up the gopī, Āṇḍāḷ describes her sleeping in a room decorated with different types of gems, of nine varieties. Along with gems, the room has several lamps lit everywhere with their aroma spreading around. Āṇḍāḷ calls the gems pure. Bhagavān is pure and stainless. He is beyond the prakṛti guṇas. Unlike us, He creates with His sheer will alone. The Nārāyaṇopaniṣad calls Him as ""niṣkalo nirañjano nirvilkalpo nirākhyātaḥ śuddho deva eko nārāyaṇaḥ"" - that is, He is pure, stainless, not subject to change; such characteristics are His alone and second to none. The gopikā who is immersed in Bhagavad-dhyānam also attains a similar character. The mukta, when attaining liberation, obtains similar characteristics as that of Bhagavān. Here too, the mumukṣu who is the gopī is immersed in Kṛṣṇa-prema and hence remains pure like gems. The nine gems decorating the mansion represent nine types of relationship (navavidha-bhāva) with Bhagavān. They are: Pitṛputra Bhāva (Father-son relationship), Rakṣyarakṣaka Bhāva (Protected-protector relationship), Śeṣa-Śeṣī Bhāva (Master-servant relationship), Bhartṛbhāryā bhāva (Husband-wife relationship), Jñātṛ-Jñeya Bhāva (Knower-known relationship), Sva-svāmī Bhāva (Owner-object owned relationship), Ādhāra-ādheya Bhāva (Sustainer-sustained relationship), Śarīrātma Bhāva (Body-soul relationship), and finally Bhoktṛ-Bhogya bhāva (Enjoyer-object enjoyed relationship). Bhagavān is the father, husband, savior, protector, master, owner, the ātmā, object to be known, the enjoyer, and sustainer. The gopī immersed in this navavidha bhāva is not waking up.

The mansion is lit with several lamps. The light emitting from the lamp represents knowledge. Like how light dispels darkness, so does knowledge dispel ignorance. The gopikā who is immersed in Kṛṣṇa-bhakti has such immense knowledge, and her ignorance is destroyed. Āṇḍāḷ also mentions that the wicks emit scented aroma. If light represents knowledge, then the scented aroma represents practice or anuṣṭhānam. A true devotee will be like the lamp with light and aroma - knowledge and anuṣṭhānam.

Āṇḍāḷ requests the gopikā to open the door studded with gems. This gem-studded door represents ignorance. The gopikā who plays the role of the ācārya needs to wake up and help the gathered group by removing ignorance, thereby bringing them closer to Kṛṣṇa. Irritated by the gopikā not waking up, Āṇḍāḷ asks her mother who is seated nearby to wake her up. She questions, ""Is your daughter deaf? Dumb? Tired and in fatigue lying on the bed?"" The gopikā, well knowing Kṛṣṇa alone is the means to attain Him, is immersed in love towards Him. Hence Āṇḍāḷ asks her, ""Are you dumb? Have you stopped speaking because you are in a state immersed in Kṛṣṇa-anubhava? But this doesn't suit your character! Though you have sacrificed all means to attain Him but accept He alone is the means to attain Him, you need to engage yourself in service to Him along with us. Hence respond to our calls and wake up!"" She calls her dumb, stating, ""Are you dumb because you are listening only to the music of Kṛṣṇa's flute? Have you isolated yourself only to listen to Kṛṣṇa's words? Won't you wake up and grant us the knowledge of spiritual experience?"" She further continues, ""Spending time with Kṛṣṇa all night, are you in fatigue and unable to get up? O mother of hers, please wake her up. Let her at least respond to us!""

The gathered group of gopikās question the gopikā inside the room, asking her, ""Are you in deep sleep because of Kṛṣṇa? Has He put any kind of spell on you? Sure He would have! Isn't He māyān, the Lord of Māyā!"" Losing the sense of ahaṅkāra and mamakāra, the gopikā is immersed in Kṛṣṇa-anubhava and not ready to wake up. Surely it has to be Kṛṣṇa who is not letting her wake up. Āṇḍāḷ beautifully calls that Kṛṣṇa as māyān, Mādhava, Vaikuṇṭha and puts it in a wonderful order. He is called māyān because He controls māyā. He plays with this creation which is His potency called māyā. He incarnates with His saṅkalpa with His yoga-māyā. He has mesmerized the gopikā indeed with His beautiful form like māyā. Māyā is the wonderful power of Bhagavān as stated by Rāmānujācārya as 'adbhutam'. Then she calls Him as Mādhava, the dear of Mahālakṣmī. Then she calls Him as Vaikuṇṭha. The beauty of this order is, when the jīvātmā loses ignorance and gains the knowledge that it is the servant of Bhagavān, it surrenders. Mahālakṣmī, His divine consort and our divine mother, shows compassion on us, acting as means to attain Him. By her compassion, we attain Him who is the supreme goal (Vaikuṇṭha) and attain paramapadam (Vaikuṇṭha). This starts with the realization of His power, i.e., māyā. We realize He is beyond birth and death. He is the creator, sustainer, and destroyer. He has pervaded everywhere and inside as antaryāmī. But how do we know this controller of māyā is Kṛṣṇa, the Supreme? It is because Śrī has housed herself on His chest forming the mark of Śrīvatsa. The Puruṣa Sūktam glorifies Him as the Supreme Puruṣa and ends by saying He who is the divine consort of Lakṣmī and Bhūdevī, indeed He is the Supreme Puruṣa described who shines like the stars in night. Now that we know we are jīvātmās and there is a Supreme Lord who is the controller of this creation using māyā, and Kṛṣṇa is that Supreme Lord, we follow the śāstras to attain Him, His abode Vaikuṇṭha. Hence finally she calls Kṛṣṇa as Vaikuṇṭha-vāsa where He shines as Para-Vāsudeva served by nitya-muktas. By calling these names, she tries to wake up the gopikā.",Āṇḍāḻ,Para Vāsudeva,Śrī Kṛṣṇa,"Paratattva Anubhavam,Tirunāma Anubhavam",1.09,Tiruppāvai
112,105,"கேநாற்றுச் சவர்க்கம் புகுகின்ற அம்மனாய்!\
மாற்றமும் தாராகேரா வாசல் திறவாதார்\
நாற்றத் துழாய் முடி நாராயணன் நம்மால்\
கேபாற்றப் பலற தரும் பண்ணியனால் பண்டு ஒரு நாள்\
கூற்றத்தின் வாய் வீழ்ந்த கும்பகருணனும்\
கேதாற்று முனக்கேக பேருந்துயில்தான் தந்தாகேளா?\
ஆற்ற அனந்தலுலடயாய் அருங்கலகேம\
கேதற்றமாய் வந்து திற ஏல் ஓர் எம்பாவாய்!","nōṭru ccuvarkkam puguginṟa ammanāy
māṭramum tārārō vāśal tiṟavādār
nāṭra ttuzāy muḍi nārāyaṇan
nammāl pōṭra ppaṟai tarum puṇṇiyanāl
paṇḍoru nāḻ kūṭrattin vāy vīznda kumbagaraṇanum
tōṭrum unakkē perun tuyil tān tandānō
āṭra anandal uḍaiyāy ! aruṅgalamē
tēṭramāy vandu tiṟavēlōr em pāvāy ","O fortunate girl, you who have completed the rite before our arrival and experienced happiness! Won't you speak to us, even if you do not open the door? Nārāyaṇa, whose crown is adorned with garlands of fragrant tulasī, is so generous a benefactor that He bestows upon us, who have nothing of our own, the desired objective of 'paṟai,' merely for singing His benediction. He once cast Kumbhakarṇa into death's jaws. Could it be that demon has been defeated by you in a contest of sleep and has surrendered his rich possession of sound sleep to you? O dear one, whom dense drowsiness never seems to leave, you, who are the śirobhūṣaṇa (crown-jewel) of us all, arise from sleep, shake off your drowsiness and come to open the door. Open your mouth and speak. Remove the veil and reveal yourself to us.","Waking up the Gopikā, Āṇḍāl asks her, ""Have you already performed the Nombu? Is that why you have already attained Kṛṣṇa? Is it right for you to remain in your nature and not allow us to attain the same state? Hence, please wake up!"" The Gopikās address the sleeping lady, who appears to have attained the state of one who has completed all spiritual rites (kṛta-kṛtya). They observe that while they intended to perform rites to attain Kṛṣṇa, she has achieved the fruit of these rites through her profound realization that Kṛṣṇa Himself is both the means (upāya) and the end (upeya).  This profound understanding aligns with the declarations of Vedic scholars and spiritual masters, who proclaim Kṛṣṇa as the eternal dharma. While karma (works), jñāna (knowledge), and bhakti (devotion) are means to attain God, they are not always accessible. However, God Himself remains ever available as the ultimate means. The Gopikā, understanding this tattva (truth), has surrendered completely, making no independent effort, similar to what is described in the Bhagavad-gītā's Puruṣottama-prāpti Yoga. Her state reflects one who has truly understood the nature of Prakṛti (material nature), Jīva (individual self), and Īśvara (Supreme Lord). 

The Gopikās address her as ""Ammā"" (Mother) and as one who has reached Svarga (heaven). Here, Svarga represents the eternal bliss (ānanda) of being with Kṛṣṇa, as exemplified in Sītā’s words to Śrī Rāma: that being with Him is heaven, and separation is hell. They recognize her as their potential savior, capable of securing divine union for the entire group, as she perpetually dwells in God-consciousness without intermission. The Gopikās ask her, ""If you are not waking up, won’t you at least speak to us? Reply to us!"" This shows how desperate they are to hear from her. The Gopikā, as we know, represents the Āchārya. Āchāryas have experienced Bhagavān and are therefore capable of sharing their experiences with us. They do so for those disciples who have surrendered to them by narrating their divine experiences. Here too, the Gopikās eagerly wait for the narration of the Gopikā, who is immersed in Kṛṣṇa-bhāva. She is called upon to open the door—to break the doors of ignorance standing between them and Bhagavān. The Āchārya is the one who destroys our ego and imparts knowledge to help us attain Bhagavān.

Seeing the Gopikā not waking up, the gathered Gopikās ask her, ""Has that Kumbhakarṇa, defeated by Rāvaṇa, left his sleepiness to you? Why aren’t you waking up? We are waiting for you!"" This statement seems out of the ordinary and may appear as a strange comparison. The Gopikā, who is said to be immersed in Kṛṣṇa-prema, is being compared to a Rākṣasa like Kumbhakarṇa. How is this possible? The comparison is sāttvic. The Gopikās only speak about sleep, not other qualities. Additionally, the term ""Kumbhakarṇa"" refers to two personalities: Rāvaṇa’s brother and one born from a Kubha (jar), i.e., Agastya. 

Here, the Gopikās question why she is sleeping like Rāvaṇa’s brother. Kumbhakarṇa, due to his tāmasic nature, slept for half the year, only to wake up and eat during the other half. But the Gopikā, on the other hand, does not possess such a tāmasic quality. Her sleep is sāttvic, immersed in Kṛṣṇa-bhakti. Hence, how appropriate is it for her to wake from that slumber to perform service to Kṛṣṇa along with them? How can she deny them such pleasure? Like Kumbhakarṇa stood between Sītā and Rāma, if she does not join them, Kṛṣṇa will not reveal Himself to them. He has promised to grant them Parai (the opportunity to serve). Thus, the context of Kumbhakarṇa must be understood in this Pāsuram. Additionally, she is compared to Agastya. Agastya, the great Ṛṣi belonging to the spectacular seven sages, is known for three important deeds: destroying Vindhya’s ego, drinking the entire ocean, and vanquishing Vātāpi, the cunning demon. Similarly, the Gopikā possesses three important qualities: conquering her ego, gaining spiritual knowledge as vast as the ocean, and maintaining unbroken meditation on Bhagavān.

The sleeping Gopikā is then compared to a crown jewel. This signifies that even in her state of inaction, she is as precious as a jewel. Unlike other objects of decoration, jewels remain intact yet add beauty to those who wear them. Such is the presence of the Gopikā. Her mere presence makes the place beautiful and filled with bliss. How so? Kṛṣṇa has spent the night with her! Āṇḍāl is able to smell the fragrance of Tulasi, which confirms that Kṛṣṇa has indeed visited her! The devotion of the Gopikā is like the fragrance of Tulasi. Even if hidden, the fragrance is perceived by those nearby. Similarly, the divine qualities of the Gopikā can be identified even if she remains asleep. The gathered group, along with Āṇḍāl, urges her to carefully wake up and open the door.",Āṇḍāḻ,,"Śrī Kṛṣṇa,Śrī Rāma",,1.10,Tiruppāvai
113,106,"கற்றுக் கறைவக் கணங்கள் பல கறந்து\
செற்றார் திறல் அழியச் சென்று செருச் செய்யும்\
கற்ற மெளன்றில்லாத சோவலர் தம் செபாற்சோடேய\
பற்று அரவு அல்கல் பனமயிலே போதராய்\
கற்றத்துத் தேதாழிமார் எல்லோரும் வந்து நின்\
முற்றம் பகுந்து முகில் வண்ணன் பேர் பாட\
சிற்றாதே பேசாதே செல்வப் செண்டாட்டி நீ\
எற்றுக்கு உறங்கும் செபாருள் ஏல் ஓர் எம்பாவாய்!","kaṭru kkaṟavai kkaṇaṅgaḻ pala kaṟandu
śeṭrār tiṟal aziya ccenṟu śeru cceyyum
kuṭram onṟillāda kōvalar tam poṟ koḍiyē
puṭraravalgul punamayilē ! pōdarāy
śuṭrattu ttōzimār ellārum vandu
nin muṭram pugundu mugilvaṇṇan pēr pāḍa
śiṭrādē pēśādē śelva ppeṇḍāṭṭi
nī eṭrukkuṟaṅgum poruḻēlōr em pāvāy","O golden creeper, sprouted in the community of blameless gopālas, who excel in milking herds of cows (which, though having mothered calves, are still young themselves) and who possess great strength and valor in facing and fighting enemies! O maiden, with hips resembling the hood of a serpent in its hole! O girl with beautiful tresses shining like the peacock in the forest! Come! Your kith and kin and companions have all arrived. They are assembled in the courtyard of your house. They are glorifying the name of Śrī Kṛṣṇa, whose body shines with the hue of the dark cloud. How is it that you still remain dull and mute? O wealthy maiden! Explain to us the meaning of your sleep.","Āṇḍāḷ describes how the gopālas are milking the cows, which are countless in number. The clan of cowherds possessed cows in the lakhs (hundreds of thousands). Indeed, Āṇḍāḷ emphasizes their vast numbers, drawing a parallel to how the number of births we jīvātmas have taken, the attributes of Bhagavān, and the incarnations He has taken are all beyond counting. These divine cows maintain their beauty and youthfulness, yielding abundant milk due to their association with Kṛṣṇa, His graceful touch, and the divine melody of His flute. They remain eternally twenty-five years old due to Bhagavān's constant presence.

These cows symbolize the mukta jīvātmas (liberated souls). Having been freed from the cycle of saṃsāra and devoid of all karma and vāsanās, they remain in eternal association with the Supreme Being in Vaikuṇṭha. The presence of Bhagavān invariably brings ānanda (bliss and happiness). This is illustrated in the Rāmāyaṇa when Daśaratha cried in anguish as Rāma departed for fourteen years of exile – it was as if his very happiness was being sent away. The significance of twenty-five years holds deep meaning. In the Rāmāyaṇa, when Sītā Devī converses with Anasūyā about dharma, she mentions her age as eighteen while her husband Rāma is twenty-five. The world comprises twenty-four tattvas of prakṛti, with the twenty-fifth tattva being the jīvātma. When a jīvātma correctly identifies itself and doesn't conflate itself with prakṛti tattva, it gains clarity about all tattvas and its own nature. This enables it to recognize itself as the śarīra (body) of Īśvara, that is, Kṛṣṇa.

The gopālas milk these numerous divine cows, a task that distinguishes them from other gopālas of different regions. This is analogous to a brāhmaṇa who has mastered the Vedas and their auxiliary texts, earning respect beyond their prescribed duties. These gopālas represent ācāryas. They perform their duties knowing well that it is not the duties themselves but Kṛṣṇa alone who grants liberation. Yet, they perform their duties out of pure love for Kṛṣṇa, finding satisfaction in His happiness. Just as the gopālas protect the cows from enemies, the ācāryas defeat internal enemies like desire (kāma) and anger (krodha) that obstruct their daily spiritual practices. The gopālas and gopikās possess courage similar to the Lord's and show great mercy to those who repent their mistakes.

Continuing to praise her attributes, Āṇḍāḷ offers a beautiful comparison, describing the gopī as a golden creeper. Creepers grow dependent on support, lest they fall and break. Similarly, we jīvātmas are not independent – our dependence is on Bhagavān, who alone is independent. Whether we realize this truth or not, it remains unchangeable. When we do realize our dependence on Īśvara, as the gopī has, such jīvātmas become mumukṣus or liberated souls. They shine like gold, hence Āṇḍāḷ's metaphor of the golden creeper.

Āṇḍāḷ further draws a unique comparison of the gopī, likening her waist to a coiled snake in a hole, followed by the image of a peacock unfurling its feathers. This progression from the coiled snake to the spreading peacock feathers represents the evolution of devotion. Referencing Rāmānujācārya's Śaraṇāgati Gadyam, where he prays to Mahālakṣmī for blessings of devotion: ""parabhakti parājñāna paramabhaktikṛta."" Beautifully, the same Mahālakṣmī, here as Āṇḍāḷ, explains these stages of devotion in a prapanna. Parabhakti is the stage where separation from Bhagavān becomes unbearable, inducing viraha. Parajñāna leads to seeing Him everywhere, and finally, Paramabhakti is the state where serving Bhagavān becomes the devotee's sole desire.\
Āṇḍāḷ continues by describing her immense wealth – the greatest wealth of kaiṅkarya (service to the Lord). In the Rāmāyaṇa, none was as wealthy as Lakṣmaṇa, who possessed kaiṅkarya lakṣmī, enabling him to serve the Lord eternally. Āṇḍāḷ beseeches the gopī to share this kaiṅkarya experience with them, asking her to awaken from sleep. This presents the contrast between kaivalya and mokṣa. Kaivalya is a state where the jīvātma immerses itself in self-bliss. Though this appears like liberation, it remains incomplete and imperfect. True mokṣa is attained only when the jīvātma realizes its nature as a servant of the Lord and completely surrenders. Similarly, sharing spiritual experiences with fellow devotees surpasses solitary practice. Hence, Āṇḍāḷ calls upon the gopī to awaken and praise the dark-complexioned Kṛṣṇa.",Āṇḍāḻ,,Śrī Kṛṣṇa,,1.11,Tiruppāvai
114,107,"கைனத்திளங் கற்செறுகைம கன்றுக் சிறங்கி\
நிலைத்து முைல வழியே நின்று பால் சோர\
நலைத்து இல்லம் சேறாக்கும் நற்செல்வன் தங்காய்\
பனித்தைல வீழ நின் வாசல் கைட பற்றி\
சினத்தினால் செதன்னிலங்கைக் சோமாைனச் செற்ற\
மனத்துக்கு இனியாைனப் பாடவும் நீ வாய் திறவாய்\
இனித்தான் எழுந்திராய் ஈசெதன்ன பேற்றக்கம்\
அலைத்து இல்லத்தாரும் அறிந்து ஏல் ஓர் எம்பாவாய்","kanaittiḻam kaṭrerumai kanṟukkiraṅgi
ninaittu mulai vaziyē ninṟu pāl śōra
nanaittillam śēṟākkum naṟcelvan taṅgāy
pani ttalai vīza nin vāśaṟ kaḍai paṭri
śinattināl ten ilaṅgai kkōmānai cceṭra
manattukkiniyānai ppāḍavum nī vāy tiṟavāy
ini ttān ezundirāy īdenna pēr uṟakkam
anaittillattārum aṟindēlōr em pāvāy","Fondly thinking of their young calves and imagining they have stretched their mouths to their udders, herds of mahiṣīs (she-buffaloes) spontaneously rain milk through their teats. There are no gopālas at hand to milk them, yet the entire gośālā (cow shed) becomes drenched and miry with their flowing milk. ""O sister of the wealthy owner of such magnificent herds! We stand here at your dvāra (door), holding the threshold, while the prabhāta's dew falls upon our heads. We are singing the glory of Śrī Rāma, the hṛdayeśa (charmer of hearts), who in righteous anger vanquished Rāvaṇa, the King of Laṅkā in the dakṣiṇa (south). Hearing our devotional singing, how is it that you do not deign to open your mukha (mouth)? Will you not take care of us? Why this deep nidrā (slumber)? The entire grāma (village) has come to know of your secret. Rise now from your sleep!","Āṇḍāḷ describes the young buffaloes whose udders overflow with milk as they think lovingly of their hungry calves. Though burdened by the pain of excess milk, their concern is not for themselves but for the calves separated from them. Their affection mirrors the compassion of Bhagavān, who cannot bear the suffering of the jīvātmas separated from Him. The milk begins to flow spontaneously, without the touch of the milkman or the calf itself, simply through remembrance born of love. Unlike clouds that release rain only at intervals, these buffaloes pour forth milk continuously, illustrating how true affection knows neither measure nor restraint. Āṇḍāḷ subtly asks the sleeping gopī why she remains unmoved by the distress of the devotees waiting outside when even animals express sorrow at separation.

The overflowing milk symbolizes the boundless grace of the ācāryas. Just as the buffaloes pour forth milk without being asked, great preceptors freely bestow the divine meanings of Bhagavān upon worthy seekers. Arjuna did not request the profound teachings of the Upaniṣads, yet Kṛṣṇa, out of compassion, revealed the wisdom of the *Śrīmad Bhagavad Gītā*. This truth is celebrated in the verse *sarvopaniṣado gāvo dogdhā gopālanandanaḥ*, where the Upaniṣads are compared to cows, Kṛṣṇa to the milkman, Arjuna to the calf, and the Gītā to the milk produced for the benefit of all devotees. Thus, if even the buffaloes of this household display such generosity, Āṇḍāḷ wonders why the gopī herself withholds the blessing of her company.

The abundance of milk drenches the entire courtyard, raising the question of why the milkman has neglected his task. The answer reveals his greatness. Like Lakṣmaṇa, who set aside even prescribed duties in order to accompany and serve Śrī Rāma and Sītā Devī in exile, this gopāla has become wholly immersed in service to Kṛṣṇa. Such abandonment of duty is not born of laziness or disregard for śāstra, but of complete dedication to Bhagavān. Therefore Āṇḍāḷ calls him *naṛ celvan*, one who possesses true wealth. Real wealth is not worldly prosperity but *Kṛṣṇa-kaiṅkarya*. Lakṣmaṇa, Gajendra, and Vibhīṣaṇa were all celebrated as truly wealthy because they placed service to the Lord above all else. Moreover, this wealth is contagious, inspiring devotion in all who come into contact with it.

Addressing the gopī as the sister of this blessed devotee, Āṇḍāḷ gently teases her. Her brother has abandoned the buffaloes under his care due to absorption in Kṛṣṇa-kaiṅkarya, while she has abandoned the devotees eagerly waiting at her doorstep. Yet this comparison ultimately glorifies her rather than criticizes her. Just as Vibhīṣaṇa dedicated himself to Śrī Rāma and his daughter Tṛjaṭā served Sītā Devī, the sister of such a devotee ought naturally to join the company of devotees undertaking the sacred vow. Standing amidst rain from above and streams of milk beneath their feet, the gopīs patiently wait outside her door, hoping she will emerge and join them.

When the gopī remains silent, the gopīs turn to singing the glories of Śrī Rāma. Though renowned for patience equal to that of Bhūdevī, Rāma became enraged whenever His devotees were harmed. Rāvaṇa had tormented the sages, abducted Sītā Devī, slain Jaṭāyu, opposed Vibhīṣaṇa, and insulted Hanumān. Therefore Rāma destroyed not merely Rāvaṇa himself but also his armies, weapons, power, and pride before finally ending his life. Unlike Kṛṣṇa, whose playful pranks often bewildered the women of Gokula, Rāma stands as the ideal protector who endured immense suffering for the sake of His consort and devotees. The remembrance of such a Lord naturally cools the hearts of those afflicted by separation.

For this reason Āṇḍāḷ calls Him *manattukkiniyān*, the One who delights the heart. The gopīs sing not of Kṛṣṇa's playful mischief but of Rāma's compassion and selfless protection. His divine name is capable of restoring life, hope, and comfort to those overwhelmed by sorrow. They urge the gopī to awaken and join their singing, not merely for their sake but for her own, since the remembrance of the Lord alone can relieve the pain of separation. Even Bhagavān rushed instantly to rescue Gajendra when called upon, yet this gopī remains asleep despite repeated appeals.

Finally, Āṇḍāḷ marvels at the depth of her slumber. The entire village now knows that the gopīs stand outside her house pleading for her to awaken. Her greatness is known to all, as is the devotion and helplessness of those waiting for her. Nothing remains hidden. Having praised her virtues, her family, her devotion, and the compassion of both Kṛṣṇa and Rāma, the gopīs make one final appeal: she should arise, join the assembly of devotees, and participate in the collective experience of praising the Lord, for such shared devotion is far superior to remaining alone, however exalted one's spiritual state may be.",Āṇḍāḻ,,"Śrī Kṛṣṇa,Śrī Rāma",Parākrama Anubhavam,1.12,Tiruppāvai
115,108,"பள்ளின் வாய் சீண்டாைனப் செபால்லா அரக்கைனக்\
கிள்ளிக் கைளந்தாைனக் சீர்த்திலம பாடப்போய்\
பிள்ளைகள் எல்லாரும் பாைவக் களம் பக்கார்\
செவள்ளி எழுந்து வியாழம் உறங்கிற்று\
பள்ளும் சிலம்பின காண்! போது அரிக்கண்ணினாய்\
கள்ளக் குளிரக் கைடந்து நீராடாதே\
பள்ளிக் கிடத்திபோ பாவாய்! நீ நன்னாளால்\
கள்ளம் தவிர்த்து கலந்து ஏல் ஓர் எம்பாவாய்","puḻḻin vāy kīṇḍānai ppollā arakkanai
kiḻḻi kkaḻaindānai kkīrttimai pāḍi ppōy
piḻḻaigaḻ ellārum pāvai kkaḻam pukkār
veḻḻi ezundu viyāzam uṟaṅgiṭru
puḻḻum śilambina kāṇ pōdari kkaṇṇināy
kuḻḻa kkuḻira kkuḍaindu nīr āḍādē
paḻḻi kkiḍattiyō pāvāy ! nī nannāḻāl
kaḻḻam tavirndu kalandēlōr em pāvāy","All our companions have reached the place of ritual, singing all the way, the glories of Kṛṣṇa (who has saved himself and us by splitting, in twain, the mouth of Bakāsura who has taken the form of a crane); and the glories of Rāma (who has in sport pinched, as one nips the tender buds, the ten heads of Rāvaṇa and thrown them down into dust). O girl, with eyes resembling lotus-flowers enfolding bees within, and with looks resembling the deer's! Look! Venus is rising; Jupiter is setting; and the birds are twittering. Why do you continue to lie in bed, instead of having a cool refreshing bath which stills the torment of separation from Kṛṣṇa? O girl of tender susceptibility! On this auspicious day, give up your shyness, join us and share your bliss with us.","While waking up the gopī, Āṇḍāḷ remembers the līlā's of Kṛṣṇa. Glorifying the killing of Bakāsura, Āṇḍāḷ remebers the divine Līlā of Bhagavān. Among may of the līlā's, the destruction of Bakāsura was a intresting one. Kṛṣṇa let himself to get close to the asura and waited for the evil crane to opne it's mouth, just in time to tear it apart. Before this he lets himself to be swalloed by the carne which make it go beserk and possed letting Bhagavān out. Like the crane he indeed would destory the lust and all sins of the surrednered souls. Here the crane repersents prenticous people who act as if they have rencouced everything to attain Bhagavān. The crane stands at the corner of the shore with eye shut partaially similar to yogic meditation. But as soon as it sees the fish, within a second it catches and let it be that day's meal. Similar are the ones who have dhamba. Though they look like yogic like the crane yet at the level of self, they remain pretencious and have not rencouced anything. Such people also act as obstacles to true devotees who want to attain Bhagavān. The true devotees are the Prapannas who are loved by bhagavān. They have rencouced everything, in the sense that they have even left the intent of keeping their efforts to reach Bhagavān. They do not think their devotion will help them to reach him but his compassion will. Their devotion is just to please Him, his happiness is what they desire. All the kaiṅkaryas they perform are for His pleasure alone and not as a means to attain him. He himself are the means for them. Indeed he is everything for them. Such great ones are called as Bhāgavatas or Ekānta Bhaktas as per Pāñcarātra. To protect such devotees from pretencious ones, Bhagavān himself take the responsibilty. Splitting the beak of Bakāsura, he ensures that he always protect the surrendered souls.

Contuing to be immersed in līlā's of Nārāyaṇa, Āṇḍāḷ remebers Rāma avatāra and slaying of Rāvaṇa. She describes him as the courages Lord who pincked the heads of the wicked rākṣasa. She calls him as 'wicked' due to his disgusting nature to separte Mahālakṣmī from Nārāyaṇa. There are demones who dressed up as deer, those who show false head but Rāvaṇa stands as the most wicked ans nicha among all asuras. Śrī Rāma destoyed him and his heads as if plucking them. Though Rāmāyaṇa shows this whole process as a lethargic and long one starting with marching to Laṅkā with Sugrīva, sending Aṅgada as a messenger of peace, killking of the minions of Rāvaṇa and finally destorying the asura too. hence, it might be doubtful as on how is it possible that Rāma did it with such ease? When Sugrīva questions on if taking in Vibhīṣaṇa is right, Rāma responds by saying: ""Sugrīva, if I desire I can destory piśāchas, rākṣasa, yakṣas, dānavas and asuras with my finger tip. If I wish indeed I can do it but I do not."" Indeed he is the all poweful Supreme. For him all are his childern, including Rāvaṇa. hence he provides all oppurtnuity to ravanan to otake refuge and starts the war only when nessacray. If Bakāsura repsensgted Dhamaba then rāvaṇa respensts Ahaṅkāra, ego. Ego is like a drop of poison on a person's characteer. Even if the person is of good virtue, ego is enpiugh to make it insignificant. Bhagavān himself will take the resposnbiliyy to not let the creeper called ego grow in the hearts of his devotees and prappanas. Onluy when ego vanishes we realise who we truly are; the eternal servents of sarva-śeṣī Śrīman Nārāyaṇa. Āṇḍāḷ calls upon the gopī to wake up, who won over Rāvaṇa with power, Śūrpaṇakhā with his beuaty and Vibhīṣaṇa with love and compassion.

She let's the gopī know that Venus has risne and the Jupiter has set. Venus is known as the morning star. It appears the dawn just before sunrise shining strong being the hottest planet. Venus also called Śukra represents immense knwoledge as the repersnetive of the planet Śukrācārya has the capacity to awake the dead. Jupiter though repsernts preaching, the repesenttive deity Bṛhaspati was the first to preach athesic thoughts called Lokāyata to mislead the asuras. The set of Jupiter repsents the setting of ignorance and ris eof venus repsents knowldge. Seeing the dawn birds are chripping.

She calls the gopī who has lotus like eyes (can be interpeted also as deer eyes) to wake up. Lotus is a unique flower whoes leaves are water-repelant yet lives on muddy water. The buds of this flower remians closed until the sunrise. As soon as the sunrises, the flower blossems. The Sun repesnets Śrīman Nārāyaṇa and the lotus represnents the jīvātmās. In night, the buds remain closed similar to us being immersed in ignorance hence unable to escape Saṃsāra. But as soon as the relaisation about our true nature that we are the servents of Bhagavān hits like the Sun rays hitting the buds there by letting us blossom like the lotus flower. The comparison is vedic. Nārāyaṇa is also called as Savitṛ, the creator. He is the one who resides at the locus of Āditya Maṇḍala as Āditya Hṛdayam prasied by the sacred Gāyatrī Mantra. The mumukṣu who perfroms Upāsana of Nārāyaṇa in the form, who apperas all golden with Makara kuṇḍala attain Mokṣa, such states the Taittirīya. Hence, she calls the gopīka to wake up and sing about that Viṣṇu. It is ineed not right to just be immersed in Kṛṣṇa in provate but let the expeirnce speared like blossming flower with all other devotees. The gopī who is being woken up in the pasuram is comapred to Periyāḷvār as he too has relaised Nārāyaṇa like the bloosmed lotus and does not have pretious attitude or ego.",Āṇḍāḻ,,"Śrī Kṛṣṇa,Śrī Rāma",Parākrama Anubhavam,1.13,Tiruppāvai
116,109,"உங்கள் பழக்கைடத் போட்டத்து வாவியள்\
செங்கழ் நீர் வாய் செகிழ்ந்து ஆம்பல் வாய் கம்பின காண்\
செங்கல் போடக் கூலற வெண்பல் தவத்தவர்\
தங்கள் திருக்கோயில் சங்கடிவான் போகின்றார்\
எங்கணா முன்னம் எழுப்பவான் வாய் பேசம்\
நங்காய் எழுந்திராய் நாணாதாய் நாவைடயாய்\
சங்கோர் சக்கரம் ஏந்தும் தடக்ககயன்\
பங்கயக் கண்ணாலனப் பார் ஏல் ஓர் எம்பாவாய்","uṅgaḻ puzaikkaḍai ttōṭṭattu vāviyuḻ
śeṅgazunīr vāy negizndāmbal vāy kūmbina kāṇ
śeṅgal poḍi kkūrai veṇbaṟ tavattavar
taṅgaḻ tirukkōyiṟ caṅgiḍuvān pōdandār
eṅgaḻai munnam ezuppuvān vāy pēśum
naṅgāy ! ezundirāy nāṇādāy ! nāvuḍaiyāy
śaṅgoḍu śakkaram ēndum taḍakkaiyan
paṅgaya kkaṇṇānai ppāḍēlōr em pāvāy","O perfect one in worship! The red lotuses in the well situated in the garden to the rear of the house are blooming; and the black tulips are folding up. Arise! The ascetics who have fine sets of white teeth and who are filled with a spirit of renunciation have put on their ochre robes and are going to their temples for worship. Arise! You have pledged your word that you will yourself come and wake us up. Have you forgotten it, O shameless girl! Get up! O adroit talker! Come out to sing the glory of the Lord of the lotus-eyes and long arms, who holds the śaṅkha and the cakra in His hands.","Trying to wake up the gopī, Āṇḍāl states that the tulips have shrunk, and lotuses are blooming. Tulips are nocturnal plants, and lotuses bloom during the day. This symbolizes that the night has broken. But the gopī is not ready to accept this. She argues, saying, ""You are seeing my eyes, which are slowly opening up, and in happiness, you call them lotuses, but the dawn has not broken."" Āṇḍāl continues to emphasize the blossoming of the lotus by saying they have bloomed in ""your garden."" The purpose of using ""your"" is to give a swift shock to the gopī. Being a mumukṣu, the gopī has given up mamakāra and ahaṅkāra—the sense of ""mine"" and ""I."" She knows everything, including herself, belongs to Kṛṣṇa alone. But when Āṇḍāl says ""your,"" she fears mamakāra. Mṛtyu, i.e., death, which leads to rebirth, truly occurs as long as this jīvātma holds the egotistic sense of ""mine,"" as expressed in Dvyākṣarastu bhaven mṛtyuḥ, i.e., the death in the two-letter word ""mama."" Eternal life or liberation is in the three-letter word ""na mama."" One who realizes that he is not the bhoktā (enjoyer) but Bhagavān is, and that he is not the kartā (doer) but Bhagavān is, becomes merely an agency for the Supreme to act. Such a person has liberated himself from the results of his actions. Karma yogis who reach this state finally surrender to the Supreme as they realize that they themselves are His and are meant to be enjoyed by the Supreme. One who attains such a stage finds his lotus blooming under the sunlight of knowledge of Bhagavān. The lotus here refers to the blossoming of the suṣumṇā-nāḍī. From here, the jīvātma travels via the Arcirādi mārga, attaining Vaikuṇṭha—the place without return—where the muktātma enjoys bliss equal to that of Īśvara, who is omnipresent. The shrinking of the tulip represents the removal of the knowledge of self-independence. We are all asvatantra (dependent) and depend entirely on Īśvara. Realizing this, the lotus blooms.

The gopī argues, saying, ""The lotuses are just blooming, and the tulip is just shrinking. It is still too early for the sun to rise."" Āṇḍāl provides another justification, stating that ascetics dressed in red robes have gathered here, walking towards the temple, their teeth shining white. They wear the sacred mṛttikā (white clay) and have śrīchūrṇa on their foreheads. She says, ""Wake up! Dawn has arrived!"" The ascetics have broken the ochre stone to form the mṛttikā. The ochre stone represents the manas (mind), which distracts us, and red represents attachment. By grinding and wearing it, the ascetics have controlled their manas to show love only to Bhagavān. They are ācāryas who carry the kuñcikola to open the temple doors. This kuñcikola represents the upadeśa-mudrā. The upadeśa-mudrā, where the forefinger touches the thumb and the three fingers stand apart, symbolizes that the forefinger and thumb represent jīvātma and Īśvara, respectively, while the three fingers represent the three guṇas—sattva, rajas, and tamas. Renouncing these guṇas and adopting śuddha-sattva, the jīvātma attains sāyujya with Bhagavān.

The gopī still argues, saying, ""Ascetics always sing and serve the Lord at all times. How does this represent the arrival of dawn?"" Āṇḍāl now says, ""You promised to wake us up, and now we are waking you!"" It must be understood that Āṇḍāl asks the gopī to wake up and attain complete fullness. The gopī promised to wake up, i.e., to see Bhagavān beyond Māyā. Now, she must help others too, like the ācāryas. It is only through the association of other devotees that one can attain fullness. Āṇḍāl scolds her lovingly, saying, ""You are of divine knowledge. O shameless girl! O adroit talker! Get up. Are you feeling ashamed that you could not come early and wake us up? No, do not feel that way. By your constant association with Śrī Rāma, you may have developed a feeling of bashful embarrassment. When the ṛṣis came to Śrī Rāma in Daṇḍakāraṇya and sought His protection, Śrī Rāma felt embarrassed and apologized to them: 'Alas, I should have come to you venerable ones myself and given you protection. Instead, I have unwittingly allowed time to slip until you came to me and told me of your troubles. I feel deeply ashamed of my lapse.'"" Similarly, Āṇḍāl suggests that the gopī might feel ashamed for making others come to her. However, she reminds her that it is her nature to help those who depend on her. 

Āṇḍāl then asks her to sing about the lotus-eyed Lord, the holder of the conch and discus. The divine implements—the conch and discus—serve distinct spiritual purposes. The conch represents the praṇava (Oṃkāra) and serves to summon both straying cows and wandering souls back to the divine fold. The gopikas particularly envied the conch's fortune of constant contact with Kṛṣṇa. The discus, known as Sudarśana, helps devotees achieve a clear vision of the Supreme Self and acts independently to execute Kṛṣṇa's will, protecting devotees while keeping enemies at bay. Both implements work in harmony to protect supplicants and instill fear in enemies. Kṛṣṇa's lotus eyes hold special significance in this divine imagery, displaying various aspects, from humility to authority, depending on the context. To the gopikas, these eyes could appear meek, clever, authoritative, or charming, while also serving to protect and enthrall the residents of the Heavenly Abode.",Āṇḍāḻ,,Śrī Kṛṣṇa,,1.14,Tiruppāvai
117,110,"எல்லோ! இளங்கிளிபேய இன்னம் உறங்கதிபேயா\
சில்வென்று அலழபேயன் மின் நங்ககமீர் போதரகின்றன்\
வல்லல உன் கட்டுரைகள் பண்பட உன் வாய் அறிதும்\
வல்லீர்கள் நீங்கோ நான் தான் ஆயிரக\
ஒல்லல நீ போதாய் உனக்கு என்ன பேறு உலடைய\
எல்லாரும் போந்தாபோ? போந்தார் போந்து எண்ணிக் செகாள்\
வல்லாலன செகான்றாலன மாற்றானர மாற்று அழிக்க\
வல்லாலன மாயாலன பார் ஏல் ஓர் எம்பாவாய்","ellē ! iḻam kiḻiyē ! innam uṟaṅgudiyō
śil enṟazaiyēnmin naṅgaimīr ! pōdaruginṟēn
vallai un kaṭṭuraigaḻ paṇḍē un vāyaṟidum
vallīrgaḻ nīṅgaḻē nānē tān āyiḍuga
ollai nī pōdāy unakkenna vēṟuḍaiyai
ellārum pōndārō pōndār pōndeṇṇikkoḻ
vallānai konṟānai māṭrārai māṭrazikka vallānai
māyanai ppāḍēlōr em pāvāy","The Gopikās standing outside called out sweetly to their friend inside, addressing her with the tenderness of a parrot's tone and asking why she was still asleep. From within, the Gopikā responded with mild irritation, calling them perfect gopikās but requesting them not to summon her with their shrill, annoying voices, assuring them she would come presently. The Gopikās outside then teased her, calling her clever and acknowledging they were already familiar with her harsh and adroit way of speaking. The Gopikā inside retorted sarcastically, saying they alone were clever and harsh, questioning their argument before conceding with irony that she alone was harsh. The Gopikās outside then questioned what made her so special and why she insisted on staying alone, urging her to come out quickly. The Gopikā inside inquired if all the gopikās were present, to which they confirmed and invited her to count them herself. She then asked what they wanted her to do, and the Gopikās outside requested her to come out and sing the glory of Kṛṣṇa, specifically praising Him who had killed the mighty elephant Kuvalayāpīḍam, routed the arrogance of enemies, and wielded mysterious power.","After waking up nine gopīs, Āṇḍāḷ is waking up the last gopī who is partially awake. Āṇḍāḷ calls the gopī a parrot. While everyone sings, she too joins in chorus and melody as they sing together. Her voice is so mellow and soft like the tune of the parrot, and her youth looks like that of the parrot too. Immersed in Kṛṣṇa anubhavam, the face of the gopikā has turned red just like the beak of the parrot. Āṇḍāḷ requests the gopī to wake up and share the experience of Kṛṣṇa she has had. While the gopikā listens to this, she gets annoyed. She was immersed in experiencing Kṛṣṇa, and these voices are not letting her continue, thereby making her irritated. The call 'tender parrot' irritates her. She who has vanquished all ego and mamakāra feels she doesn't deserve such a title. She states, ""You are, indeed, the perfect ones. How can I have the fullness which you have? Those only are perfect who, on hearing the voices of devotees, enjoy bliss and bestow praise on them. I am not fortunate to have such opportunity. Do not trouble me further. You are all gathered together; and you are enjoying together one another's experiences; and that makes for fullness. Since you have that ripeness, you could call me 'the tender parrot.' Those who are really suffering from the misery of separation from Kṛṣṇa will have fainted on hearing his name; and felt annoyed with, and not praised, those who uttered it. You should have, like me, forgotten yourselves if you are yearning for him. But you hear my singing of his praises, feel happy and compliment me on my song. This is proof of your fullness. So please, I shall be with you in a moment.""

The to and fro conversation which goes between Āṇḍāḷ and the gopikā represents humility. When the gopikā calls the gathered group perfect ones, they argue they are not. They call her harsh for using such great words to them, though they feel incompatible with it. These words could bring mamakāra and ahaṅkāra which would lead them away from Kṛṣṇa. Humility is one of the important qualities of a Vaiṣṇava. With humility, a true Śrīvaiṣṇava sacrifices mamakāra, ahaṅkāra; sorrow and joy look the same to him as Kṛṣṇa states in Bhagavad Gītā 12.13 as ""adveṣṭā sarva-bhūtānāṃ maitraḥ karuṇa eva ca, nirmamo nirahaṅkāraḥ sama-duḥkha-sukhaḥ kṣamī."" A true devotee looks at everyone as a friend, sacrifices all sense of difference in happiness and sorrow. In such a state, he remains as sthitaprajña and thereby lives in humility. Āṇḍāḷ and the gathered groups of gopikās continue asking her to wake up fast and join them. Spiritual experience should always be shared and enjoyed together. She asks if all have come, Āṇḍāḷ replying yes, all have! If you want to make sure, you can count them too. Calling upon the gopikā, Āṇḍāḷ asks her to join them to sing about Kṛṣṇa who killed Kuvalayāpīḍa, the elephant which represents ahaṅkāra.",Āṇḍāḻ,,Śrī Kṛṣṇa,,1.15,Tiruppāvai
118,111,"நாயகனாய் நின்ற நந்த பேகாபஞ்லடய\
பேகாயில் காப்பான! பேகாடத் பேதான்றும் பேதாரண\
வாயில் காப்பான! மணிக்கதவம் தாள் திறவாய்\
ஆயர் சிறுமியபோரழக்கு, அலறபலற\
மாயன் மணி வண்ணன் செந்னனபேல வாய் பேநர்ந்தான்\
தாபேயமாய் வந்தோம் துயில் எழப் பாருவான்\
வாயால் முன்னம் முன்னம் மாற்றாபேத அம்மா நீ\
பேநய நிலலக் கதவம் நீக்கு ஏல் ஓர் எம்பாவாய்","nāyaganāy ninṟa nandagōbanuḍaiya kōyil kāppānē !
koḍi ttōnṟum tōraṇa vāyil kāppānē !
maṇikkadavam tāḻ tiṟavāy
āyar śiṟumiyarōmukku
aṟai paṟai māyan maṇivaṇṇan nennalē vāy nērndān
tūyōmāy vandōm tuyil eza ppāḍuvān
vāyāl munnam munnam māṭrādē ammā
nī nēya nilai kkadavam nīkkēlōr em pāvāy","O Guard protecting the mansion of Nandagōpa, the Commander of all! Let us in. O Keeper of the gate, which shines bright with its wreathed decorative arches and flag aloft! Lift the latch of the doors studded with gems. Lord Kṛṣṇa of sapphire-hue and mysterious power gave us his word yesterday that he would give us the musical instrument called 'pārai.' We, the gopikās, have not come here seeking any other benefit. We have come here with pure minds. We have come to awaken Kṛṣṇa with our song. Good Sirs! Do not say 'nay' to us. We pray that you yourselves will open the doors which, drawn by mutual love, stand close and tight. Open them and let us in.","Āṇḍāḷ with all awakened gopikās gather in front of the mansion of Nandagōpa where Kṛṣṇa lies sleeping on a couch with Nappinnai (Nīladēvī). She requests the guard of the mansion to open the doors. Now she is requesting the guard and Nandagōpa to open the doors. Āṇḍāḷ specifically calls Nandagōpa as commander of all, including Kṛṣṇa. How so? Isn't Kṛṣṇa Īśvara, which literally translates to the supreme controller? Yes, indeed he is Īśvara, yet he is Bhakta parādhīna. Though he is independent of all, yet he voluntarily decides to serve his devotees. Rāma calls himself as Dāśarathi, similarly Kṛṣṇa calls himself as Nandagōpa Kumāran. Āṇḍāḷ knows He loves it when we call him with devotees' names such as Devakinandana, hence she calls the mansion as belonging to Nandagōpa. In Nityavibhūti Śrī Vaikuṇṭha or līlā vibhūti, he always shows himself to be dependent on devotees. Ananta, Garuḍa, Viśvaksena do not leave him and keep him in their control in the supreme abode. Here, he listens to Prahlāda, Balarāma, Nanda, Yaśodā, Arjuna and all those who have surrendered to him. His love for his devotees has no bounds so much so that he is ready to be a messenger, a charioteer, sevaka, dvārapālaka to his devotees. The guard is the ācārya, kōyil referring to the mantra. Nandagōpa translates to 'the one who enjoys ānanda and protects' i.e., ācārya. They are jñānis who enjoy Nārāyaṇa and protect the mantra. The mantra, which is the residence of Lord, helps us to reach him. Without permit of Nanda, we can't see Kṛṣṇa; without the permit of ācārya we cannot receive the mantra and without which we cannot reach the supreme abode to enjoy Bhagavān.

Āṇḍāḷ requests the guard to open doors of the mansion which are embedded with gems. She calls the guard as kōyil kāppāne i.e., one who protects the residence of temple where Bhagavān resides. Though calling him as guard might sound rude due to the discriminative mindset of ours, in reality devotees love when they are associated with Bhagavān and ācāryas. People call themselves as dāsan of ācāryas and Bhagavān indicating they always love it when they are called as servants of Lord. The gate studded with jewels has made all the onlookers stand there stunned. This is very similar to the Vaikuṇṭha. Rāmānujācārya in Vaikuṇṭha Gadyam states that the supreme place desired by mumukṣus is shining with all types of jewels, calling it as maṇi maṇṭapam. When the liberated jīvas see the door, they get stunned and stuck there, unable to move on. The door represents prakṛti, which attracts us. Beyond the door lies the loved by all, Vāsudeva. By his wish alone the door opens, thereby unstunning the liberated ones to immerse them again in much greater ānanda i.e., himself. Similarly here, the dark cloud, emerald and sapphire-hued Kṛṣṇa rests beyond the doors; to see him we need to go beyond the three guṇas. That mansion has a red flag waving indicating indeed this is the place of Kṛṣṇa. The flag represents Praṇava. Kṛṣṇa is called as Karuṇā sāgara hence he is the ocean. The Praṇava mantra acts as the pointer to this ocean or lake. That flag has Garuḍa on it who represents the Vedas, the Vedas which lead us to Bhagavān.

The pāsuram stands as a beautiful conversation between the gopikās and gate keeper. The gate keeper is on duty to protect Kṛṣṇa at all cost. As said, devotees know that he is Īśvara yet they always have vātsalya bhāva towards Kṛṣṇa which makes them always keep an eye on him and protect him at all cost, even if it costs their lives. The guard is not ready to let them in as he fears they could be people with not the right mindset. Āṇḍāḷ urges saying that who can threaten the lord of Ananta? How can there be fear there? Guard argues that asuras keep threatening him. Pūtanā, Śakaṭāsura, Ṛṣabhāsura and so many have tried to kill him, hence he can't let them in so easily. Gopikās argue saying they are women, how can they do that, for which the keeper protests saying wasn't Tāṭakā, Pūtanā demons too? Now Āṇḍāḷ states that they have come here with pure mind to serve him alone. Kṛṣṇa himself had called them and promised to give the parai instrument. The guard laughs asking isn't it contradicting to say you came here to serve him alone but you ask for the instrument too? Gopikās correct it by saying they have asked for the instrument to sing the glories of Kṛṣṇa. The guard is not ready to listen; he states that by doing so you can awaken him. They say in chorus, they will just sing and watch him from the doorsteps, so please open the door. The guard knows they are indeed here to serve but yet wants to listen to how they glorify Kṛṣṇa. Now the gopikās, tired, plea to the keeper, ""If you do not help us who can help us? You are the protector, the keeper of the treasure like Kṛṣṇa. You have to listen to our plea and pain. Good Sir, please open the door!"" The words of Āṇḍāḷ clearly show the guard is none other than ācārya. He is the one who mediates and protects the jīvātmās who have surrendered to him. On behalf of us, he requests Lord to accept us and grants us liberation.",Āṇḍāḻ,,Śrī Kṛṣṇa,Śaraṇāgati,1.16,Tiruppāvai
119,112,"அம்பரேம் தண்ணீர் கோரே அறஞ்செய்யும்\
எம்பெருமான் நந்தகோபாலா எழுந்திராய்\
கோம்பனார்க்கு எல்லாம் கோழுந்தே குல விளக்கே\
எம்பெருமாட்டி யகோதாய் அறிவுறாய்\
அம்பரம் ஊர் அறுத்து ஓங்கி உலகளந்த\
உம்பர் கோமாகே! உறங்காது எழுந்திராய்\
கசம்போற் கழலட்ச் கசல்வா பலகதவா\
உம்பியும் நீயும் உறங்கேல் ஓர் எம்பாவாய்","ambaramē taṇṇīrē śōṟē aṟam śeyyum
em perumān nandagōbālā ! ezundirāy
kombanārkkellām kozundē ! kula viḻakkē
em perumāṭṭi yaśōdāy ! aṟivuṟāy
ambaram ūḍaṟuttōṅgi ulagaḻanda
umbar kōmānē ! uṟaṅgādezundirāy
śem poṟ kazal aḍi ccelvā paladēvā !
umbiyum nīyum uṟaṅgēlōr em pāvāy","O Nandagōpa! How great is your munificence! You clothe the naked; you quench the thirsty; you feed the hungry—and all this you do with rectitude and without expecting return. O our revered master! Arise! O Yaśodā! You who are like a tender shoot among women with delicate bodies resembling the prabhālī trees! You, the auspicious light of our community! Our dear mistress! Awake! O Trivikrama! You who have grown in stature splitting the mid-sky, and measuring all the worlds with your feet! Wake up! You, Lord of the Nityasūris, the Ever-wise! You should not sleep. Get up. O Balarāma! You who wear an anklet of pure shining gold on your foot! You and your brother, pray, wake up!","Requesting the guard to open the doors, the guard argues let Kṛṣṇa himself come and open the door. Here Āṇḍāḷ along with all gopikās try to awaken Nandagōpa, Yaśodā, Kṛṣṇa and Balarāma in respective order. Nanda stays awake and alert. He remains always in alert state, trying to protect Kṛṣṇa from all harms. Not just that, he is a man of kindness. He always helps the needy by donating what they seek for; clothing, food, cows, land and so much more. Nandagōpa is none other than the ācārya, or more of communities of all ācāryas. The gopikās request him to wake up and open the door, to serve Kṛṣṇa they are here. Nanda being the ācārya is always prepared to preach the mantra to the disciple letting them reach Bhagavān. Similar to Nandagōpa's character, ācāryas too have several auspicious qualities which the Taittirīya Upaniṣad speaks about in Prathama praśna that righteousness, control of senses, truthfulness, forgiveness, tapas, agnihotra all are characters of an ācārya. An ācārya who has such divine nature is eligible to teach the mantra. Like Rāma was pleased to be with Sītā because his father had approved it, Bhagavān too will be pleased with the jīvātma because of the permit given by ācārya. Hence, Āṇḍāḷ wakes up ācārya first.

Next she wakes up Yaśodā, who represents the Thirumantra. Yaśodā with complete love towards him lays peacefully thinking about her child. It is only after the permission of the mother, we can access Bhagavān. By waking up the parents, she asks for their permission to awaken Kṛṣṇa. Yaśodā represents the divine aṣṭākṣara mantra. In Vaiṣṇava theology there are many bījākṣara mantras among them three are important; ṣaḍakṣarī (Viṣṇu mantra), dvādaśākṣarī (Vāsudeva mantra) and aṣṭākṣarī (Nārāyaṇa mantra). Due to these mantras speaking about the all-pervasiveness of Bhagavān, they stand apart. Among these three, the aṣṭākṣarī is highly glorified by the Taittirīya Upaniṣad and Pāñcarātra Āgamas. It explains the all-pervasiveness of Bhagavān in complete sense along with the svarūpa of jīvātma. Yaśodā represents this mantra. By waking her up and then Kṛṣṇa, it shows the right process of upāsana. First it is to obtain the mantra from ācārya and then to meditate upon it thereby attaining Bhagavān.

Āṇḍāḷ now wakes up Kṛṣṇa, the Lord of Nitya Muktas. As the Viṣṇu Sūktam states """"tadviṣṇōḥ paramam-padagṃ sadā paśyanti sūrayaḥ"""" i.e., there in Paramapadham, the Supreme abode, Viṣṇu is being glorified by the Nitya Sūris. The Nityas like Ananta, Garuḍa, Viśvaksena eternally serve Him, never touched by karma and this saṃsāra. When he incarnates, they too incarnate. The Lord of these Nityas is our Kṛṣṇa. Nammāḷvār starts Tiruvāymoḻi with this point of view calling him as the Lord of immortals i.e., the Nityas. That Bhagavān is now fast asleep laying on the bed with his divine consort, hence Āṇḍāḷ asks how right is it for you to sleep being the Lord of these Nitya sūris. Similar to the third pāsuram, here too Āṇḍāḷ describes about Trivikrama avatāra. When Aditi and Indra were in distress, He decided to help Indra and with begging as nimitta kāraṇa, he sprung to a massive form as Trivikrama and measured the whole world. That person who measured the whole world is sleeping now. Hence request the Supreme Lord to wake up and open the doors for them so that they can come and serve him.

Now seeing Kṛṣṇa still laying on the bed, Āṇḍāḷ tries to awaken his elder brother Balarāma. She realizes that only after waking up Balarāma will the mischievous Kṛṣṇa wake up! Balarāma is none other than Lakṣmaṇa. In Dvāpara he was conceived in the womb of Devakī later to be transported to Rohiṇī with the yogamāyā of Bhagavān who is also called as Durgā. In Rāmāyaṇa, fight between Vāli and Sugrīva took place with Rāma's task to slay Vāli. Though Rāma could easily distinguish both, the first try he enacted as if he couldn't. This was because Sugrīva paid respect to Rāma alone and not to Lakṣmaṇa. Only after Lakṣmaṇa put the garland on Sugrīva thereby blessing him that Rāma slayed Vāli. Hence here too Āṇḍāḷ asks Balarāma to wake up and wake up Kṛṣṇa too. Kṛṣṇa always listens to his elder brother. Hence Balarāma is capable of waking up Kṛṣṇa on command. It was Balarāma who consoled the gopikās when they left to Mathurā. Hence here they knew Balarāma will help them for sure. Rāma could live away from Sītā for 10 months in sorrow but for sure he cannot live without Lakṣmaṇa for a minute, that's how attached he was to him. Similarly Kṛṣṇa is closely attached to Balarāma. Balarāma being Ādiśeṣa eternally serves Bhagavān. If Kṛṣṇa sits, he becomes his chair; he stands, becomes umbrella; walks, he becomes pāduka; sleeps, he becomes the couch. Such is the service of Ādiśeṣa. Now laying down in the bliss due to the touch of Kṛṣṇa, Balarāma should wake up and help them listen to them. Isn't Balarāma the ācārya Rāmānuja who helped prapannas to reach Vaikuṇṭha? How so can he now stay asleep? Thereby she requests him to get up",Āṇḍāḻ,,"Śrī Kṛṣṇa,Vāmana-Trivikrama,Balarāma",Ācārya Śeṣatvam,1.17,Tiruppāvai
120,113,"உந்து மத களிற்றன் ஓடாத கதான் வலியன்\
நந்தகோபாலன் மருமகே! நப்பின்னாய்!\
கந்தம் கமழும் குழலி! கலட்திறவாய்\
வந்கதங்கும் கோழி அலழத்தன காண்! மாதவிப்\
பந்தல் கமல் பல்கால் குயில் இனங்கள் கவின காண்\
பந்தார் விரலி! உன் லமத்துனன் பேர் பாட\
கசந்தாமலரக் லகயால் சீரார் வலளகயாலிப்ப\
வந்து திறவாய் மகிழ்ந்து ஏல் ஓர் எம்பாவாய்","undu mada kaḻiṭran ōḍāda tōḻ valiyan
nandagōbālan marumagaḻē ! nappinnāy !
kandam kamazum kuzali ! kaḍai tiṟavāy
vandeṅgum kōzi azaittana kāṇ
mādavi ppandal mēl pal kāl kuyil inaṅgaḻ kūvina kāṇ
pandār virali ! un maittunan pēr pāḍa
śendāmarai kkaiyāl śīrār vaḻai olippa
vandu tiṟavāy magizndēlōr em pāvāy","Nanda has the strength of a tusker with dripping fat; he takes delight in fighting the elephants, of which he has a herd; and his might of arms knows no rebuff from the enemy! O you, daughter-in-law of Nandagōpa, arise! Nīladēvī, radiant with tresses wafting fragrance! Open the latch of the doors. The cocks have been crowing everywhere. The kokils, perching in groups on the lattice supported by mādhavī-creeper, have begun singing. Note, it is dawn. You who hold a ball in your hand! We tell you that we have come to glorify the qualities of our brother-in-law. Please wake up and walk to the threshold in joy and open the door, with the beautiful bracelets on your red-lotus hand making a loud jingling sound.","Kṛṣṇa still asleep, the gopikās realize that they have to approach someone who is inseparable to him, under whose influence he lives, without whom he can't stay away even for a moment. She is Mahālakṣmī called as Śrīdēvī. She manifests herself as Bhūdēvī and Nīladēvī. Here, Nīladēvī incarnates as Nappinnai, the daughter of a Yādava chieftain Kumbha who was a close friend of Nandagōpa. The chieftain is worried by few bulls causing issues to his subjects and speaks about it to Nandagōpa. Kṛṣṇa hearing this, defeats these bulls and immersed by this act, Nappinnai agrees to marry him. It is Nappinnai whom Āṇḍāḷ prays to wake up and thereby waking Kṛṣṇa too. The Pāñcarātra texts from which the Lakṣmī Tantra originates speaks about the divine relationship between the Supreme controller Nārāyaṇa and Śrī, his divine consort. Śrī represents the Kriyā Śakti of Bhagavān. Though she herself and Bhagavān are part and parcel i.e., different but can never be separated, as per the saṅkalpa of Bhagavān, she makes the prakṛti run. If he is sun, she is sun rays; if he is happiness, she is satisfaction. If we all are the jīva tattvas and the prakṛti is acetana tattva, Śrī and Nārāyaṇa who are inseparable together form the Īśvara tattva. She also represents the Dayā śakti or compassion of Bhagavān. She is the one who induces the will to grant liberation in him. Hence, Āṇḍāḷ and gopikās pray to her. The word Śrī represents 6 divine qualities of her. They are: One who solicits support, One whose support is sought, One who listens, One who communicates what one hears, One who helps ripening and the One who causes infliction of pain. It is she who acts as mediator called as Puruṣakāra when we have to be liberated. It is practically impossible to please Him without her support. It is her words which mesmerized Him to accept our surrender. Gopikās pray to her to wake up Kṛṣṇa and grant the opportunity to not just serve Kṛṣṇa but both of them together as a couple.

Nandagōpa here is said to hold tusks of defeated elephants. Though this might sound questionable, it is here Āṇḍāḷ referring to Nandagōpa as ācārya. Ācāryas should have the power to destroy all kinds of obstacles which come between disciples and the supreme such as ignorance, arrogance and others. Ācāryas are powerful like the mahouts who control strong elephants. Purandaradāsa calls Kṛṣṇa as māri aṇṇe i.e., baby elephant. He is powerful like an elephant but for sure yields to the mahout i.e., ācārya. The elephant listens to the small poking spear which is devotion. The elephant bends its leg for the mahout to climb similarly the Supreme does when he has to grant mokṣa to ācāryas. Once permission given by mahout, the elephant grants permission for others to climb upon just like the Supreme does for the disciples. Throughout the past eleven pāsurams, Āṇḍāḷ prays to different gopīs who are compared to ācāryas and calls upon them to shower their divine knowledge and experience. Now the ācārya too doesn't approach Bhagavān directly, he too approaches via Śrī i.e., here Nīladēvī. It is by her mediation we attain the compassion of Kṛṣṇa. In the Praṇava, A-kāra represents Bhagavān and m-kāra represents us. The u-kāra is the mediation which is Śrī who helps us connect to Bhagavān. So gopikās approach the divine mother now calling her daughter-in-law of Nandagōpa.

While Bhagavān is angered by our ill-actions which are against the śāstras and Vedas, he is disappointed we are not approaching him and if we do, we are doing it after eternity. He is unable to bear this but is mellowed down by the divine mother. She touches him and hugs him thereby letting the soft flowers press his chest softening him. Her compassion, beauty, her qualities make Bhagavān go insane for her. He listens to her without a question, and by her referral to forgive us, he burns our sins. Hence gopikās call her to be wearing the flowers. The divine mother holds prakṛti as a ball in one hand of hers and Bhagavān's hand in another. He listens to her words. Sustaining, protecting this universe like a ball for a long time, her hand has turned red like lotus. Like the lotus she has beauty, like its fragrance she has knowledge which she grants to jīvātmās like us. It is by her grace we climb the stairs of bhakti from viveka, vairāgya, bhakti, parā bhakti, parā jñāna and finally a state where we have lost ourselves and only in service to Bhagavān called parama bhakti. Āṇḍāḷ calls upon a creeper on which kokils are singing. Here the creeper is the divine mother and the kokils are the ācāryas and āḷvārs. She supports our devotion and great ācāryas enable it to reach to larger mass. Gopikās want Nīladēvī to come and open the door by waking and walking towards the door. They too want to see her mesmerizing beauty which has mesmerized the Supreme being itself, see her bangles which jingle when trying to open the door. This pāsuram is nectarful and speaks about the essence of dvaya mantra. Rāmānujācārya used to recite Tiruppāvai everyday but used to love this pāsuram and the upcoming 29th one.",Āṇḍāḻ,,Śrī Kṛṣṇa,Ācārya Śeṣatvam,1.18,Tiruppāvai
121,114,"கத்து விளக்கெரியக் கோட்ருக்கால் கட்டில் கமல்\
கமத்கதன்ற பஞ்ச சயனத்தின் கமகலறி\
கோத்து அலர் புங்கழல் நப்பின்லன கோங்லககமல்\
லவத்துக் கிடந்த மலர் மார்பா! வாய் திறவாய்\
லமத்தடங் கண்ணினாய் நீயுன் மணாளலன\
எத்தலன போதும் துயில் எழ ஓட்டாய் காண்\
எத்தலனகயலும் பிரிவாற்று கில்லலயால்\
தத்துவம் அன்று தகவ ஏல் ஓர் எம்பாவாய்","kuttu viḻakkeriya kōṭṭukkāl kaṭṭil mēl
mettenṟa pañja śayanattin mēl ēṟi
kottalar pūṅguzal nappinnai koṅgai mēl
vaittu kkiḍanda malar mārbā ! vāy tiṟavāy !
mai ttaḍam kaṇṇināy ! nī un maṇāḻanai
ettanai pōdum tuyil eza oṭṭāy kāṇ !
ettanai yēlum pirivāṭragillāyāl
tattuvam anṟu tagavēlōr em pāvāy","On a bed, distinguished for its comforts of height and width, coolness, whiteness and softness, spread on a cot with ivory leg-supports, and surrounded by clusters of wicks burning bright, lies Nīladēvī with bunches of blooming flowers decorating plaits of her tresses; and close to her sleeps, Kṛṣṇa with his broad bosom pressing her breasts.
O Kṛṣṇa! Won't you open your mouth and speak! O Nīladēvī! how impressive are your large eyes decorated with collyrium! How long will you prevent your lover from rising? Not to endure separation from him, even for a while, is inconsistent with your nature and your characteristic tendency!","After waking up the gopī, Āṇḍāḷ with all the gopikās try to wake up Kṛṣṇa with his divine consort Nīladēvī. In the supreme abode Vaikuṇṭha, Śrī, the divine consort who is inseparable from Lord expands herself as aṃśas in Bhū and Nīladēvī. The Vedas glorify her as Nīlā in Nīlā Sūktam, a part of Taittirīya Saṃhitā. Āṇḍāḷ prays to Nīladēvī to wake up Kṛṣṇa, who is mesmerized by the beautiful eyes of Nīlā and lays on the bed with his broad chest pressing against her blossoms. It is a common principle to always approach the provider who is of higher status through the referral of a mediator. Similarly, a mumukṣu approaches Nārāyaṇa for liberation and the fulfillment of serving him eternally through Lakṣmī, she being the mediator. The Pāñcarātra Āgamas beautifully glorify this as Lakṣmī being the will of mercy and Nārāyaṇa who acts upon. He is called as the protector because he acts on the will of mercy which is Mahālakṣmī. She indeed is called as Dayā Dēvī. To this Śrītattva, Āṇḍāḷ (who herself is incarnation of Lakṣmī) prays to wake up Kṛṣṇa and fulfill our desire to serve the eternal couple.

On the ivory-legged bed lay the divine couple immersed in love. Behind them there is a lamp burning with five wicks. The lamp represents Nīladēvī. A lamp has the unique nature to shower brightness thereby making itself visible and making the surroundings visible too. Bhagavān is difficult to be perceived by our own efforts. Our Karmas restrict us to see him. Immersed in Ānanda he stays. To us who are suffering in saṃsāra, his beloved showers compassion. Pity on us she develops the will in him to look at us and take us. Just like the lamp she decides to show herself and from her compassion leads us to Nārāyaṇa thereby becoming the mediator. Through providing us knowledge via the 5 lights from 5 wicks which are: Smṛti, Śruti, Purāṇa, Itihāsa and Āgama, she helps us reach him. This lamp can be moved anywhere. Unlike us, who are bonded to this Saṃsāra and hence the constant association with Kṛṣṇa is difficult, Nīlā on the other hand is independent and can always be with him. She doesn't have any restrictions of dawn and night. Through her own will she serves him with love and devotion. This Nīladēvī has mesmerized Kṛṣṇa with her lotus-like eyes which is not letting him be away from her. Āṇḍāḷ prays to provide us too the bliss of the divine couple. Both are immersed in ānanda, due to their very nature, similar to Rāma and Sītā in vanavāsa who enjoyed each other. Vālmīki quotes that Lakṣmaṇa too was in Ānanda, but why was he in bliss? For Lakṣmaṇa, serving the divine couple itself is great bliss and hence the three all together were in ānanda. Āṇḍāḷ prays to offer us too the same opportunity to serve them.

The ivory stand of the bed represents Kṛṣṇa being the great warrior, the one who defeated the elephant of Kaṃsa called Kuvalayāpīḍa by removing its huge tusks. Nīladēvī is the warrior consort of this Kṛṣṇa. The aspect here is similar to Nīladēvī, all the prapannas i.e. the surrendered ones fear nothing. They have completely surrendered to Lord and hence entire responsibility of theirs has been put upon him. Sītā didn't fear to walk in the forests, she had complete faith in Rāma, so too the prapannas. They, the Īśvara tattvas, lay on this bed immersed with love towards each other. When the jīvātma attains liberation, it climbs the couch of Ādiśeṣa to attain the lap of Bhagavān where questioning who it is, it says ""Ahaṃ Brahmāsmi"" i.e. I have realized the antaryāmī within me who I am subservient to. To attain the bed of Nārāyaṇa i.e. Mokṣa, it is one of the Brahma Vidyās called Paryaṅka Vidyā. He, the Para Vāsudeva, rests upon such a bed with jñāna, bhakti, vairāgya, aiśvarya as the supports, which here are compared to ivory ones. Thereby Āṇḍāḷ requests her wake up Kṛṣṇa. ""How is it possible for a mother to rest well when her children are suffering? How are you able to rest with Kṛṣṇa O Divine mother, when we are screaming loud for your help to serve you and him! Please do let us also rest upon the bed where you two lay"" Āṇḍāḷ states. The divine bed has five natures; Coolness and warmth according to surroundings, Fragrance, Whiteness, Softness, Spaciousness. These five represent the Arthapañcaka of Śāstras i.e. ""The nature of Brahman to be attained, The nature of the individual self that is worthy to attain, The means to attain God, The result to be gained by the attainment of God, The impediments to the attainment of God."" Thus who realizes this fivefold knowledge attains Vaikuṇṭha.

Nīladēvī adorns divine flowers which are blessed to touch Kṛṣṇa when he presses his divine chest. The gathered group with Āṇḍāḷ have vowed not to wear flowers until they meet Kṛṣṇa. Āṇḍāḷ asks the divine mother how right is it to wear flowers when your children cannot wear them as the flowers would fade with the heat of separation of these. Hence, she asks her to bestow the same pleasure of association with Kṛṣṇa to them. Now they peek to see that Nīladēvī wakes up to open the door on the other hand Kṛṣṇa pulls her and throws her on bed, letting her rest upon his broad shoulders. Now Āṇḍāḷ calls upon Kṛṣṇa ""Kṛṣṇa, you are immersed towards her and her tresses touch you, that touch blossoms the flowers. But can't you spare one word for us? We desire your happiness alone, O Lord please open the door!"". The Supreme is avikāra i.e. he doesn't change, neither does he expand or contract yet due to kinship with Śrī he blossoms like a flower. That blossom is his compassion. Āṇḍāḷ doesn't want to separate them which Rāvaṇa did, hence she just wants to hear the words of protection from Kṛṣṇa.

Resting below Lord, Nīladēvī wears the black collyrium. Her eyes have made Bhagavān go insane for her. Like a fish which protects its eggs just with its eyes, so does Bhagavān protect his children. But if his eyes are keeping us alive, it's her eyes which keep him alive. Looking at her encapsulating eyes Kṛṣṇa says ""I cannot live without looking at this beauty even for a minute"". It looks as if she is not letting him get up or speak. Āṇḍāḷ beautifully quotes ""You are not ready to let your love wake up. You have entangled yourself with him, his will being yours and your will being his. You can never be away from him, always resting on his chest. Yet physically you still do not want to remain away from him, hence are you not letting him wake up O mother? Is it fair to your children like us who want him? You have monopolized him, he is yours. Please let us too near him. We are not here to separate you two like Rāvaṇa but here to serve you two as the divine supreme couple!"" She further continues saying ""This is not of your true nature. You are the divine mother filled with compassion alone. Ready to bestow anything asked for! You are known for your nature of easy accessibility, compassion and love. Please favor us and let us serve you two."" Lakṣmī is personification of compassion. She will bestow anything to her children from material wealth to Bhagavān himself. After all he is her treasury! When asked by Hanumān who was ready to crush rākṣasīs of Laṅkā, she bestowed protection on them as they internally had surrendered to her. Even without any explicit call she assured protection. Now Āṇḍāḷ asks to bestow the similar oppurtunity serve Kṛṣṇa to them. She being the Queen and divinity of Lord as stated by Śrī Sūktam, bestows all kind of pleasures to her children. The reference to Āṇḍāḷ asking for opportunity to serve the divine couple to Nīladēvī is beautifully captured by Rāmānujācārya in his Śaraṇāgati Gadyam where he calls her as a reflection of Lord with all attributes same as his, qualities same as his to bestow the opportunity to serve them and their devotees, to bestow the referral for Mokṣa.",Āṇḍāḻ,,Śrī Kṛṣṇa,"Viraha,Śaraṇāgati",1.19,Tiruppāvai
122,115,"முப்பத்து முவர் அமரர்க்கு முன் சென்று\
கப்பம் தவிர்க்கும் கலியே! துயிலைழாய்\
செப்புமைடயாய், திறலுைடயாய் செற்றார்க்கு\
வெப்பம் கொடுக்கும் விமலா! துயிலைழாய்\
செப்பன்ன, மென்மைல செவ்வாய் சிறுமரங்குல்\
நப்பின்னை நங்காய்! திருவே! துயிலைழாய்\
உக்கமும் தட்டெபாளியும் தந்துன் மண்ணனை\
இப்போதே எம்மை நீராட்டு ஏல் ஓர் எம்பாவாய்","muppattu mūvar amararkku mun śenṟu
kappam tavirkkum kaliyē ! tuyil ezāy
śeppam uḍaiyāy ! tiṟal uḍaiyāy
śeṭrārkku veppam koḍukkum vimalā ! tuyil ezāy
śeppanna men mulai ccevvāy cciṟu maruṅgul
nappinnai naṅgāy ! tiruvē ! tuyil ezāy
ukkamum taṭṭoḻiyum tandun maṇāḻanai
ippōdē emmai nīrāṭṭēlōr em pāvāy","O Puissant Warrior! How graciously you advance into the battlefield long before danger threatens, and stand in the forefront if only to rescue thirty-three crores of celestials from fear of their enemies! Pray, wake up! Of immense strength and great uprightness and absolute purity, you are by nature inclined always to give protection; and regarding the foes of your suppliants as your own enemies, you strike them with terror. We request you to wake up. O Nīladēvī, how perfect you are in beauty with breasts like gold tumblers and ruby nether lip (resembling the fruit of coccinia indica—doṇḍa, kovai), and slender waist! Pray, wake up! Full of perfection, you are equal to Lakṣmī. Do give us the fan and the mirror; and help us to bathe together with your lord, Śrī Kṛṣṇa.","Trying to wake up Kṛṣṇa now, the gopikās question him for lying down even after their call. They ask him, ""Will you only wake up and answer calls to the 33 devatās who come and seek your protection from asuras, daityas, and rākṣasas?"" Bhagavān exists in different states. The Pañcarātra texts split these states into 4 primary forms: Para, Vyūha, Vibhava, and Arcā. It is in the Vyūha rūpa that he stays as Kṣīrābdinātha, laying on the cosmic ocean. Here is where devatās come and seek his help. When Indra lost all wealth by the curse of Durvāsa, he and the 33 devatās—8 Vasus, 12 Ādityas, 11 Rudras, and the twins Aśvinī Kumāras—come and seek his help. From his advice, they churn the cosmic ocean yet face difficulty in taking Mount Meru from its position. It is Bhagavān with his Sudarśana cakra who removes the Meru and then carries it upon Garuḍa. Later, when the churning Meru is sinking without a base, again Bhagavān incarnates as Kūrma, letting the Meru churn. The devatās and asuras lose strength while churning, and it is Bhagavān who enters them and provides strength. Again, at the end, he is the one who brings the elixir, Amṛta, as Dhanvantari. When this Amṛta was stolen by asuras, he is the one who deludes them as Mohinī. In all instances, he protects the devatās. Hence, Āṇḍāl questions, ""Will you only listen to their calls? Are you going to wait for them to join us and call you? Won't you listen to us who have come here to serve you? The devatās sought your help for their own purposes, but we seek you to serve you, for you alone, yet why don't you listen to us? Have you vowed not to help us? Please awaken, O protector of all!""

Kṛṣṇa is known for his uprightness and purity. As he himself states in Bhagavad Gītā 9.20: ""samo'haṃ sarvabhūteṣu na me dveṣyo'sti na priyaḥ ye bhajanti tu māṃ bhaktyā mayi te teṣu cāpyaham,"" i.e., he doesn't hate anyone or hold anyone especially dear, yet those who have realized he is the source of all and surrendered to him, they reside in him and he resides in them. He is like the sun whose grace, in the form of sun rays, indiscriminately reaches everywhere. Due to our clouds of karma, we might sometimes be deprived of these rays, but when we remove the ignorance, his rays fall upon us. Hence, though he never discriminates and provides everyone what they deserve, he loves his devotees, especially the prapannas. Hence, he is pure and always protects his devotees. Āṇḍāl reminds Kṛṣṇa of his affection towards his devotees. When he entered the court of Hastināpura as a messenger from the Pāṇḍavas, the courtiers saw who he truly was! Later, when asked to stay in the palace, he replies by saying, ""It is improper to eat in the house of enemies or to feed enemies. Though I am a friend to all, you have enmity towards the Pāṇḍavas, who are my life and breath; hence you have gained my enmity too."" When Arjuna decides to kill Jayadratha for not letting Yudhiṣṭhira protect Abhimanyu, he vows that if he doesn't do so by sunset, he would enter the fires to perish. Kṛṣṇa, angered by Arjuna's impetuous action done in anger, advises him to be well prepared. The previous night, worried about Arjuna, he asks Sātyaki to prepare his chariot. He is ready to break his vow of not fighting to protect Arjuna. When Bhīṣma threatens Arjuna, an angered Kṛṣṇa picks up the chariot wheel, transforming it into Sudarśana, ready to slay Bhīṣma—he broke the vow for the sake of protecting Arjuna. Without a doubt, he loves his devotees incomparably. Now Āṇḍāl asks, ""Such is your nature, and hence you need to protect us and listen to us; please wake up!""

Seeing Kṛṣṇa still sleeping, the gopikās continue to pray to Nīlādevī. They beautifully describe her beauty. Her waist is thin as she desires nothing and is immersed in Bhagavān. But Kṛṣṇa too is in deep love with her. He rests on her bosom. Her two breasts represent the two states of bhakti: parā bhakti and parama bhakti. He has been captivated by her and would not move an inch without her permission. Her bosom is soft and has captivated him. Only when she lets him move from her captivating bosom is when he can awaken and listen to their plea. Hence, please wake up and awaken Kṛṣṇa too!

The gopikās seek Nīlādevī to grant them fan and mirror and arrange a bath for them with Kṛṣṇa. The bath represents total immersion with Kṛṣṇa by serving him. The fan dries sweat and provides relief. The 'Namaḥ' mantra provides the jīvātmā relief from sorrows of ahaṅkāra and mamakāra. On the other hand, the mirror shows the reflection. Similarly, the Praṇava mantra shows the svarūpa of jīvātmā—that it is the subservient of the Lord. Only when these three are granted is the jīvātmā eligible for mokṣa; hence they seek Nīlādevī to grant them.",Āṇḍāḻ,,Śrī Kṛṣṇa,Śaraṇāgati,1.20,Tiruppāvai
123,116,"ஏற்ற கலங்கள் எதிர்வபாங்கி மீதளிப்ப\
மாற்றாதே பால் வசாரியும் வள்ளல் வபரும் பகக்கள்\
ஆற்றப் பைடத்தான் மகேன! அறிவுறாய்\
ஊற்றுமைடயாய்! வபரியாய் உலகினில்\
வேதாற்றமாய் நின்ற கடேர! துயிலைழாய்\
மாற்றார் உனக்கு வலிவதாலந்து உன் வாசற்கண்\
ஆற்றாது வந்து உன் அடி பணியுமாவபாவல\
வபாற்றியாம் வந்தோம் பகழ்ந்து ஏல் ஓர் எம்பாவாய்","ēṭra kalaṅgaḻ edir poṅgi mīdaḻippa
māṭrādē pāl śoriyum vaḻḻal perum paśukkaḻ
āṭra ppaḍaittān maganē ! aṟivuṟāy
ūṭram uḍaiyāy ! periyāy !
ulaginil tōṭramāy ninṟa śuḍarē ! tuyil ezāy 
māṭrār unakku vali tolaindun vāśaṟ kaṇ
āṭrādu vandun aḍi paṇiyumā pōlē
pōṭriyām vandōm pugazndēlōr em pāvāy","O son of Nandagopa, guardian of countless mighty cows—those generous creatures whose udders overflow with milk, filling the pots beneath them without measure—awake! O embodiment of the Supreme, whose strength is extolled by the sacred scriptures, arise! O glorious protector, valiant and unwavering in your promise to shelter all who seek refuge, awaken from your divine slumber! You, who shine as a radiant form of effulgence in this world, hear us now. Just as your foes, subdued by your boundless valour, fall humbly at your feet in surrender, so too have we come—drawn by love, unable to remain apart. At your threshold we stand, yearning to sing your praise and offer our heartfelt benedictions.

","O son of Nandagopa, guardian of countless strong cows—those bountiful givers whose udders overflow with milk, filling every vessel to the brim—awake! O embodiment of the Supreme, whose might is upheld by the scriptures and whose radiance manifests even in the darkest corners of this world, arise! O valiant protector, ever ready to shelter the surrendered, wake from your divine rest. Just as your enemies, vanquished by your boundless valor, come humbly to your feet, so too have we—irresistibly drawn by love—gathered at your threshold to sing your praises and offer our benedictions.

Andal, in calling you the son of Nandagopa, presents more than a familial identity. She reveals a profound truth: Nanda represents the Acharya—the spiritual preceptor—through whom one gains access to the Divine. Without the Acharya’s grace, one cannot approach Bhagavan, let alone attain liberation. In likening Nanda to the owner of countless cows, Andal alludes to the boundless virtues of an Acharya—rooted in the Vedas—foremost among them being the eagerness to share spiritual knowledge the moment a disciple yearns for it, just as cows pour forth milk when pots are placed beneath them. Acharyas spiritual genius and influence are immense. Like Nanda’s cows—too numerous to count—their qualities are infinite, just as one cannot number the virtues of Sri Rama, the incarnations of the Lord, or the births of sentient beings. Even Krishna takes pride in this connection, preferring to be known as Nanda’s son, for the wealth of spiritual richness it represents. Though He is the Supreme, He chooses to descend among the cowherds, delighting in their simple devotion. The gopikas remind Him that His birthright and heritage are theirs too, and the abundance He has inherited should be for their protection—not to lull Him into slumber. Once He awakens, all sorrow dissolves; and if sorrow persists, the blame would be His alone. Thus, they call out to Him, urging Him to rise, that their longings may be fulfilled.

The five attributes of Nandagopa—his vigilant protection, noble leadership, generous charity, great strength, and possession of infinite cows—mirror the fivefold glories of an Acharya: his deep love for the Lord whom he blesses as if in need of protection; his inability to keep spiritual bliss to himself, sharing it freely; his transmission of mantras that lead to realization; his power to overcome spiritual obstacles; and his eloquence that lights the way for countless disciples. These disciples, in turn, become vessels of wisdom, just as the cows of Nanda nourish without end. The gopikas further affirm that this Divine Being, Krishna, is no ordinary child but the very Paratattva—the Supreme Reality—firmly established on the highest authority, the Vedas, which are not of human origin and hence immune to error. The strength of the Supreme lies in being supported by such flawless testimony. Inferential logic falters, but the Vedas remain unshakable, eternal, and pure—united in declaring Krishna to be none other than Srimannarayana. Though He transcends thought and speech, He reveals Himself by grace to those who seek Him, appearing in flesh and form for the benefit of the world.

So the gopikas exclaim: Ottamudaiyay! Periyay!—“O One founded on the strongest truth! O One of unmeasurable greatness!” The Vedas, trying to grasp His vast bliss, confess defeat: words and mind alike turn back. Yet, by His own will, this Effulgence emerges in the world—Ulaginil toṭṟamāy ninṛa sudarē!—taking human form, not due to karma but out of compassion. Though amidst the fallen world, He remains unsullied, shining even brighter. His greatness is such that even His partiality to devotees causes His enemies, like Śiśupāla and Duryodhana, to scorn Him. But for those who understand, this same favoritism becomes the gateway to grace. Even as a charioteer or envoy, Krishna embraces servitude for the sake of His devotees—showing that His compassion is His crowning glory. To ignore such excellence would diminish His own virtues, and so the gopikas urge Him to awaken, lest those qualities be defiled by inaction.

They declare: “Like your enemies, who surrender at your feet after defeat, we too come—overcome not by fear but by your beauty, mercy, and charm. Our sins are as grave as theirs; our distance from you as deep. But unlike them, we come not for gain, but to sing your greatness. We’ve tried all else, failed, and now stand surrendered, hearts broken by your attributes.” Just as Kāka Asura, unable to escape, returns to Rama for protection, so too do the gopikas confess: “We are no better than Rāvaṇa, filled with pride and blindness. Yet now, we relinquish all notions of ‘I’ and ‘mine,’ and submit at your feet.” Though true surrender requires complete dependence and no initiative, the gopikas, like Sita awaiting Rama, break from protocol—drawn irresistibly to Krishna’s grace. They know their coming is forbidden, yet they come nonetheless, for their hearts have been captured by His virtues. They confess: “We, who should not have come, have come—like the enemies who surrender out of necessity, but we, out of love. Even if we perish, let your glory shine.” Like the Āḻvārs, they seek no return to their old lives of ego and bondage, but wish only to remain near Him, forever praising the One who was, is, and always will be their eternal refuge.",Āṇḍāḻ,,Śrī Kṛṣṇa,,1.21,Tiruppāvai
124,117,"அங்கண் மா ஞாலத்து அரசர் அபிமான\
பங்கமாய் வந்து நின் பள்ளிக் கட்டிற்கேழு\
சங்கமிருப்பார் வபால் வந்து தைலப்பெய்வோம்\
கிண்கிணி வாய்ச் செய்த தாமனரப் புப்போவல\
வசங்கண் சிறுச் சிறிவத எம்வமல் விழியாவோ\
திங்களும் ஆதித்தியனும் எழுந்தாற்வபால்\
அங்கண் இரண்டுங்கோண்டு எங்கள் கேல் கேராக்கதியல்\
எங்கள் கேல் சாபம் இழிந்து ஏல் ஓர் எம்பாவாய்","aṅgaṇ mā ñālattaraśar
abimāna paṅgamāy vandu nin paḻḻikkaṭṭiṟ kīzē
śaṅgam iruppār pōl vandu talai ppeydōm
kiṅgiṇi vāy cceyda tāmarai ppū ppōlē
śeṅgaṇ śiṟu cciṟidē emmēl viziyāvō
tiṅgaḻum ādittiyanum ezundāṟ pōl
aṅgaṇ iraṇḍum koṇḍeṅgaḻ mēl nōkkudiyēl
eṅgaḻ mēl śābam izindēlōr em pāvāy","Just as mighty kings, once rulers of vast and resplendent realms, abandon their pride—believing no force could surpass their own—and humbly gather before the throne of a conquering emperor, so too have we assembled in great numbers beneath your divine seat of glory, our ego utterly broken, our arrogance cast aside. We come not as subjects, but as surrendered souls, yearning for your mercy.

O Lord, gently part your eyes—those lotus-like eyes, half-open like the tender lips of a blossoming bell, blushed with the warmth of your compassion. Let them fall upon us with kindness. If those divine eyes, shining like the sun and the moon rising together in the firmament, were to glance our way, even the heaviest burdens of karma, once fastened to our fate like an unshakable curse, would dissolve and disappear—unable to withstand the brilliance of your gaze.","Just as kings who once ruled vast and splendid realms abandon their pride and kneel before the triumphant emperor, so too do we, stripped of ego and humbled, gather beneath your divine seat. Though rulers of their lands, those kings forget that the Supreme alone is the true possessor, while they are but dependent souls feigning dominion. So also are we—individual selves mistakenly believing in our own independence—now returning to your feet, realizing we are yours alone, like queens surrendering before the one true King.

From Brahma to the lowliest ant, all beings suffer from the same delusion: that what they see, feel, or command belongs to them. Yet their positions—earned by karma and gifted by grace—are but roles in a play designed by the Lord. The more one clings to ego, the deeper the sorrow becomes. Only when this conceit collapses can the soul draw near to the Supreme. Even Brahma, blessed by divine births, attains liberation only after long penance and divine mercy. But the humble, with no possessions to surrender, reach God with ease, for they have always believed all belongs to Him.

The gopikas mirror these humbled kings. They leave behind the pride of femininity and gather not before a throne, but beneath Krishna’s couch—seeking not restoration but refuge. They fear returning to worldly roles, lest others misread their silence as independence. Instead, they choose to remain together at His feet, proclaiming their belonging by their closeness. Like Bharata, who faints at being called a king, they refuse titles and roles that separate them from Him. Togetherness beneath the Lord’s gaze is their only desire.

They wonder how, after countless births and estrangement, they now find themselves near Him. Like the Emperor’s son raised by hunters who discovers his true heritage, they awaken to their natural kinship with Krishna. Karma had hidden it; now grace reveals it. Their long journey back to Him—slow, subtle, and blessed—unfolds like a miracle. Like Hanuman, a monkey entrusted with divine service, they marvel at the union of the lowly with the Lord.

Now, exhausted by separation, they beg for a tender, gradual glance. They compare His half-open eyes to the shy bloom of a lotus or the gentle lips of a bell, asking for His mercy to arrive like gentle rain after a drought. Sudden grace may overwhelm their fragile hearts—let it come slowly, nourishing them like starved souls fed with care. For in those eyes—half-open with mercy, glowing red with love—they find the healing of all sorrow, the end of all curses, and the dawn of bliss in union with the Supreme.",Āṇḍāḻ,,Śrī Kṛṣṇa,Paratattva Anubhavam,1.22,Tiruppāvai
125,118,"மாரிமலல முலழஞ்சில் மன்னிக் கிடந்து உறங்கும்\
சீரிய சிங்கம் அறிவற்றுத் தீவிழித்து\
கேவரி மயிர்ப்பொங்க எப்பாடும் கேபர்ந்து உதறி\
மூரி நிமிர்ந்து முழங்கிப் பறப்பட்டுப்\
கேபாதருமா கேபாகேல நீ புலவப் புவண்ணா உன்\
கேகாயில் நின்று இங்ஙகோ கேபாந்தருளி, கேகாப்புலடய\
சீரிய சிங்காசனத்திலிருந்து, யாம் வந்த\
காரியம் ஆராய்ந்து அருள் ஏல் ஓர் எம்பாவாய்","māri malai muzaiñjil manni kkiḍanduṟaṅgum\
śīriya śiṅgam aṟivuṭru ttī vizittu\
vēri mayir poṅga eppāḍum pērndudaṟi\
mūri nimirndu muzaṅgi ppuṟappaṭṭu\
pōdarumā pōlē nī pūvaippū vaṇṇā\
un kōyil ninṟiṅṅanē pōndaruḻi\
kōppuḍaiya śīriya śiṅgāśanattirundu\
yām vanda kāriyam ārāyndaruḻēlōr em pāvāy","Like the lion who, after resting motionless in his mountain cave through the long monsoon, suddenly awakens—his eyes fierce and scanning the forest, his mane bristling, his limbs stretching wide—he shakes his mighty frame, roars aloud, and strides out, majestic and unstoppable— So too, O Lord, whose radiant form mirrors the deep blue hue of the ātasi flower, do arise from your divine repose. Step forth from your sacred abode, where time itself seems to pause in reverence, and ascend your peerless throne, the seat graced by endless celestial associations. Let your movements stir the very core of creation. Let your eyes fall upon us as the lion surveys his domain—not with wrath, but with the command of a guardian awakened. And then, we pray—listen. Lend your ear to our lowly yet earnest voices. We, who have waited, who have yearned, stand gathered at your gate, hoping that the King of kings might hear our call.","The lion, that has long lain asleep in his mountain-den during the rainy season, slowly begins to emerge. This monsoon season—chāturmāsya kāla—is not merely a meteorological period, but a sacred juncture for kings, poets, lovers, and ascetics. During these four months, wandering mendicants (yatis) stay in a fixed place and engage in deep meditation, undertaking the vow of chāturmāsya dīkṣā. Lovers separated by distance are tormented by longing, while poets, stirred by the cloud-filled skies, give birth to inspired verse. Kings suspend martial activities as roads vanish beneath rainwaters, and even enmities seem to dissolve.

It is said that during this time, Śrīmannārāyaṇa enters yogic slumber in His heavenly abode, Vaikuṇṭha. Lions, abandoning the hunt, retreat to their dens with their mates to rest. Śrī Rāma, though anguished by separation from Sītā, assists Sugrīva by slaying Vāli, only to spend the monsoon in the Malyavat mountains alongside Lakṣmaṇa, waiting for the season to pass. Sugrīva, reunited with his kingdom and his wife, loses himself in pleasure, forgetting his debt to Rāma. Rāma, beholding the rainclouds, is overcome with grief, thinking of His distant beloved.

The raincloud, symbolizing both hope and melancholy, has captivated sages like Vālmīki, Kālidāsa, and Śūdraka. In Kālidāsa’s Meghadūta, the cloud is animated as a loving messenger. This season signifies the transition from summer to winter, bringing inner and outer fertility—nourishing harvests and awakening the milk of cows. But alongside this physical rain lies another rain—an inner, spiritual shower. Śrī Yāmunācārya describes this as follows: “aviveka-ghaṇāndha digmukhe, bahudhā santata-duḥkha-darśini,
Bhagavan bhava-durdine pathitaṁ, mām avalokaya acyuta!” Ignorance, the thick cloud of aviveka, blinds the soul, causing it to drift in all directions, unable to discern its path. This ignorance rains down endless sorrow upon the jīva, binding it in saṁsāra. The gopikās, feeling like wanderers lost in torrential rain, plead for the Lord’s compassion to show them the path of liberation.

But there is another, redemptive rain: the downpour of divine grace (anugraha), rising from the waves of the ocean of His mercy, blown by the wind of compassion. This divine shower alone can save us. As sentient beings are tossed about on the sea of saṁsāra, it is God, out of sheer mercy, who rescues them. In both creation and dissolution, His grace operates—drawing the universe into Himself, filling all space, and entering into deep yogic sleep, like the lion in the mountain-cave. During pralaya, all beings—great or low—merge into Him. He shines silently in the cavern of the Vedas, veiled from manifest perception. In that undivided state, there is nothing distinct from Him. As the Upaniṣads declare: “sa devah asīd ekam eva advitīyam” – That Deva alone was, One without a second.

Just as the lion lies unseen in his den, the Supreme rests in a state far beyond comprehension. Yet, this state is not inert; it is alive with potential, with all of His auspicious attributes latent within. Dharma, the Supreme itself, is the means of abhyudaya (temporal progress) and niḥśreyasa (eternal beatitude). The Vedas declare that the essence of Dharma lies hidden in a cave: “dharmasya tattvaṁ nihitaṁ guhāyām.” This truth is subtle, elusive, and perceptible only through intense effort. As Sage Bharadvāja once saw the Vedas as towering mountains, so too is the Supreme veiled—its glory only revealed through persistent seeking.",Āṇḍāḻ,,"Śrī Kṛṣṇa,Narasiṃha",Parākrama Anubhavam,1.23,Tiruppāvai
126,119,"அன்று இவ்வலகம் அளந்தாய் அடகேபாற்றி\
கெசன்றங்குத் தெதன்னிலங்கக கெசற்றாய் திறல் கேபாற்றி\
கெபான்றச் சகடமுலத்ததாய் பகழ் கேபாற்றி\
கன்று குணிலா கெவறிந்தாய் கழல் கேபாற்றி\
குன்று குலடயா கெவடுத்தாய் குணம் கேபாற்றி\
கெவன்று பலக கெகடுக்கும் நின்லகயில் கேவல் கேபாற்றி\
என்கிறன்றுன் கேசவகேம ஏத்திப் பலற கெகாள்வான்\
இன்றுயாம் வந்தேதாம் இரங்கு ஏல் ஓர் எம்பாவாய்","anṟivvulagam aḻandāy aḍi pōṭri
śenṟaṅgu tten ilaṅgai śeṭrāy tiṟal pōṭri
ponṟa ccagaḍam udaittāy pugaz pōṭri
kanṟu kuṇilā eṟindāy kazal pōṭri
kunṟu kuḍaiyāy eḍuttāy kuṇam pōṭri
venṟu pagai keḍukkum nin kaiyil vēl pōṭri
enṟenṟun śēvagamē ētti ppaṟai koḻvān
inṟu yām vandōm iraṅgēlōr em pāvāy","Blessed be Thy divine feet, O Vāmana, with which Thou didst measure the three worlds—received as alms from King Mahābali, who, though possessing what was not his, caused distress to the amṛtas. Blessed be Thy strong and mighty arms, O Rāghava, with which Thou didst shatter the walls of Laṅkā, burn its splendid mansions, and destroy Rāvaṇa and his army for abducting Sītā Devī. Blessed be Thy wondrous glory, O Kṛṣṇa, when as a child, with an effortless stretch of Thy foot, Thou didst crush the demon lurking in the cart, which turned from protector to threat. Blessed be Thy sturdy legs, planted firm—one forward, one behind—when Thou hurled the demon-possessed calf upon the wood-apple tree, felling both in a single act. Blessed be Thy compassion, revealed in lifting Govardhana as a great umbrella to shield the gopas and cows from the thunderous storm Indra unleashed in his anger at being denied worship. Blessed be Thy divine discus, the Vēlāyudha, which in Thy hands whirls as the remover of obstacles and the vanquisher of foes. We have come to celebrate these valorous deeds and receive from Thee the parai, the sacred drum of our nōnpu. May Thou, O Lord, accept our devotion and grant our prayer.","This pāsuram opens with aṉṉiṟu—“then”—pointing to the time when Śrī Vāmana, the dwarf-incarnation, stretched his foot across the universe, humbling the pride of Mahābali. It concludes with iṉṟu—“now”—referring to the present moment when the gopikās lovingly impose strain upon the divine feet of Kaṇṇaṉ (Kṛṣṇa) by their service. These two instances—then and now—are equal in intimacy and reverence for the devotees. In three key pāsurams (3, 17, and 24), Āṇḍāḷ glorifies the Trivikrama avatāra, revealing its intimate relation to the accessible and enchanting avatāra of Kṛṣṇa. Vāmana’s act of laying claim to the universe without distinction, irrespective of people's desire or worthiness, mirrors the irresistible charm of Kṛṣṇa that pulls the gopikās to Him, shedding social norms, familial restraint, and personal pride (naṉṉeñjam, feminine propriety). The same divine feet that crushed the ego of Mahābali now trample upon the vanity of the gopikās' womanly pride.

Mahābali’s fall represents the human soul's (jīvātmā’s) egoistic bondage, forged through identification with prakṛti (primordial nature). He imagined himself the lord of the worlds, mistaking his transient ownership and actions as independent of Īśvara’s will. By placing His divine foot upon Bali, the Lord demonstrated that all possessions, power, and very selfhood (ahaṅkāra) are to be surrendered at His feet. In that act of subjugation, there were no contemporaries to celebrate or sing pōṟṟi (praise) for those divine feet. Now, as the gopikās see themselves freed from the grip of bodily pride and feminine hesitation by surrendering to Kṛṣṇa’s feet, they recall Trivikrama’s act and redeem that forgotten moment of glory by singing benediction. Pōṟṟi kaḷaḷaṭikaḷ!—Blessed are those tender yet all-encompassing feet!

Āṇḍāḷ, the daughter of Periyāḻvār, inherits his bhakti tradition of pallāṇḍu—auspicious benedictions. When Periyāḻvār was granted vision of the Lord during his royal court debate, he instinctively began to sing Pallāṇḍu pallāṇḍu! fearing an evil eye may fall upon the Lord. So too, Āṇḍāḷ begins this verse with pōṟṟi pōṟṟi—singing the auspiciousness of Kṛṣṇa’s limbs and deeds, especially His feet. She poetically feels that even when Vāmana sanctified the cosmos with His divine touch, no one was there to celebrate that act. Thus, the gopikās take it upon themselves to offer that missing maṅgalaśāsanam. Vāmana’s soft, lotus-like feet, so delicate that even Śrī and Bhū Devīs feared touching them lest they become sore, trod upon the rough, stone-laden earth with grace and compassion. Yet the very earth, dull and ungrateful, failed to rejoice or even recognize the sacred contact. Still, He claimed it all in silent, sovereign love.

This indifference did not bother Trivikrama; He stood above all, unshaken. Bali sulked, having lost his kingdom. Śukrācārya tried in vain to stop the offering. The devas, reclaiming their realms, departed without offering gratitude. No one offered even a simple pōṟṟi to those aching, divine feet. The gopikās, feeling anguished by this oversight, now amend it. Kaḷaḷ pōṟṟi!—let those divine feet be praised! Through this, Āṇḍāḷ not only praises the act but the Lord’s unfathomable saulabhya (accessibility), His readiness to endure for the sake of reclaiming the jīvātmā. His act of measuring the worlds was not just conquest—it was a reclamation, a gesture of affection, even when unrecognized. And yet, He did not pause for thanks; instead, He carried out the act for dharma, for re-establishing rightful order. The gopikās, unlike the others, understand this and sing with full heart.

In Trivikrama’s feet, the gopikās see the essence of śaraṇāgati—surrender. For them, it is not a historical act but a present, living experience. The pride that Mahābali bore is not unlike the pride they see subdued within themselves. The yearning they carry is not simply to praise, but to prevent harm—to guard those limbs from any evil, any fatigue, any oversight. And so they sing, not once, but again and again, in a mad repetition born out of love, fear, and devotion. They internalize pōṟṟi as not a formality but a sacred, essential act—protective, possessive, and devotional. It is their natural tongue, their nāma, their lifeline. As Periyāḻvār could not stop with a single pallāṇḍu, Āṇḍāḷ too cannot refrain from her cascade of pōṟṟi.

This is not literary; this is lived bhakti. The gopikās’ glorification of Trivikrama's feet is not just remembrance—it is re-experiencing. It is an act of love where each pōṟṟi carries within it a shield, a flower, a tear, a touch. Their glorification stems not from witnessing, but from identification. They do not view the Lord's actions from afar but step into it—feeling His pain, carrying His strain, and rejoicing in His compassion. They offer benediction not as spectators, but as intimate ātmābandhus—souls entwined with the Divine. And thus, they begin the hymn with what was once left unsaid: Pōṟṟi kaḷaḷaṭikaḷ—blessed be those divine feet that once walked the worlds, and now walk into our hearts.
",Āṇḍāḻ,,"Śrī Kṛṣṇa,Vāmana-Trivikrama,Śrī Rāma","Śaraṇāgati,Parākrama Anubhavam",1.24,Tiruppāvai
127,120,"ஒருத்தி மகனாய்ப் பிறந்து ஓர் இரவில்\
ஒருத்தி மகனாய் ஒளித்து வளர\
தரிக்கிலான் ஆகித்தான் தீங்கு நிலனத்த

கந்தைதப் பின்றுபித்துக் கஞ்சன் வயிற்றில்\
வந்துப்பின்ன நின்ற வந்துமாவே உள்ளன\
அந்தத்தித்து வந்தோம் பைற தந்தியாகில்\
திந்தத்தக் வசல்வமும் வசவகமும் யாம்பாட\
வந்தத்தும் தீர்ந்து மகிழ்ந்து ஏல் ஓர் எம்பாவாய்","orutti maganāy ppiṟandu
ōr iravil orutti maganāy oḻittu vaḻara
tarikkilān āgi ttān tīṅgu ninainda
karuttai ppizaippittu kkañjan vayiṭril
neruppenna ninṟa neḍumālē
unnai aruttittu vandōm paṟai tarudi yāgil
tiruttakka śelvamum śēvagamum yām pāḍi
varuttamum tīrndu magizndēlōr em pāvāy","O Kṛṣṇa! To fulfil the wish of peerless Devakī-devī to bear Bhagavān as her son, you were born to her, bearing the conch (śaṅkha), discus (cakra), mace (gadā), and lotus (padma) in your four arms. Yet, that very night, you became the son of glorious Yaśodā, who alone was blessed to bind, chastise, and delight in your divine līlās.

Growing up in secret at Vṛndāvana, you thwarted every wicked plot of Kaṁsa and destroyed the one who sought to destroy you. Ever compassionate to those who seek refuge, we too come to you, desiring nothing but your grace. If pleased, grant us the parai.

Our weariness melts into bliss when we sing of your unmatched wealth—coveted even by Lakṣmī—and your countless heroic deeds.","Kṛṣṇa, though born to Dēvaki, the illustrious queen of Mathurā, did not remain even for a full night with her. That same night, under the weight of divine ordainment, he was transferred to Gokula to become the foster-son of Yaśōdā, the cowherdess of unparalleled fortune. The Āḻvārs and ācāryas refer to both these exalted women as orutti—""a woman""—not out of disregard, but out of deep reverence. According to traditional etiquette, one avoids naming the most sacred persons directly, choosing instead such respectful circumlocutions. Dēvaki was the womb that bore the Para Brahman—ēkam ēva advitīyam—without undergoing any change herself, making her utterly unique among all mothers in the cosmos. She bore in her womb not a jīva with karma, but the Kāraṇa bhūta—the Supreme Cause of all creation.

Yet, it was Yaśōdā who received the full sweetness (mādhurya) of the Lord’s vātśalya-līlā, his childhood pastimes. While Dēvaki had the privilege of giving birth to the Supreme Lord in his divya-mūrti, it was Yaśōdā who got to nurse, scold, cajole, and even bind him. She played with him, bathed him, dressed him, and watched him grow—privileges denied to even the devas. Though Kṛṣṇa was born of Dēvaki, he never cried in her arms nor drank her milk. He first expressed his human behavior—crying, suckling—only after reaching Yaśōdā. Hence, even Kṛṣṇa himself regarded Yaśōdā as his true mother and addressed Nanda as his father, stammering the words “adē appā” when asked by villagers.

His descent was marked by utmost secrecy. He who is beyond time and space entered time during that unique, transcendent night—a night like no other—when Yamunā parted, chains broke, and Ādiśeṣa bore him across to safety. That divine night, oriravu, is described as “without a second” just like Dēvaki and Yaśōdā are “without equals.” The Supreme descended, bearing the symbols of his transcendence—śaṅkha, cakra, gadā, and padma—and yet, subjected himself to the distress of secrecy and exile, for the sake of his devotees. The joy of birth, the celebration due to Dēvaki and Vasudēva, was denied. There was no grand cradle ceremony, no open celebration—just silence and hiddenness. For the Lord’s avatāra is not merely a spectacle—it is an act of anugraha (grace) and anubhava (intimacy).

Kaṁsa, the embodiment of ahaṅkāra (ego), could not bear the very thought (ninaindu) of the Lord. Though he never saw Kṛṣṇa directly, he was agitated upon hearing of him through Nārada, just as the ego trembles at the truth of the Self. This isn’t merely mythic villainy—it reflects the internal struggle of the bound jīva, which resists the divine within. Kaṁsa devised numerous cruel plans to thwart destiny, sending asuras like Pūtanā, Śakaṭāsura, and Tṛṇāvarta—all reflections of various inner obstructions to bhakti. But Kṛṣṇa, out of compassion for his devotees, consumed that very fire of fear and redirected it into Kaṁsa’s heart. What once tormented Yaśōdā and the gopikās was turned into Kaṁsa’s own internal agony. The Lord, like Anjanēya who used Sītā’s grief to burn Laṅkā, transformed the anxiety of his devotees into Kaṁsa’s demise.

The gopikās, aware of this entire sequence of divine acts, say “unnai aruṭṭittu vāndōm”—“We have come here desiring only you.” Not your miracles, not your protection, not even parai (the ritual drum). Their bhakti is ananya—exclusive, unswerving. They seek not reward, nor relief, nor ritualistic outcomes—but the Svarūpa (essential being) of the Lord himself. Their act of coming—through night and dew, forsaking modesty and societal censure—demonstrates that their prīti (affection) surpasses even his dayā (compassion). If he has descended from Vaikuṇṭha for their sake, they too have left behind every comfort and identity just to be with him. Their bhakti is not transactional—it is pūrṇa, complete.

When questioned about the parai, they gently clarify: “We will receive it only if it is your will. We do not ask—your will alone matters.” This reflects the viśuddha-sattva nature of true devotion. Even if Kṛṣṇa offers something they hadn’t sought, they will accept—not out of desire, but obedience and surrender. Asking would imply agency; receiving with humility reflects the śaraṇāgati tattva.

And in the final lines, they assert: “tiruttakka selvamum, śrīvagamum, yam paṭi varuttamum, tīrndu magiḻndu”—“We are relieved of every strain and filled with bliss by singing your glory and magnificence, which even Lakṣmī herself desires.” His aiśvarya (opulence) and vīrya (valour) are such that even Śrī Lakṣmī, the goddess of wealth and prosperity, seeks shelter in him. Kṛṣṇa is not merely Śrī-nātha (consort of Lakṣmī)—he is Śriyah Śrīḥ—the wealth of Lakṣmī herself. His bhāgyam (fortune) is self-existent, inexhaustible, and ever-fresh. Singing about such a Lord removes not just fatigue, but even the trace of grief (duḥkha). Just as nāmasankīrtana (Pundarīkākṣa-nāma-saṅkīrtana) is the sustenance (pāṭhēya) for the spiritual journey, their song has become their bliss.",Āṇḍāḻ,,Śrī Kṛṣṇa,Parākrama Anubhavam,1.25,Tiruppāvai
128,121,"மாவே! மணிவண்ணா மார்கழி நீராடுவான்\
வேலையார் வசய்வனகள் வேண்டுவன வகட்டுவல்\
ஞாலத்தைதவில்லாம் நடுங்க முரல்வன\
பாலன்ன வண்ணத்துள் பாஞ்சன்னியவே\
வபால்வன சங்கங்கள் வபாய்ப்பாடு உல்லவனவே\
சால்ப்வபநம் பைறவே பல்லாண்டு இனசப்பாவர\
வகால விளக்வக வகாடுவ விதானவே\
ஆவின் இனலயாய் அந்நா ஏல் ஓர் எம்பாவாய்","mālē ! maṇivaṇṇā ! mārgazi nīr āḍuvān
mēlaiyār śeyvanagaḻ vēṇḍuvana kēṭṭiyēl
ñālattai ellām naḍuṅga muralvana
pālanna vaṇṇattun pāñjajanniyamē
pōlvana śaṅgaṅgaḻ pōy ppāḍuḍaiyanavē
śāla pperum paṟaiyē pallāṇḍiśaippārē
kōla viḻakkē koḍiyē vidānamē
ālin ilaiyāy ! aruḻēlōr em pāvāy","O Lord, deeply fond of your devotees and radiant like a flawless nīla-maṇi! You, who made the impossible possible by resting within a tender fig leaf—compressed, yet complete—we have come to you, intent on performing the Mārgaśīrṣa bath, as done by our noble ancestors and learned sages. If you would graciously listen, we shall present our requests: grant us śaṅkhas white as milk, echoing like your Pañcajanya, and paṣai drums—grand and thunderous—along with groups of singers devoted to your praise.","The gopikās, consumed by their own love, begin to realize that Kṛṣṇa’s affection for them is even more intense—deeper and more boundless than their own. Unlike their wavering emotions, his is vast like an ocean. So great is his fondness that it leaves him paralyzed in their absence—unable to even act to reunite with them. They, however, manage to initiate the vratam, taking effort to reach him, while he remains frozen in longing. As they awaken him, they discover not the distant, absolute God they earlier praised as Nārāyaṇa or Devadeva, but one whose true nature is defined by overwhelming compassion for his devotees. He is malē—the embodiment of affectionate fondness.

Across the epics, the Lord’s defining quality is love for his devotees. Śrī Rāma protected even Vibhīṣaṇa, Ravana’s brother, not out of duty but from joy. When Hanumān tells him of Sītā’s state, Rāma mourns that he cannot live even a moment without her. Similarly, Kṛṣṇa, out of love for the Pāṇḍavas, takes up roles unbecoming of a Supreme Being—a charioteer, a messenger—just to serve them. In truth, the Lord’s efforts to reach the Āḻvārs and his devotees surpass even their efforts to reach him.

Even his birth and upbringing among the cowherds is not merely divine leelā; it’s a secret mission, not just to escape Kaṁsa, but to avoid separation from the gopikās. He appears as one maddened with love, pulling them into the same divine madness. They see the signs of this madness in his very form—his look, his stillness, his helpless gaze. When questioned, “How do you know I love you?” they reply, “Your form does not lie—it reveals the truth within.” They address him as Manivanna—one whose complexion shines like a blue sapphire. Just as an object placed in a jewel box reflects through the jewel’s surface, his inner fondness radiates outward through his form. Even Śrī Lakṣmī is captivated, making his chest her eternal home. His form is so beautiful that people love him even if he rejects or torments them. Like a rare gem, his very nature and luster make him invaluable, precious, and worthy of devotion.

A gem is cherished by its owner, bringing life to them and prestige in society. Likewise, those who possess Kṛṣṇa are deemed alive, and the world respects them. The gem's worth is known only to those who understand its value—so too, only those who realize the true nature of God recognize his infinite worth. He, like the gem, is for others, not for himself. The one who has him desires nothing else. Hence, the gopikās fittingly address him as Manivanna. When asked about their visit, the gopikās say they seek ritual materials for the Mārgazhi bath. While its surface intention is for public welfare (rains), its deeper intent is communion with Kṛṣṇa. Though they have already surrendered to him, they still undertake this ritual—so that others, observing them, do not abandon faith or scriptural practices. Their worship becomes not obligation but kainkaryam—consecrated service.

Kṛṣṇa questions: Is this rite prescribed by the Vedas? The gopikās reply—it is rooted in ancestral tradition (ācāra), which the Dharmaśāstras uphold as greater than scriptural injunctions. The words and practices of those firmly established in dharma are the highest authority. Even Kṛṣṇa, in the Gītā, affirms that the world follows the great man’s conduct—so their practice stands as pramāṇa. The gopikās emphasize that they aren’t versed in ritualistic Vedic practices like animal sacrifice. They are cowherds, grounded in lived tradition. Their ancestors revered Kṛṣṇa as Nārāyaṇa and passed on the conviction that only he can grant the parai (drum of fulfillment). Hence, they seek not just mantras, but the dwaya-mantra—passed down and sanctioned by practice. Scripture confirms what tradition already lives.

They now offer to share their list—if Kṛṣṇa would listen. But he, mesmerized by their beauty, is lost in admiration. Noticing this, they gently rebuke him—“You are feasting on us with your eyes while we are still famished, waiting to feast on your form, words, and presence.” They seek mutual enjoyment, not one-sided. They urge him to awaken from this trance and truly listen to their needs. The first item they request is a conch—white as milk, thunderous in sound, and resembling Kṛṣṇa’s own Pāñcajanya. This conch, which once struck fear in Kurukṣetra and joy in Rukmiṇī’s heart, must now awaken the spiritual earth—the prakṛti—to release them from bondage. The conch symbolizes praṇava (Oṁ), which awakens the knowledge that the jīva belongs solely to God, cutting ties with nature and ego.

Next, they ask for large drums (parai), hollow and loud—symbolizing the word namah (“not mine”). It teaches the jīva that all action is God’s, and that the self is merely his instrument. This humility—rejection of doership—is essential to liberation. The drum, worn on the chest, echoes the centrality of “namah” in the tirumaṅtra. They request devotees to sing benedictions (pallāṇḍu) as they proceed—saints who lovingly fear for the devotees’ well-being. More than God himself, the gopikās seek the company of such saints. Fellowship with devotees not only protects but ensures union with Kṛṣṇa. The lamp they ask for represents the knowledge that they belong to such saints. Just as light reveals and guides, this conviction reveals their true path—one of belonging, not autonomy. Even Lakṣmī is this light—she shows that it is through her grace one reaches Nārāyaṇa. They request a flag and canopy. The flag—visible from afar—symbolizes consecrated service that announces one’s allegiance to the Lord. The awning protects from the dew of bhoktṛtva buddhi—the egoistic sense of enjoying service rather than offering it selflessly. This dew, if unchecked, tarnishes the soul’s natural ornament—service born of surrender.

Through their requests, the gopikās have asked for: (1) knowledge of belonging to God (śeṣatvam), (2) dependence on Him (pāratantryam), (3) company of devotees, (4) conviction of belonging to saints, (5) consecrated service, and (6) elimination of egoistic enjoyment. These are the six limbs of prapatti—the complete surrender that alone brings God. Finally, they invoke his cosmic form—the infant on the fig-leaf floating during the Pralaya. If that Kṛṣṇa, the womb of the universe, could lie upon a leaf with all worlds in his belly, surely granting these ritual materials is no feat. His omnipotence (aiśvarya) and intimacy (sauśīlya) converge in the accessible form before them. All that is needed is his mercy (aruḷ). With this last appeal, they seal their surrender.",Āṇḍāḻ,,Śrī Kṛṣṇa,Soulabhyam,1.26,Tiruppāvai
129,122,"கடானர வெல்லும் சீர்க் வகாவிந்தா உன் தன்னைப்\
பாடு பைற வகாண்டு யாம் வபறு சம்மானம்\
நாடு பகஞம் பரிசினால் நன்றாக\
தடகவே வதாள் வைளவேய வதாவே வசவிப்புவே\
பாடகவே என்றனைய பல்கலனும் யாம் அணிவவாம்\
ஆனட உடுப்போம் அதன் பின்னேன பாற்வசாறு\
முட வநய் வபய்து முழுங்கை வழிவார\
கடியிருந்து குளிர்ந்து ஏல் ஓர் எம்பாவாய்","kūḍārai vellum śīr kōvindā !
un tannaippāḍi ppaṟai koṇḍu yām peṟu śammānam
nāḍu pugazum pariśināl nanṟāga
śūḍagamē tōḻ vaḻaiyē tōḍē śevi ppūvē
pāḍagamē enṟanaiya pal kalanum yām aṇivōm
āḍai uḍuppōm adan pinnē pāl śōṟu
mūḍa ney peydu muzaṅgai vazivāra
kūḍi irundu kuḻirndēlōr em pāvāy","O Govinda! You, whose auspicious attributes are ever-abundant, are the destroyer of those who turn away from your grace.
What we seek, through our praise and by receiving the parai (divine drum), is not mere reward—but the glory of your acceptance, known and celebrated by all.

We wish to adorn ourselves for this moment of union—with bangles encircling our forearms, armlets gracing our upper arms, earrings for both the lower and upper lobes—some set with flowers, others with gems. Anklets shall chime on our feet, and over it all, we will drape ourselves in resplendent sarees.

Then, in joy and intimacy, we shall be seated beside you. Together, we will relish a sweet feast—pāyasam—warm rice pudding, enriched with milk, ghee, and sugar. Such is our delight in this divine meal that, as we eat with abandon, the rich sweetness will run down our arms, all the way to the elbows.

This, Govinda, is the bliss we anticipate—the reward of our vow: the joy of your company, the festivity of adornment, and the ecstasy of shared divine delight.","In this opening thought, Āṇḍāḷ celebrates the divine power of Govinda’s guṇas—His beauty, grace, and sweetness—which are so potent that they even conquer those who are antagonistic or uninterested in Him. Saints hesitate to approach due to their humility, lovers sulk in divine separation, ordinary souls remain indifferent, and enemies revile out of arrogance. Yet all are ultimately subdued—not by force, but by the sheer beauty of His compassion and excellence. His guṇas are the true warriors in this conquest, not weapons, and it is through them that even aversion turns into surrender.

As the gopikās continue their vrata, they humbly ask for boons—not for personal gain, but as divine sanction to serve and be adorned for their divine play. They request the “parai”—symbol of their vow—not merely as a ritual object, but as a token of His acceptance and grace. Their requests for ornaments, flowers, and silk garments symbolize their soul’s readiness to engage in līlā with the Lord, to immerse in His joy, and celebrate union through the playful, sacred music of devotion.

The detailed list of ornaments—bracelets, armlets, bangles, anklets, earrings, and garlands—are not mere finery, but spiritual metaphors. Each adornment reflects a quality bestowed by Him upon His devotees: protection, beauty, strength, and divine radiance. The flowers and garments symbolize inner purity and the sweetness of sāttvic expression. These are ornaments for the soul, not merely for the body, and represent the ātmā readying itself to play its part in the divine drama.

Their desire to sing, bathe, and rejoice in Govinda's company is not private indulgence but a celebration that unites them with all of creation. Their joy spills into rivers, trees, and cows—signs of a world harmonized by divine presence. The gopikās speak of bathing in sacred waters and singing Govinda’s glories in chorus, marking the merging of individual bhakti into collective ecstasy. The ritual becomes an offering of all nature in surrender to the Lord.

They envision sitting together with Kṛṣṇa, joyfully consuming a sweet dish—a metaphor for the bliss of divine communion. This food, simple yet rich, becomes sacred because it is shared with Him. Each grain represents grace, each spoonful divine presence. The imagery of laughter, milk flowing from mouths, and playful joy reflects the intimacy of the divine-child relationship—He is not a distant God but one who sits among devotees, laughs with them, eats with them, and becomes theirs.

Finally, the gopikās express a wish that their devotion be known throughout the world—not for pride, but so that others might be drawn to Him through their example. They yearn for the Lord's embrace not only privately but publicly, so that the world may witness the reward of true devotion. This echoes the āḻvār ideal: that one’s experience of divine love becomes the means for others' salvation. Their union with Govinda should not remain a secret—it should inspire the world to surrender.",Āṇḍāḻ,,Śrī Kṛṣṇa,"Kainkarya-prārthanā,Śaraṇāgati",1.27,Tiruppāvai
130,123,"கறைவகள் பின்சென்று கானம் சேர்ந்து உண்டோம்\
அறிவான்றும் இல்லாத ஆய்க்குலத்து உள்தன்னைப்\
பிறவி செபந்தலை பண்ணியம் யாம் உலடேயாம்\
கைறிவான்றும் இல்லாத சேகவிந்தா, உள்தன்சேனார்\
உறேவல் நமக்கு இங்கு ஒழிக்க ஒழியாது\
அறியாத பிள்ளைகளாம் அன்பினால் உள்தன்னைச்\
சிறுபேர் அலழத்தனவும் சீறி அருளாதேத\
இலறவா! நீ தாராய் பலற ஏல் ஓர் எம்பாவாய்","kaṟavaigaḻ pin śenṟu kānañjērnduṇbōm
aṟivonṟum illāda āykkulattu
un tannai ppiṟavi peṟundanai ppuṇṇiyam yām uḍaiyōm
kuṟai onṟum illāda kōvindā
un tannōḍuṟavēl namakkiṅgozikka oziyādu
aṟiyāda piḻḻaigaḻōm anbināl
un tannai cciṟupēr azaittanavum śīṟi aruḻādē
iṟaivā ! nī tārāy paṟai ēlōr em pāvāy","We are mere cowherd girls, simple folk trailing our cattle into the forest, eating what we must, living without rules or ritual purity. We do not claim merit, discipline, or wisdom. Yet, You—Govinda—chose to be born among us, in this very gopa clan that knows nothing of sacred codes or śāstric conduct. That divine descent alone sanctifies us; it is not by any virtue of our own, but by Your grace alone that we have value. Whatever our faults may be—and they are many—it is You, the blemishless One, who stands as our completeness.

Though we may appear uncouth, our bond with You is unshakable—more ancient and permanent than lineage or law. Out of innocent love, we may have called You by names that seem small or unworthy, forgetting courtly honorifics, unaware of royal etiquette. But know this, O Lord: our love is true, even if our manners are not. Forgive us if our words have fallen short of Your divine stature. Bear with our rustic hearts, and fulfill our humble request—grant us the parai, the sacred drum that seals our vrata and marks Your favor.","The gopīs begin by asserting their absolute disqualification — they are devoid of learning, untouched by scriptural knowledge, and immersed in the simple life of cowherds. Their existence is not rooted in the disciplines of śāstra, nor have they pursued rigorous paths like karma-yoga or jñāna-yoga. They liken themselves to animals, wandering the village without understanding dharma or tapas. Yet, they emphasize that their only redeeming feature is Śrī Kṛṣṇa’s birth in their clan. Because He took birth among them, their lives gained purpose and sanctity. This confession is not self-deprecation but an affirmation of a deeper truth — that the Lord does not require qualifications, only sincerity. Their very presence before Him is not born from merit, but from His descent among them.

They openly declare that they have not performed any austerities, nor do they possess the intellectual prowess to speak of complex Vedāntic truths. They have not even engaged in the worship of lesser deities — a sign that even elemental worship is absent in their spiritual journey. Their coming to Him, therefore, is not the result of penance or spiritual practice, but simply because they recognize that He is both the path and the goal. By calling Him “Govinda,” they deliberately choose the name that emphasizes His closeness and accessibility. Unlike the majestic and transcendent “Nārāyaṇa,” “Govinda” recalls the affectionate protector of cows — their very own beloved. He is not a distant deity to be feared, but the one who herded their cattle and stole their hearts.

They emphasize that even their act of singing or praising Him is not done with the intention of attaining something. Their words of worship are not a means to an end, but the spontaneous overflow of deep love. It is not that they sing to earn grace; they sing because they cannot help but do so. Their devotion is guileless, and their hearts are simple. They disclaim any sense of being “great devotees,” stating plainly that they are not jñānis, not yogis, and not saints — merely those who sing because their hearts are full. The name “Govinda” itself is enough — for in uttering it, they feel they have reached Him. His name is their sādhana, and it draws Him closer than even the most elaborate rituals could.

The gopīs’ prayer is not a demand but a humble cry of surrender. Even though they came as a group requesting the parai, it becomes clear that the drum is only symbolic. What they truly seek is His grace, His glance, His acceptance. They wish to belong to Him — not for any worldly reward, but for His companionship. Their approach is prapatti — the path of surrender without expectation, devoid of bargaining or qualification. They see themselves as completely at His mercy. They do not have the strength to climb spiritual ladders; they simply fall at His feet. And this falling — this vulnerable surrender — is their path. They remind Him that He is known to uplift the helpless, and if He were to deny them now, it would contradict His very nature.

With humility and clarity, the gopīs urge Kṛṣṇa to remember who He is. He has never turned away those who come without support. In the epics and purāṇas, He has time and again lifted those who had no other recourse — Draupadī, Gajendra, Ahalyā, and others. The gopīs now present themselves in the same light — helpless, guileless, and fully dependent. They do not ask for honor, fame, or liberation. They seek only Him. They invoke the precedent He Himself set — that He is the refuge of the weak, the shelter of those who have no shelter. Their tone is not accusatory but devotional — reminding Him lovingly that He is bound by His own compassion.

In conclusion, they clarify once again that they seek nothing other than His acceptance and presence. Their desire is not for the drum or ritual fulfillment — it is for the Lord who uplifts the fallen. The parai becomes symbolic of His anugraha, His grace. What they seek is His smile, His glance, His touch — the nearness that makes life meaningful. This is not a prayer born from ritual obligation but from the very soul of surrender. They ask Him to accept them not because they qualify, but because He is the one who qualifies the disqualified. And thus, the refrain — “kuṟai oṉṟum illāda govindā” — becomes both a declaration of His completeness and a plea to make them whole through His grace.

",Āṇḍāḻ,,Śrī Kṛṣṇa,"Kainkarya-prārthanā,Śaraṇāgati",1.28,Tiruppāvai
131,124,"சிற்றஞ் சிறு காலே வந்துள்ளனச் சேவித்து உன்\
செபாற்றாமைர அடியே செபாற்றும் செபாருள் சேகளாய்!\
செபற்றம் சேமய்த்து உண்ணும் குலத்தில் பிறந்து நீ\
கற்றேறவல் எங்கலை செகாள்ளாமல் செபாகாது\
இற்றைப் பலற செகாள்வான் அன்று காண் சேகாவிந்தா!\
எற்றைக்கும் ஏழும் பிறவிக்கும் உள்தன்சேனார்\
உற்றேறாசேம யாசேவாம் உனக்கே நாம் ஆட்செய்சேவாம்\
மற்றை நம் காமங்கள் மாற்று ஏல் ஓர் எம்பாவாய்","śiṭram śiṟugālē vandunnai ccēvittu
un poṭrāmarai aḍiyē pōṭrum poruḻ kēḻāy
peṭram mēyttuṇṇum kulattil piṟandu
nī kuṭrēval eṅgaḻai kkoḻḻāmal pōgādu
iṭrai ppaṟai koḻvān anṟu kāṇ kōvindā !
eṭraikkum ēzēz piṟavikkum
un tannōḍuṭrōmē āvōm unakkē nām āṭ ceyvōm
maṭrai nam kāmaṅgaḻ māṭrēlōr em pāvāy","Hear, O Lord, the true purpose behind our arriving before dawn, our singing your praises, and our devoted service at your radiant, golden lotus-like feet. Born into the clan of cowherds, who attend to their cattle before their own hunger, it is your dharma to honour such sincere devotion. Reject not our heartfelt offerings of love and service. We have not come merely to receive the parai and leave — our longing is deeper. What we seek is an unbroken bond with you, a kinship that transcends this life and continues through all births to come. Let us serve you alone, forever, as your consecrated servants, with no desire other than to be yours. And we pray — may no other longing ever find place in our hearts.","The gopikās arrive at Kṛṣṇa’s abode before dawn, unmindful of the darkness or the chill. This early hour, sittiram siṟukālē, symbolizes the spiritual twilight — the moment when the darkness of ignorance begins to yield to the light of God-realization. Their intense longing for union with Kṛṣṇa reflects the urgency and anguish of a true aspirant seeking God, not for material benefits but for His presence alone. The very act of coming to Him is seen as a breach of their own śaraṇāgati (complete surrender), as the ideal is to await His coming — yet their yearning overpowers protocol. They approach not as mere seekers of the paṟai (symbolic gift) but as eternal servants desiring ananya-kainkarya — exclusive, unbroken service unto Him.

They acknowledge Kṛṣṇa’s human birth in the humble community of gopas, who prioritize serving cattle before self-care, and request He not reject their heartfelt service. They highlight that their singing, serving, and longing are not to gain rewards but are acts of pure devotion, born out of intimate love. They urge Him to listen, not for their sake, but to uphold His own dharma — for He was born to receive such love and respond to such surrender. Their plea is not for gifts, nor for any heavenly boons, but to be permanently accepted as His personal attendants — to carry His flute, press His feet, hold His garments, and perform all acts of intimate service.

The gopikās declare their wish to be inseparably united with Him through all births, whether He is in His supreme Vaikuṇṭha form or among them as a cowherd. They seek every possible relationship with Him — as friend, mother, consort, or servant — fearing that limiting themselves to one form of kinship might deprive them of others. This total offering of self is akin to that of Lakṣmaṇa with Rāma, or Yaśodā’s care for her mischievous child. Even though they admit their faults in approaching and serving Him, they plead that such actions are expressions of the pain of separation He Himself has caused.

Importantly, they reject all other desires — even the desire for spiritual enjoyment — praying for pure, selfless service (śuddha-kainkarya), untainted by ego or the pursuit of pleasure. They caution against possessiveness (mamatā) and the idea of enjoying the Lord’s service for one’s own delight (bhoktṛtva-buddhi), declaring that bliss lies solely in pleasing Him. This total surrender encapsulates the essence of the Aṣṭākṣarī mantra, as the gopikās express the meanings of the syllables by affirming their identity as His alone, bound in an eternal relationship, with no other refuge or aim.

Through this pāsuram, they convey the culmination of their nōṟrāda-pōdhu (vow)— not as a ritualistic fulfillment, but as a living declaration of their soul’s purpose: to be in God’s presence, to serve Him endlessly, and to want nothing but Him, through every birth, for all time.",Āṇḍāḻ,,Śrī Kṛṣṇa,"Śaraṇāgati,Kainkarya-prārthanā",1.29,Tiruppāvai
132,125,"வங்கக் கடல் கலடந்த மாதவலைக் சேகசவலை\
திங்கள் திருமுகத்துச் செயிலழுயார் சென்று இலறஞ்சி\
அங்கு அப்பலற செகாண்ட ஆற்றை அணிபதுலவப்\
லபங்கமலத் தண்சேரியல் பட்டர் பிரான் சேகாலத செசான்ன

சங்கத் தமிழ் மாலை முப்பதும் தப்பாகம்

இங்கு இப்பரிச உைறப்பார் ஈரிரண்டு மால் வைரத் கதாள்

செங்கன் திருமுகத்துச் செல்வத் திருமாலால்

எங்கும் திருவருள் பெற்று இன்பறவர் எம்பாவாய்","vaṅga kkaḍal kaḍainda mādavanai kkēśavanai
tiṅgaḻ tirumugattu ccēyizaiyār śenṟiṟaiñji
aṅga ppaṟai koṇḍavāṭrai
aṇi puduvai ppaiṅgamala ttaṇ teriyal paṭṭar pirān kōdai śonna
śaṅga ttamiz mālai muppadum tappāmē
iṅgippariśuraippār īr iraṇḍu māl varai ttōḻ
śeṅgaṇ tirumugattu ccelva ttirumālāl
eṅgum tiruvaruḻ peṭrinbuṟuvar em pāvāy","The gopikās, adorned with otherworldly ornaments, approach Mādhava, the Lord who secured Lakṣmī by churning the ocean of milk. He, the benefactor of Brahmā and Rudra, receives their benediction. In return, they obtain the paṟai—symbol of divine reward—and the eternal privilege of Kainkarya, selfless service to Him. Āṇḍāḷ, daughter of Bhattarpirāṉ of Śrīvilliputtūr, offers this garland of thirty pāsurams, capturing the soul’s journey to the Lord. Those who recite them regularly and with devotion will receive the same blessings as the gopikās—the Lord’s everlasting grace. Śrīmannārāyaṇa, with lotus eyes and four mighty arms, will bless such devotees with joy, both now and forever.","The gopikās recall the Lord as “Mādhava” and “Keśava”—names that evoke His churning of the ocean of milk, a divine act undertaken ostensibly for the nectar but culminating in the possession of Śrī Lakṣmī. This metaphor is mirrored in the way Kṛṣṇa, under the pretext of community rituals, orchestrates events to unite with the gopikās, fulfilling their longing and His own joy. The Lord's love is such that He once labored for others’ sake—granting the nectar to the devas—but now exerts Himself for those who seek Him alone. The ""ships"" on the ocean suggest not only His skill in preserving all beings amid turbulence, but also signify the sādhaka’s body sailing through saṁsāra, with the Lord as both the churner and the vessel of deliverance.

The gopikās, whose faces glow like the moon, approach Kṛṣṇa adorned with ornaments bestowed by Him, reflecting their inner joy and sanctification. Unlike the sun-like brilliance of Kṛṣṇa that scorches foes, the gopikās’ moon-like beauty is soothing even to enemies. Their bliss mirrors the serenity found in sages upon seeing the Supreme. This vision highlights a transformation—external beauty now becomes a symbol of internal spiritual radiance, as divine contact purifies and glorifies the devotee. Their ornaments, gifts from Kṛṣṇa, point to the soul’s adornment through grace, and their urge to rush towards Him speaks of uncontainable bhakti.

The gopikās obtain the parai—not merely the ceremonial drum, but the symbolic fruit of divine union and eternal service. In surrender, they make no claims of spiritual merit, but emphasize the Lord’s fullness and their intimate bond with Him. Their path exemplifies śaraṇāgati—complete reliance, transparency in confessing lapses, and trust that the Lord accepts and blesses them as His own. This process, illustrated by Āṇḍāḷ, becomes the blueprint for aspirants: approach God with humility, not through effort or entitlement, but as one whose longing aligns with His grace.

Srivilliputtur, the divine land of Bhattar Pirān (Periyāḻvār), is celebrated as the world’s ornament, sanctified by its link to Āṇḍāḷ. Just as Vṛndāvana is exalted through Nandagopa, Srivilliputtur gains distinction through Āṇḍāḷ’s birth and devotion. Her father, adorned with a lotus-seed rosary, symbolizes constant remembrance of Nārāyaṇa, unlike the perishable tulasi garland. Periyāḻvār brought the Vedic essence to the world, and his daughter offers herself and her composition—the Tiruppāvai—to the Lord. This lineage and locale are not mere background but integral to the sacredness of the hymn and its message.

Āṇḍāḷ, adopting the gopikās' voice, composes a “garland of Tamil verses”—each a distilled gem of Vedantic and devotional truth. Like rain clouds giving life to the parched earth, she renders lofty Upaniṣadic secrets in sweet, simple Tamil, accessible to all. Her identification with the gopikās allows her to experience and express Kṛṣṇa-bhakti in its fullest depth. Tiruppāvai is meant to be sung collectively, evoking the joy of satsangha and divine presence. The truths once buried in Sanskrit Vedas now bloom in poetic Tamil, as Āṇḍāḷ the garland (Koḍai) binds the Lord through her devotional offering.

These thirty pāsurams, perfectly ordered, lay out a complete sādhana for God-realization—from recognizing divine grace to embracing complete surrender. They outline the aspirant’s journey: identifying auspicious moments, valuing others’ prosperity, revering saints, desiring the Lord’s qualities, and surrendering all agency. The devotee who recites with intent (ippadi sureippar) receives not only worldly joy but eternal bliss from Śrīman Nārāyaṇa—the lotus-eyed Lord with four mountain-like arms and a face glowing with love. His gracious glance bestows fulfilment now and forever. Regardless of caste, gender, or stage of life, all who approach Tiruppāvai with devotion will attain divine union and eternal service—just as the gopikās attained Kṛṣṇa and Āṇḍāḷ attained Śrī Raṅganātha.",Āṇḍāḻ,,Śrī Kṛṣṇa,Dāsya,1.30,Tiruppāvai
133,126,பல்லாண்டு பல்லாண்டு பல்லாயிரத்தாண்டுபல கோடி நூறாயிரம்மல்லாண்ட திண்தோள் மணிவண்ணா !உன் சேவடி செவ்வி திருக்காப்பு,"pallāṇḍu pallāṇḍu pallāyirattāṇḍu
pala kōḍi nūṟāyiram
mallāṇḍa tiṇdōḻ maṇivaṇṇā !
un śēvaḍi śevvi tirukkāppu","O Lord, whose powerful bhuja-balam subdued the formidable wrestlers in Kaṁsa’s court, You shine with the brilliance of a radiant blue gem. May the divine splendour and exquisite beauty of Your lotus-red sacred feet be preserved and protected for countless crores of years. May Your supreme divinity remain ever undiminished through all ages to come.","Periyāḻvār, among all the Āḻvārs, expresses *vātsalya-bhāva* in its highest form. This composition of *Tiruppallāṇḍu* begins with the Āḻvār exclaiming, “Long live the Lord! May You live long! May You live for countless eons and ages!” This expression is the very embodiment of *vātsalya-bhāva*. Though Nārāyaṇa is the creator of Brahmā himself, and though the Vedas proclaim Him to be beyond complete description even by themselves, the Āḻvār prays that this Supreme Brahman, the *sarva-śeṣi* of all beings, should live long.

At first glance, this may seem paradoxical. To wish long life for the Supreme Being—the primordial cause of all causes—appears ironic. Yet this is the nature of *vātsalya-bhakti*. For Periyāḻvār, Bhagavān is beheld with the tender care and affection of a mother toward her child. For a mother, no matter how strong or capable her son may be, she constantly wishes for his well-being, health, and peaceful life. Similarly, though Bhagavān is the Supreme Being Himself, the Āḻvār is ever concerned for His welfare and therefore seeks to protect Him through his praises.

Hence, the Āḻvār continually glorifies Bhagavān with the benediction of *pallāṇḍu*. He blesses those shoulders of Bhagavān that uphold the entire universe, those very shoulders that vanquished Rāvaṇa and Hiraṇyakaśipu. “May those shoulders live long!” he proclaims. The Āḻvār also beholds the Lord’s lotus-red feet, the very feet that grant liberation to all beings. Gazing upon those sacred feet, he again exclaims, “May they live long!” Thus, out of boundless *vātsalya* and loving concern, Periyāḻvār offers auspicious blessings even to the One who is the eternal protector of all.",Periyāḻvār,Kūḍal Aḻagar Perumāḷ,Śrī Kṛṣṇa,"Tirumēni Anubhavam,Vātsalya",1.01,Thirupallāṇḍu
134,127,அடியோமோடும் நின்னோடும்பிரிவின்றி ஆயிரம் பல்லாண்டுவடிவாய் நின் வல மார்பினில்வாழ்கின்ற மங்கையும் பல்லாண்டுவடிவார் சோதி வலத்துறையும்சுடராழியும் பல்லாண்டுபடை போர் புக்கு முழங்கும்அப்பாஞ்சசன்னியமும் பல்லாண்டே,"aḍiyōmōḍum ninnōḍum
pirivinṟi āyiram pallāṇḍu
vaḍivāy nin vala mārbinil
vāzginṟa maṅgaiyum pallāṇḍu
vaḍivār śōdi valattuṟaiyum
śuḍarāziyum pallāṇḍu
paḍai pōr pukku muzaṅgum
appāñcaśanniyamum pallāṇḍē","May You, along with us, Your inseparable servants, abide for everlasting ages. May Śrī Devi, who adorns You as a living ornament upon Your right chest, be eternally preserved. May the luminous, blazing cakra in Your right hand, fierce and sharp, ever capable of annihilating foes, endure through endless time. May Your divine conch, the mighty Pāñcajanyam, whose thunderous sound pierces through the tumult of battle, resound for everlasting years.","Continuing from the previous pāsuram, Periyāḻvār persists in seeking protection for Bhagavān Himself. In this pāsuram, the Āḻvār expresses *Bhāgavata-śeṣatvam*. He not only prays for Bhagavān to live long, but also extends his blessings to the *prapanna-kūṭam*—the assembly of great devotees. Yet he adds a significant condition: they should not merely live long, but live long in eternal service to Him, never becoming separated from Him. Periyāḻvār, being thoroughly grounded in Vedānta, begins the pāsuram with the word *aḍiyōm*. By this, he establishes that all *jīvātmās* are the servants of the Lord. This is the very *svarūpa* of the *jīvātmā*—to remain *śeṣa* to Bhagavān, the *Sarva-śeṣi*. Therefore, he prays that all devotees may live long solely for the purpose of rendering service to Him in this world and beyond.

Continuing his benedictions, the Āḻvār next turns to Śrī Mahālakṣmī and prays for her well-being. He exclaims, “May Śrī Devī, who eternally resides upon Your chest, seated on the Śrīvatsa mark, also live long!” This declaration carries profound Vedāntic significance. Śrī, celebrated in the scriptures as the *puruṣakāra-bhūtā*, is the compassionate mediatrix who guides the *jīvātmās* towards *Puruṣottama*. She is never separated from Bhagavān, and therefore both together constitute the complete *Īśvara-tattva*. Indeed, it is through her grace that the world comes to recognize Nārāyaṇa as the Supreme Brahman. Periyāḻvār joyfully proclaims, “May that Mahālakṣmī live long!” He further delights in the thought that she not only resides upon His chest, but dwells there in perfect bliss. Thus he blesses both Divine Consorts together, praying that they may ever remain united and never be separated from one another.

Having offered protection to Bhagavān and Śrī Mahālakṣmī, the Āḻvār next beholds the Lord’s two divine weapons. His gaze first falls upon Sudarśana, whose radiance surpasses the brilliance of thousands upon thousands of suns. Sudarśana embodies the *saṅkalpa-śakti* of Bhagavān. The universe itself comes into existence through the mere will of Nārāyaṇa, and that divine will is symbolically represented by Sudarśana. Though this blazing discus appears terrifying to the *asuras*, it appears as the most beautiful ornament to the devotees. Mesmerized by its splendour and majesty, Periyāḻvār exclaims, “May that divine Cakra live long!”

Thereafter, he turns to Pañcajanya, the Lord’s sacred conch, and blesses it as well. Pañcajanya is renowned for instilling fear in the hearts of the wicked through its resounding call. In the *Bhagavad Gītā*, while narrating the events of Kurukṣetra to Dhṛtarāṣṭra, Sañjaya declares: sa ghoṣho dhārtarāṣhṭrāṇāṁ hṛidayāni vyadārayat The mighty sound of the Pāṇḍavas’ conches, led by Kṛṣṇa’s Pañcajanya, shattered the hearts of Dhṛtarāṣṭra’s sons with fear. Yet to the devotees, that very conch is an object of immense beauty. Periyāḻvār marvels at how its pure white radiance perfectly complements the dark-blue hue of the Lord’s *tirumēni*. Held in the hand of the *nīla-megha-śyāma* Lord, the dazzling whiteness of Pañcajanya enhances the beauty of Bhagavān even further. Unable to contain his joy upon witnessing such divine splendour, the Āḻvār bursts forth in loving benediction: “May that Pañcajanya also live long!”",Periyāḻvār,Kūḍal Aḻagar Perumāḷ,,"Vātsalya,Tirumēni Anubhavam,Bhāgavata śeṣatvam",1.02,Thirupallāṇḍu
135,128,வாழாட் பட்டு நின்றீர் உள்ளீரேல்வந்து மண்ணும் மணமும் கொண்மின்கூழாட் பட்டு நின்றீர்களைஎங்கள் குழுவினில் புகுதலொட்டோம்ஏழாட் காலும் பழிப்பிலோம் நாங்கள்இராக்கதர் வாழ்இலங்கை பாழாளாகப் படை பொருதானுக்குப்பல்லாண்டு கூறுதுமே,"vāzāṭ paṭṭu ninṟīr uḻḻīrēl
vandu maṇṇum maṇamum koṇmin
kūzāṭ paṭṭu ninṟīrgaḻai
eṅgaḻ kuzuvinil pugudaloṭṭōm
ēzāṭ kālum pazippilōm nāṅgaḻ
irākkadar vāz
ilaṅgai pāzāḻāga ppaḍai porudānukku
pallāṇḍu kūṟudumē","If you are devoted to kainkaryam, the joyful service unto the Lord and the highest goal of life, come and join us. Let us carry the sacred mud and sandal paste to be distributed as prasādam during the festival. Those who seek rewards other than service to the Lord have no place among us. Free from blemishes and worldly desires, our lineage remains untainted across generations. We sing Pallāṇḍu in praise of Śrī Rāma, who destroyed the rākṣasās of Laṅkā with His divine army.","After praising the Lord, Periyāḻvār calls upon His devotees to join him in singing for the Lord’s protection. In this pāsuram, he first invites the foremost among devotees those for whom service to Bhagavān is the ultimate goal. For such devotees, serving the Lord in His *arcā-rūpa* in this world and, upon liberation, serving Him eternally in *Śrī Vaikuṇṭha*, is everything. They are known as *Bhagavad-lābhārthīs*, those who seek only serving Bhagavān.

Among devotees, the scriptures broadly classify four types. Bhagavān Himself describes them in the *Bhagavad Gītā*: chatur-vidhā bhajante māṁ janāḥ sukṛitino ’rjuna |\
ārto jijñāsur arthārthī jñānī cha bharatarṣhabha ||\
teṣāṁ jñānī nitya-yukta eka-bhaktir viśiṣyate |\
priyo hi jñānino ’tyartham ahaṁ sa cha mama priyaḥ || 7.16–7.17 ||

Among the devotees are those who seek worldly possessions (*arthārthīs*), those who seek relief from distress (*ārtas*), those who seek to know the nature of Brahman (*jijñāsus*), and those who are firmly established in that knowledge and remain immersed in the experience of Bhagavān (*jñānīs*). It is this last category that Periyāḻvār calls upon. These are the devotees who seek nothing other than service to Bhagavān. For them, serving Him is everything.

The Āḻvār invites them to come and sing the divine names of Bhagavān. He describes them as those who serve Him with both mind and body. They do not merely contemplate Bhagavān inwardly; they also engage in physical service to Him. These are the *prapannas* whom the Āḻvār welcomes into his company.

At the same time, he clearly excludes those who do not serve the Lord, those who are immersed in material pleasures and spend their lives praising and serving mortal human beings. Such people have no place in this assembly. Periyāḻvār declares that those who glorify humans instead of the Supreme Lord should not join them. Those who seek to glorify humans would not agree to seek protection for Bhagavān whole heatedly. They would indeed not let others too sing the glories our Lord. The devotees whom he calls are those who are ready to serve Bhagavān through birth after birth. For them, service is more desirable than liberation itself. Liberation is merely a natural consequence of devotion; service alone is their cherished goal.

Therefore, Periyāḻvār calls out to such devotees: “Come! Let us together praise the Bhagavān who destroyed the rākṣasas of Laṅkā as Śrī Rāma. Let us sing His glories and seek to protect our Rāma through our auspicious benedictions.”",Periyāḻvār,Kūḍal Aḻagar Perumāḷ,Śrī Rāma,"Vātsalya,Kainkarya-prārthanā",1.03,Thirupallāṇḍu
136,129,ஏடு நிலத்தில் இடுவதன் முன்னம் வந்துஎங்கள் குழாம் புகுந்துகூடு மனம் உடையீர்கள் வரம்பொழிவந்தொல்லைக் கூடுமினோநாடு நகரமும் நன்கறியநமோ நாராயணாயென்றுபாடு மனம் உடைப் பத்தர் உள்ளீர் !வந்து பல்லாண்டு கூறுமினே,"ēḍu nilattil iḍuvadan munnam vandu
eṅgaḻ kuzām pugundu
kūḍu manam uḍaiyīrgaḻ varambozi
vandollai kkūḍuminō
nāḍu nagaramum nangaṟiya
namō nārāyaṇāyavenṟu
pāḍu manam uḍai ppattar uḻḻīr!
vandu pallāṇḍu kūṟuminē","O seekers of this sacred path, come without delay. Join those who live solely for the Lord and seek none but Him. Let worldly attachments fall away and let the longing for liberation awaken. Come and be among those who sing together with surrendered hearts, declaring that they seek nothing for themselves but only service to the Lord. Let this sacred message spread everywhere as we proclaim, “May You live long for countless years!”","Periyāḻvār now turns his attention to a specific group known as *Kaivalyārthis*, those who are absorbed in the contemplation of their own self and seek only *ātmānubhava*. Their aspiration is not Bhagavān Himself, but the experience of the individual self. Such seekers attain a state known as *Kaivalya*, an intermediate condition that is distinct from both worldly existence and the supreme liberation of *Śrī Vaikuṇṭha*. In *Kaivalya*, the *jīvātmā* experiences its own nature and remains free from the sufferings of material existence. Yet it does not attain the unsurpassed bliss of serving Bhagavān, nor does it experience the fullness of divine communion found in *mokṣa*. In many ways, the Ācāryas explain that attaining *Kaivalya* can become an even greater obstacle to ultimate liberation than remaining within *prakṛti*, for the soul becomes satisfied with its own limited experience and no longer aspires for Bhagavān.

Recognizing this subtle deficiency, Periyāḻvār compassionately calls out to such souls: “Come and join us! Abandon this lesser aspiration of merely experiencing the self. Realize that your true nature is not independent self-enjoyment, but eternal service to Bhagavān. Come, sing His divine names along with us and attain the highest goal!” The Āḻvār further emphasizes that service to Bhagavān is not something imposed upon the *jīvātmā*. Rather, it is the very nature of the soul itself. Service to Him is what brings true fulfilment and joy, for Bhagavān is an infinite ocean of love, compassion, and auspicious qualities. To serve Him is not a burden but the natural expression of the *jīvātmā's* true identity.

The Āḻvār acknowledges that the body is impermanent and that worldly desires are the root of suffering. However, merely renouncing material pursuits is not sufficient for liberation. One must also understand one's true identity. The *jīvātmā* is by nature the *śeṣa* of Bhagavān, existing solely for His pleasure and service. Without realizing this fundamental truth, even the attainment of *ātmānubhava* remains incomplete and falls short of the *jīvātmā's* ultimate destiny. The *jīvātmā* is *asvatantra*, while Bhagavān alone is *sarva-svatantra*. Dependence is the intrinsic nature of the jīvātmā, whereas Bhagavān remains completely independent and self-sufficient. Even the experience of *ātmānubhava* is possible only because of His presence within the soul as the *Antaryāmin*. Therefore, the Āḻvār calls out to these seekers and urges them to realize that even the bliss derived from self-experience is but a faint spark of the infinite bliss that arises from the experience of Bhagavān Himself.

Therefore, Periyāḻvār directs these *Kaivalyārthis* towards the path of true realization. He urges them to meditate upon the sacred *Aṣṭākṣara Mahāmantra*, adorned with the divine *Praṇava*. He invites them to contemplate the mantra:

Through the word *namaḥ*, the *jīvātmā* realizes, “I do not belong to myself.” It recognizes that its existence is wholly dependent upon and dedicated to Bhagavān. Through the name *Nārāyaṇa*, it understands Him to be the primordial Supreme Being, the indwelling Lord of all beings, and the cause of all causes. By meditating upon this divine mantra, great yogins transcend limited self-experience and attain the supreme abode of *Śrī Vaikuṇṭha*, from which there is no return.

Thus, Periyāḻvār lovingly calls out to the *Kaivalyārthis*: “Come! Chant ‘Namo Nārāyaṇāya’ with us. Abandon lesser attainments and join the assembly of devotees. Let us together sing auspicious benedictions and seek the protection of Bhagavān through our loving praises.”",Periyāḻvār,Kūḍal Aḻagar Perumāḷ,,"Vātsalya,Kainkarya-prārthanā",1.04,Thirupallāṇḍu
137,130,அண்டக்குலத்துக்கதிபதி ஆகிஅசுரர் இராக்கதரைஇண்டைக் குலத்தை எடுத்துக் களைந்தஇருடீகேசன் தனக்குதொண்டக் குலத்தில் உள்ளீர் ! வந்தடி தொழுதுஆயிர நாமம் சொல்லிபண்டைக் குலத்தைத் தவிர்ந்துபல்லாண்டு பல்லாயிரத்தாண்டென்மினே,"aṇḍakkulattukkadibadi āgi
aśurar irākkadarai
iṇḍai kkulattai eḍuttu kkaḻainda
iruḍīgēśan tanakku
toṇḍa kkulattil uḻḻīr ! vandaḍi tozudu
āyira nāmam śolli
paṇḍai kkulattai ttavirndu
pallāṇḍu pallāyirattāṇḍenminē","Having left behind those who pursue only material wealth, you have now entered the company of true devotees who seek nothing but loving service to the Lord. Come and bow at the sacred feet of Hṛṣīkeśa, the Master of all senses, the ruler of countless worlds, the protector of the virtuous, and the destroyer of evil. Let us chant His thousand names and sing, “May You live long for many years, for thousands upon thousands of years!”","Periyāḻvār now turns to another class of devotees known as *Aiśvaryārthis*. These are devotees who worship Bhagavān, not for the purpose of pleasing Him, nor for attaining *ātmānubhava*, but for obtaining temporary material benefits. Their devotion is directed towards Bhagavān, yet their aspirations remain centered upon worldly prosperity and enjoyment.

The Āḻvār addresses such devotees and reminds them of the true greatness of Bhagavān. He is not merely the ruler of a single world, but the Lord of countless universes extending beyond all measure. He is the supreme *Īśvara* of all realms and all beings. It is He who sustains and governs the cosmic order, protecting society and righteousness by destroying the forces of evil such as the *asuras* and *rākṣasas* who disturb the harmony of creation. He is also celebrated as *Hṛṣīkeśa*, the Lord of the senses. The name *Hṛṣīkeśa* signifies the One who governs and directs all the senses. When the senses are engaged in His service, He subdues and purifies them, guiding them towards their proper purpose.

Among these devotees are those who seek wealth and prosperity, as well as those who seek the recovery of wealth and comforts that have been lost. Indeed, Bhagavān alone, being the supreme *Īśvara*, has the power to grant such blessings. Yet Periyāḻvār gently instructs them that such material attainments should not be the ultimate object of their prayers. Bhagavān is the protector of all His devotees. No one desires our welfare more than He does. Out of His boundless compassion, He provides what is truly beneficial, granting what is necessary and withholding what may be harmful. Therefore, the devotee need not approach Him merely for temporary gains.

Instead, the Āḻvār teaches that service to Bhagavān alone should become the highest aspiration. In order to transform the mind and redirect it from fleeting worldly desires towards eternal service, one must constantly chant and meditate upon the countless divine names of Bhagavān. Each of His names reveals one of His infinite auspicious qualities. Through remembrance of these divine qualities, devotion gradually becomes purified of worldly motives, and the heart begins to desire nothing other than service to Him.

Therefore, Periyāḻvār urges these *Aiśvaryārthis* to chant the thousands upon thousands of names of Bhagavān. Such remembrance cultivates a divine disposition and frees the mind from attachment to temporary pleasures. By constantly glorifying the Lord, the devotee learns to seek the supreme fruit of *bhagavad-kainkarya* rather than the fleeting rewards of this world.

Thus the Āḻvār proclaims: “Let us worship that Supreme Lord, the destroyer of evil forces and the protector of all beings. Let us sing His countless names and offer auspicious benedictions for His protection.”",Periyāḻvār,Kūḍal Aḻagar Perumāḷ,,"Vātsalya,Tirunāma Anubhavam",1.05,Thirupallāṇḍu
138,131,எந்தை தந்தை தந்தை தந்தை தம் மூத்தப்பன்ஏழ் படி கால் தொடங்கிவந்து வழிவழி ஆட்செய்கின்றோம்திருவோணத் திருவிழவில் அந்தியம் போதில் அரி உருவாகிஅரியை அழித்தவனைபந்தனை தீரப் பல்லாண்டுபல்லாயிரத்தாண்டென்று பாடுதுமே,"endai tandai tandai tandai tam mūttappan
ēz paḍi kāl toḍaṅgi
vandu vazivazi āṭceyginṟōm
tiruvōṇa ttiruvizavil andiyam pōdil ari uruvāgi
ariyai azittavanai
pandanai tīra ppallāṇḍu
pallāyirattāṇḍenṟu pāḍudumē","Our lineage has rendered uninterrupted service to the Lord across many generations. Let us now praise Him and sing, “May You live long for many thousands of years!” Let us glorify the Lord who removed all our limitations and who, in the majestic lion form, destroyed the tyrant Hiraṇyakaśipu at twilight.","Called by Periyāḻvār, the *prapannas* whose sole desire is to serve Bhagavān gather together and join in singing His glories. In unison, they proclaim that they were born for the very purpose of glorifying the Lord. Ordinarily, true devotees do not speak of themselves as great devotees, for such expressions may arise from pride. However, in this instance, the assembled *Bhāgavatas* speak in this manner only to reassure Periyāḻvār that they too stand alongside him in offering protection to Bhagavān. Their intention is not self-glorification, but the affirmation that they are dedicated solely to His welfare, generation after generation.

They declare that for seven generations their families have been singing the Lord's glories and offering auspicious benedictions for His protection. They seek neither *ātmānubhava* nor material prosperity. Their only aspiration is *bhagavad-kainkarya*. Therefore, they have gathered to sing for the protection of Bhagavān and to celebrate His divine qualities.

The devotees proclaim that they sing the glories of the Lord who appeared under the sacred *Śravaṇa* Nakṣatra. They praise the Lord who incarnated as Narasiṁha to destroy the tyrant Hiraṇyakaśipu and protect His devotee Prahlāda. From generation to generation, they have continued to sing the auspicious protection of that same Narasiṁha. They behold Him not merely as the fierce destroyer of evil, but as the beautiful Divine Lion whose appearance was motivated entirely by compassion for His devotee.

In their loving devotion, they imagine that after slaying Hiraṇyakaśipu and restoring righteousness, the Lord might have become fatigued from His tremendous effort. Filled with *vātsalya-bhāva*, they therefore offer their praises as a form of service and comfort. Just as Periyāḻvār blessed Bhagavān with *pallāṇḍu*, these devotees too join in the same spirit and exclaim:

“May that Narasiṁha live long for countless ages and eons! May the beautiful Lord who destroyed Hiraṇyakaśipu and protected Prahlāda ever flourish! May He be blessed with eternal auspiciousness!”

Thus, the chorus of devotees joins Periyāḻvār in singing *pallāṇḍu*, not for any personal gain, but solely out of boundless love and concern for their beloved Lord.",Periyāḻvār,Kūḍal Aḻagar Perumāḷ,Narasiṃha,"Vātsalya,Parākrama Anubhavam",1.06,Thirupallāṇḍu
139,132,தீயிற் பொலிகின்ற செஞ்சுடர் ஆழிதிகழ் திருச்சக்கரத்தின்கோயிற்பொறியாலே ஒற்றுண்டு நின்றுகுடிகுடி ஆட்செய்கின்றோம்மாயப் பொருபடை வாணனைஆயிரந் தோளும் பொழி குருதி பாயசுழற்றிய ஆழி வல்லானுக்குப்பல்லாண்டு கூறுதுமே,"tīyiṟ poliginṟa śeñjuḍar āzi
tigaz tiruccakkarattin
kōyiṟpoṟiyālē oṭruṇḍu ninṟu
kuḍikuḍi āṭceyginṟōm
māya pporupaḍai vāṇanai
āyiran tōḻum pozi kurudi pāya
śuzaṭriya āzi vallānukku
pallāṇḍu kūṟudumē","Upon our upper arms we bear the sacred imprint of the divine cakra, signifying our lineage of unwavering service to the Lord. It is He, Kṛṣṇa, wielder of the discus, who hurled His blazing weapon against Bhāṇāsura and severed his thousand arms. Let us raise our voices in praise of that glorious Lord and sing, “May You live long for many years!”","The *Kaivalyārthis* whom Periyāḻvār had previously called have now joined the assembly as well, but with a remarkable transformation. Upon their shoulders shine the sacred marks of the blazing Sudarśana Cakra and the divine Pañcajanya. These marks indicate that they have undergone the sacred rite of *Pañca-saṁskāra* under the guidance of an Ācārya. No longer content with mere *ātmānubhava*, they have embraced the path of complete surrender and service to Bhagavān.

Piḷḷai Lokācārya extols the immeasurable grace of the Ācārya. When a *jīvātmā* comes under the shelter of an Ācārya, it receives the divine *Aṣṭākṣara Mahāmantra*. Through meditation upon this sacred mantra, Bhagavān Himself becomes attainable. Once Bhagavān has become one's own, what remains unattained? Even *Paramapada*, the supreme abode, becomes readily accessible. Through the grace of Periyāḻvār and the lineage of Ācāryas, these former *Kaivalyārthis* have realized that the bliss of Bhagavān far surpasses the limited joy of self-experience.

The emblems of the Cakra and Śaṅkha impressed upon their shoulders signify an even deeper truth. They now acknowledge that they belong entirely to Bhagavān. Whether associated with the body or separated from it, the *jīvātmā* remains His possession alone. Having realized their true nature as His servants, they join the assembly in singing His glories.

The devotees now praise Bhagavān as the conqueror of Bāṇāsura. This celebrated episode is narrated in the *Harivaṁśa* and elaborated upon in the *Śrīmad Bhāgavatam*. Bāṇa, the mighty son of Bali and a descendant of Prahlāda, imprisoned Aniruddha, the grandson of Śrī Kṛṣṇa, after Aniruddha and Uṣā had become attached to one another. In response, Kṛṣṇa and Balarāma marched against Bāṇa's city to rescue Aniruddha.

Bāṇa was a great devotee of Rudra and had obtained the boon that Rudra himself would come to his aid in battle. Thus, when Kṛṣṇa arrived, a tremendous conflict arose. Yet before the Supreme Lord, all opposing forces proved powerless. Kṛṣṇa subdued the armies of Bāṇa and overcame the forces led by Rudra. The Lord bewildered Rudra and neutralized his resistance. Thereafter, He turned His attention to Bāṇa himself and severed his many arms.

However, Kṛṣṇa did not kill Bāṇa. Out of regard for Rudra's request and in keeping with the boon He had earlier granted to Prahlāda that He would not destroy his descendants, the Lord spared Bāṇa's life. He removed all but four of Bāṇa's arms and humbled his pride. As stated in the *Śrīmad Bhāgavatam*.darpopaśamanāyāsya pravṛkṇā bāhavo mayā sūditaṁ ca balaṁ bhūri yac ca bhārāyitaṁ bhuvaḥ

The Lord declares that He severed Bāṇa's arms in order to destroy his arrogance and reduce the burden he had imposed upon the earth. Reflecting upon this divine victory, the transformed devotees proclaim: “We sing the glories of that Bhagavān, the subduer of Bāṇa. We sing for the protection of Śrī Kṛṣṇa, who severed Bāṇa's arms with the blazing Sudarśana Cakra. The same Cakra whose emblem we bear upon our shoulders stands as the mark of our eternal servitude. It proclaims that we belong to Him alone. Therefore, let us sing *pallāṇḍu* to that victorious Lord and celebrate His eternal glory.”",Periyāḻvār,Kūḍal Aḻagar Perumāḷ,Śrī Kṛṣṇa,"Vātsalya,Parākrama Anubhavam",1.07,Thirupallāṇḍu
140,133,நெய்யிடை நல்லதோர் சோறும்நியதமும் அத்தாணிச் சேவகமும்கையடைக் காயும் கழுத்துக்குப் பூணொடுகாதுக்குக் குண்டலமும்மெய்யிட நல்லதோர் சாந்தமும் தந்துஎன்னை வெள்ளுயிர் ஆக்க வல்லபையுடை நாகப் பகைக்கொடியானுக்குப்பல்லாண்டு கூறுவனே,"neyyiḍai nalladōr śōṟum
niyatamum attāṇi ccēvakamum
kaiyaḍai kkāyum kazuttukku ppūṇoḍu
kādukku kkuṇḍalamum
meyyiḍa nalladōr śāndamum tandu
ennai veḻḻuyir ākka valla
paiyuḍai nāga ppagaikkoḍiyānukku
pallāṇḍu kūṟuvanē","The Lord has bestowed abundant grace upon me. He provides nourishing food, grants opportunities for daily service, allows service in His royal assembly, and blesses me with sacred remnants and honours. He adorns me with ornaments and fragrant sandal paste, purifying me and transforming me into a sanctified soul. I sing in praise of Him, the Lord whose banner bears mighty Garuḍa: “May You live long for many years!”","Following the same progression, the *Aiśvaryārthis* too have now joined the assembly. Through the grace of Periyāḻvār, they have come to realize the true greatness of Bhagavān. He is the Lord of all beings, the ruler of countless universes, and the sole giver of all blessings. More importantly, they have understood that Bhagavān does not merely grant what is asked of Him. Out of His boundless compassion, He grants far more than what His devotees seek.

Periyāḻvār beautifully expresses this idea through the analogy of ""ghee in rice"" rather than ""rice in ghee"". Ghee represents the most cherished and enjoyable object of desire, the *bhogya-vastu*. Ordinary devotees approach Bhagavān seeking limited and temporary benefits. Their prayers are like asking for a small quantity of ghee to be mixed into rice. Yet when a devotee truly surrenders, Bhagavān reverses the measure. Instead of merely granting the desired object, He bestows Himself. It becomes as though the rice itself is immersed in ghee. When Bhagavān Himself becomes the reward, what remains to be sought?

Periyavāccān Piḷḷai beautifully illustrates this principle through an incident from the life of Śrī Kṛṣṇa. When Kṛṣṇa arrived in Hastināpura, many eagerly invited Him to their homes, saying, “O Lord, please come to our house and bless us.” Yet Kṛṣṇa chose to stay at the house of Vidura. Vidura did not approach the Lord with a sense of ownership or pride. Instead, he welcomed Kṛṣṇa saying, “O Lord, please make Yourself comfortable in this house, for it is not mine but Yours.” Having realized that Bhagavān is the *Sarva-śeṣi*, the true owner of all beings and all things, Vidura approached Him with complete humility. Pleased by such pure devotion, free from ego and possessiveness, Kṛṣṇa joyfully accepted his hospitality.

The transformed *Aiśvaryārthis* now understand this truth. They realize that Bhagavān knows what is truly beneficial for His devotees far better than they themselves do. Therefore, rather than seeking temporary pleasures, they seek Him alone. Bhagavān adorns His devotees with ornaments such as *kuṇḍalam* and other divine decorations that delight Him when He beholds them. He allows them to wear the sandal paste offered to Him and partake of the *prasāda* sanctified by Him. Through these acts of intimate association, Bhagavān gradually increases the *sattva-guṇa* within His devotees and enables them to perceive His divine nature more clearly. What began as devotion motivated by worldly desires is transformed into pure devotion directed solely towards Him.

Having undergone this transformation, they too join the chorus of devotees singing the Lord's glories. They proclaim: “We sing for the protection of that Lord whose banner bears Garuḍa, the mighty enemy of serpents. We sing for that compassionate Bhagavān who grants not merely worldly rewards, but the highest of all attainments. He bestows Himself upon His devotees and makes them His own. May that Lord, the bearer of Garuḍa-dhvaja, live long for countless ages and eons. May His glory ever increase! May He be eternally auspicious!”",Periyāḻvār,Kūḍal Aḻagar Perumāḷ,,"Vātsalya,Tirumēni Anubhavam",1.08,Thirupallāṇḍu
141,134,உடுத்துக் களைந்த நின் பீதகவாடை உடுத்துக்கலத்ததுண்டுதொடுத்த துழாய்மலர் சூடிக் களைந்தனசூடுமித் தொண்டர்களோம்விடுத்த திசைக் கருமம் திருத்தித்திருவோணத் திருவிழவில்படுத்த பைந்நாகணைப் பள்ளிகொண்டானுக்குப்பல்லாண்டு கூறுதுமே,"uḍuttu kkaḻainda nin pīdagavāḍai uḍuttu
kalattaduṇḍu
toḍutta tuzāymalar śūḍi kkaḻaindana
śūḍumittoṇḍargaḻōm
viḍutta tiśai kkarumam tirutti
tiruvōṇa ttiruvizavil
paḍutta painnāgaṇai ppaḻḻikoṇḍānukku
pallāṇḍu kūṟudumē","We, Your servants, wear the garments once worn by You. We partake of the sacred remnants offered to You and adorn ourselves with garlands and Tulasi that once graced Your divine form. We long to serve You eternally, both here and in the supreme abode, seeking everlasting service at Your feet.","Now, together with all the gathered devotees, Periyāḻvār sings auspicious benedictions for Bhagavān. In this pāsuram, the Āḻvār expresses that he desires only those things that have already been used and enjoyed by Bhagavān, never anything fresh or independent of Him. He declares that he wishes to wear only the *Pītāmbara* worn by the Lord. Here, the Āḻvār refers to the Lord's divine garment not merely as cloth, but as a sacred servant of Bhagavān. Just as Sudarśana is the foremost among the Lord's weapons and Garuḍa among His vehicles, *Pītāmbara* is revered as a *Nitya-sūri* who serves the Lord in the form of His divine garment.

Periyavāccān Piḷḷai explains that devotees cherish garments that bear the remnants of Bhagavān's sandal paste and turmeric, for such garments have already adorned His divine form. The devotee desires no ornament, fragrance, or adornment apart from that which has first been associated with Bhagavān.

Likewise, the Āḻvār proclaims that the devotees partake only of food that has first been offered to the Lord. Indeed, Śrī Kṛṣṇa teaches that all food should be offered to Him before being consumed, for everything that sustains life is ultimately granted through His grace. Offering food to Bhagavān is therefore an expression of gratitude and acknowledgment of His supreme ownership. The devotees do not consider anything their own; they receive everything back as His *prasāda*.

The Āḻvār further declares that they would gladly wear the garlands adorning Bhagavān. This sentiment evokes the divine episode of Āṇḍāḷ, who lovingly wore the garlands before offering them to the Lord. Those very garlands, sanctified by both the devotion of Āṇḍāḷ and the acceptance of Bhagavān, become objects of immense reverence. The devotees desire to wear only such garlands, for they have already been enjoyed by those whom they cherish the most.

Periyāḻvār then describes the spirit in which devotees serve Bhagavān. Their service is not mechanical or merely dutiful. It is rendered with utmost care, affection, and attentiveness. Just as Hanumān, when sent as a messenger to Sītā Devī, accomplished far more than the task assigned to him by assessing the strength of Rāvaṇa, understanding the condition of Laṅkā, and demonstrating the power of Śrī Rāma to the enemy, true devotees always seek to perform whatever pleases Bhagavān the most. Their sole concern is His delight and welfare.

Thus, the gathered devotees join Periyāḻvār in singing the Lord's glories. They praise the Lord of *Śravaṇa* Nakṣatra. They behold His divine form resting upon the pure white coils of Ādiśeṣa. Against that radiant white background, His dark cloud-hued form shines with incomparable beauty, resembling a rain-laden cloud resting upon a snow-white mountain peak.

Captivated by this vision, they sing in loving concern and *vātsalya-bhāva*: “O Lord who reclines upon the spotless white Ādiśeṣa! O dark cloud-hued One of immeasurable beauty! May You live long for countless ages and eons. May Your glory ever flourish. May You remain eternally auspicious!”",Periyāḻvār,Kūḍal Aḻagar Perumāḷ,,"Vātsalya,Śaraṇāgati,Kainkarya-prārthanā",1.09,Thirupallāṇḍu
142,135,எந்நாள் எம்பெருமான்உன்தனக்கடியோம் என்றெழுத்துப்பட்ட அந்நாளேஅடியோங்கள் அடிக்குடில்வீடு பெற்றுய்ந்தது காண்செந்நாள் தோற்றித்திருமதுரையுள் சிலைகுனித்துஐந்தலைய பைந்நாகத் தலை பாய்ந்தவனே !உன்னைப் பல்லாண்டு கூறுதுமே,"ennāḻ emberumān
undanakkaḍiyōm enṟezuttuppaṭṭa annāḻē
aḍiyōṅgaḻ aḍikkuḍil
vīḍu peṭruyndadu kāṇ
śennāḻ tōṭri
tirumaduraiyuḻ śilaikunittu
aindalaiya painnāga ttalai pāyndavanē !
unnai ppallāṇḍu kūṟudumē","Service rendered purely out of love, without expectation of reward, is the highest joy. On the day we surrendered ourselves as Your eternal servants, Your grace uplifted even our humble lineage. Let us therefore sing Pallāṇḍu in praise of You, O Lord who was born in Mathurā, shattered the mighty bow of Kaṁsa, and subdued the serpent Kāliya through Your divine play.","The *Bhāgavatas* continue to sing the glories of the Lord alongside Periyāḻvār. Among them, the former *Kaivalyārthis* now proclaim with great joy: “We have realized that serving You alone grants the highest bliss, a joy that can never be attained either through mere *ātmānubhava* or through the pursuit of fleeting worldly pleasures.” Having experienced the grace of Bhagavān, they now understand that the delight of *bhagavad-kainkarya* surpasses every other attainment.

They declare that the day they surrendered at the lotus feet of Bhagavān through the grace of an Ācārya was the day they were truly reborn. It was a birth that would never lead to another birth. On that auspicious day, they beheld the beauty of the Lord, were uplifted from the sufferings of *saṁsāra*, and obtained the assurance of His protection. They further proclaim that the grace they received extended not merely to themselves, but to their entire lineage.

Just as Śrī Rāma granted refuge not only to Vibhīṣaṇa but also to all those who accompanied him, though Vibhīṣaṇa alone formally sought surrender, Bhagavān extends His protection to all who are associated with His devotees. Such is the greatness of His compassion. Therefore, the devotees declare that the day one receives the grace of an Ācārya and is blessed with the sacred *Aṣṭākṣara Mahāmantra* is the day the *jīvātmā* begins its ascent beyond the cycle of birth and death. “All glories,” they proclaim, “to that Lord who grants the highest and most enduring joy!”

The devotees then sing the protection of the Lord who appeared among humanity as Śrī Kṛṣṇa. They marvel at His boundless compassion, wondering how eyes fashioned from material elements were blessed with the fortune of beholding His divine form, His incomparable beauty, and His wondrous *līlās*. Overwhelmed with gratitude, they exclaim: “O Lord, we have surrendered unto You, who appeared under the auspicious conjunction of Aṣṭamī and Rohiṇī Nakṣatra. O Lord of Jayanthi, we sing Your protection and pray that You may live long for countless ages!”

Their minds then turn to the glorious deeds of Kṛṣṇa. “Did You not dance upon the hoods of the serpent Kāliya and subdue his arrogance? Did You not shatter the pride of Kaṁsa and break the mighty bow in Mathurā? Did You not repeatedly protect the righteous and destroy the forces of evil?” Recalling these divine acts, the devotees are filled with *vātsalya-bhāva* and loving concern for the Lord.

Therefore they conclude their song with affectionate benedictions: “O Kṛṣṇa, protector of all worlds, may You live long! May no harm or misfortune ever approach You! May Your glory ever increase! This alone is our desire. We seek neither worldly pleasures nor liberation itself. Our only wish is to sing Your praises and offer our loving protection for all eternity.”",Periyāḻvār,Kūḍal Aḻagar Perumāḷ,Śrī Kṛṣṇa,"Vātsalya,Kainkarya-prārthanā",1.10,Thirupallāṇḍu
143,136,அல்வழக்கொன்றும் இல்லாஅணி கோட்டியர் கோன்அபிமான துங்கன் செல்வனைப்போலத்திருமாலே ! நானும் உனக்குப் பழவடியேன்நல்வகையால் நமோ நாராயணாவென்றுநாமம் பல பரவிபல்வகையாலும் பவித்திரனே !உன்னைப் பல்லாண்டு கூறுவனே,"alvazakkonṟum illā
aṇi kōṭṭiyar kōn
abimāna tuṅgan śelvanaippōla
tirumālē ! nānum unakku ppazavaḍiyēn
nalvagaiyāl namō nārāyaṇāvenṟu
nāmam pala paravi
palvagaiyālum pavittiranē !
unnai ppallāṇḍu kūṟuvanē","O Tirumāl, Consort of Śrī Lakṣmī, I am now and forever Your devoted servant, just as the noble Selva Nampi was. Pure and free from wickedness, he was renowned for his devotion to You and Your devotees. I too am Your ancient and eternal servant. Let me sing Pallāṇḍu in Your praise and proclaim with all my heart, “Namaḥ Nārāyaṇāya.”","Finally, the transformed *Aiśvaryārthis* join Periyāḻvār in singing auspicious benedictions for the Lord. They now proclaim that they have become devotees like Selva Nambi. Even among those devoted to Bhagavān, there remains the subtle danger of pride. A devotee may think, “Through my actions, devotion, and service, I have attained Bhagavān or become qualified for liberation.” Such pride, though seemingly spiritual, still obscures the true nature of the *jīvātmā*. The true *prapannas*, however, recognize that everything is attained solely through the grace of Bhagavān. They declare, “It is only by the mercy of Bhagavān that I, a servant of His servants, have been able to attain Him and become eligible for the supreme abode of *Paramapada*.” Selva Nambi was one such devotee who was completely free from even this subtle form of pride.

Selva Nambi, who belonged to the sacred town of Tirukkoṣṭiyūr, a place that shone like a precious jewel among holy kṣetras, was a great *Bhāgavata*. A Pāṇḍya king, troubled by doubts concerning Vedānta and desirous of knowing who the Supreme Brahman truly is, sought the assistance of Selva Nambi. Although Nambi himself knew the answers to the king's questions, he desired that not only the king but the entire royal assembly should benefit from hearing these truths from a great devotee of Bhagavān. Therefore, he advised the king to convene a grand assembly where scholars and devotees could gather and address these profound questions.

It was in this assembly that Periyāḻvār established the supremacy of Nārāyaṇa and expounded the true nature of the *jīvātmā*. Through his words, the court came to understand that Nārāyaṇa alone is the Supreme Brahman and that the *jīvātmā* exists solely for His service. Delighted by Periyāḻvār's wisdom and devotion, the king honored him by seating him upon a royal elephant and leading him in procession. During this glorious occasion, Bhagavān manifested before the Āḻvār, inspiring the outpouring of *Tiruppallāṇḍu*. Thus, Selva Nambi became an instrument through whom this divine event was brought about.

Selva Nambi was renowned for being free from all inauspicious qualities. He was called “Selva,” meaning one who possesses true wealth. Yet his wealth was not material prosperity. His true wealth was *bhagavad-kainkarya*, loving service to Bhagavān. Therefore, the transformed *Aiśvaryārthis* now proclaim, “We too seek that same wealth possessed by Selva Nambi. We no longer desire worldly riches or temporary attainments. Our treasure is service to Bhagavān, and we have come here solely to serve Him.”

They further declare: “We chant the Lord's names in countless ways and glorify Him through innumerable expressions of devotion. We are the servants of Tirumāl. We are the servants of the Divine Couple together, Śrīman Nārāyaṇa united eternally with Śrī Mahālakṣmī. We remain forever under Their service and protection. O Lord, we are Yours alone. We desire to serve You through every possible form of *kainkarya*. Therefore, we sing auspicious benedictions for Your protection. May You live long forever. May Your glory flourish through endless ages and eons!”",Periyāḻvār,Kūḍal Aḻagar Perumāḷ,,"Vātsalya,Tirunāma Anubhavam",1.11,Thirupallāṇḍu
144,137,பல்லாண்டென்று பவித்திரனைப்பரமேட்டியைசார்ங்கம் என்னும் வில்லாண்டான் தன்னைவில்லிபுத்தூர் விட்டுசித்தன் விரும்பிய சொல்நல்லாண்டென்று நவின்றுரைப்பார்நமோ நாராயணாயென்றுபல்லாண்டும் பரமாத்மனைச்சூழ்ந்திருந்தேத்துவர் பல்லாண்டே,"pallāṇḍenṟu pavittiranai\
paramēṭṭiyai\
śārṅgam ennum villāṇḍān tannai\
villiputtūr viṭṭuśittan virumbiya śol\
nallāṇḍenṟu navinṟuraippār\
namō nārāyaṇāyavenṟu\
pallāṇḍum paramātmanai\
śūzndirundēttuvar pallāṇḍē","This hymn of Pallāṇḍu was composed by Viṣṇucitta of Śrīvilliputtūr in praise of the Supreme Lord who resides in the eternal realm. With heartfelt devotion he sang, “May You remain ever prosperous.” Whoever recites this hymn with devotion and regards it as a blessing bestowed by grace will join in chanting “Namaḥ Nārāyaṇāya.” By His mercy, they shall attain liberation and dwell near Him forever, singing Pallāṇḍu in endless praise.","Periyāḻvār concludes the *prabandham* by calling upon all devotees to sing auspicious benedictions for the Lord at all times, in all places, and under all circumstances. The *Tiruppallāṇḍu* is unique among hymns, for it is a composition that offers protection to Bhagavān Himself. Filled with boundless *vātsalya-bhāva*, the Āḻvār sees the Supreme Lord and instinctively bursts forth in concern for His welfare, blessing Him with *pallāṇḍu*. Bhagavān is celebrated in the *Viṣṇu Sahasranāma* as *Pavitrāṇāṁ Pavitramyo*. He is the purifier of all that is pure and the auspiciousness behind all that is auspicious. In ordinary experience, when something impure comes into contact with something pure, the pure object itself becomes tainted. Yet Bhagavān is unlike anything in this world. Even when the most inauspicious of beings comes into contact with Him, it is not He who is affected. Rather, the impure itself becomes purified by His association. He is the source of purity, the measure of auspiciousness, and the one who bestows sanctity upon all things. Therefore, He is praised as *Pavitrāṇāṁ Pavitram* and *Maṅgalānāṁ Maṅgalam*.

Periyāḻvār further reflects upon the relationship between Bhagavān and the *jīvātmā*. Ordinarily, the *jīvātmā* governs and directs the body in which it resides. Bhagavān, however, stands in an even higher relationship to all beings. He is not merely the indwelling ruler of the body; He is the *Ātmā* of the *jīvātmā* itself. As the *Antaryāmin*, He controls, sustains, and guides both the *jīvātmā* and the body. Thus, He alone is the true inner ruler of all existence.

This sacred hymn was composed by Viṣṇucitta, whose mind was constantly immersed in the contemplation of the all-pervading Viṣṇu. Those who recite this *Tiruppallāṇḍu* with devotion, understanding their true nature as belonging entirely to Bhagavān, and who meditate upon the essence of the *Aṣṭākṣara Mahāmantra* embodied in the phrase “Namo Nārāyaṇa,” attain the grace of the Lord. Through such remembrance, the *jīvātmā* becomes freed from all inauspiciousness, transcends the cycle of birth and death, and attains the supreme abode of Bhagavān.

Therefore, Periyāḻvār's final message is an invitation to all devotees: “Sing *pallāṇḍu* to our beloved Lord everywhere, at all times, and in every direction. Glorify Him ceaselessly and proclaim His auspiciousness. For when the Lord is praised and protected through loving devotion, even the most inauspicious of times becomes supremely auspicious. Let every place become sanctified by His names, and let every moment be filled with *pallāṇḍu*.”",Periyāḻvār,Kūḍal Aḻagar Perumāḷ,,"Vātsalya,Tirunāma Anubhavam",1.12,Thirupallāṇḍu
145,138,கண்ணி நுண் சிறுத் தாம்பினால்கட்டுண்ணப் பண்ணிய பெருமாயன்என்னப்பனில்நண்ணித் தென் குருகூர்நம்பி என்றக்கால்அண்ணிக்கும் அமுதூறும்என் நாவுக்கே,"kaṇṇi nuṇ śiṟu ttāmbināl
kaṭṭuṇṇa ppaṇṇiya perumāyan
ennappanil
naṇṇi tten kurugūr
nambi enṟakkāl
aṇṇikkum amudūṟum
ennāvukkē","My Lord, Kaṇṇan Emperumān, the Supreme Being Himself, allowed Himself to be bound by thin little ropes in the hands of Yaśōdā. Yet sweeter than that divine sight, and more nectarean to my tongue, is the very act of chanting the name of Nammāḻvār, the glorious leader of Southern Thirukkuṟugūr. His name lingers on my tongue with bliss greater than any divine pastime of the Lord.","With exclusive devotion towards Nammāḻvār, his Ācārya, Madhurakavi Āḻvār composed the divine Prabandham *Kaṇṇinuṇ Ciṟuttāmbu*. Throughout this Prabandham, he establishes the principle of *Ācārya Śeṣatvam* to its highest extent. For Madhurakavi Āḻvār, Nammāḻvār is everything. His attachment to his Ācārya is so absolute that Nammāḻvār becomes dearer, closer, and more significant to him than even Bhagavān, the Sarvaśeṣi Himself. This is not a diminution of Bhagavān's greatness, but rather an expression of the supreme reverence accorded to the Ācārya, through whom Bhagavān is truly known and attained.

Madhurakavi Āḻvār begins the Prabandham by recalling Śrī Kṛṣṇa's celebrated Dāmodara līlā. Nammāḻvār, upon experiencing this divine event through his spiritual vision, became overwhelmed by the Lord's *Saulabhyam*. The Supreme Being, the ruler and controller of countless universes, allowed Himself to be bound by Yaśodā with a simple rope. The sweetness of this act so captivated Nammāḻvār that he remained immersed in divine ecstasy and unconscious to the external world for months. Therefore, Madhurakavi Āḻvār deliberately chooses this incident as the opening theme of his work.

The rope used by Yaśodā was a short cord tied together with many knots, yet it was insufficient to encircle the Lord. The Supreme Lord, who pervades all existence and transcends all limitations, cannot truly be measured or contained by anything within creation. Yet, out of affection for Yaśodā's boundless motherly love (*vātsalya*), Bhagavān Himself contracted His divine form and allowed Himself to be bound. The rope left marks upon His abdomen, earning Him the name Dāmodara. The Lord who binds the entire universe within His Māyā willingly submitted Himself to being bound by His devotee. The One who liberates all souls from the bondage of saṁsāra accepted bondage for the sake of love. What an astonishing mystery! What immeasurable compassion, accessibility, and affection shine forth in this divine pastime!

Yet Madhurakavi Āḻvār declares that his master Nammāḻvār, who experienced and revealed these divine truths, is even sweeter and more accessible to him than Bhagavān Himself. There was once a time when his heart was drawn directly towards Bhagavān. Now, however, he has surrendered completely to the sacred feet of Nammāḻvār, the exalted saint of Tirukkurugūr, lovingly known as *Teṉkurugūr Nambi*. Nammāḻvār is the very embodiment of *Kṛṣṇa-tṛṣṇā-bhakti*, an insatiable thirst for Kṛṣṇa and His divine qualities.

Such is Madhurakavi Āḻvār's devotion that merely uttering the name of his Ācārya fills him with indescribable joy. Every time he recites the name of Nammāḻvār, his tongue experiences a sweetness comparable to divine nectar. The name of the Ācārya becomes his sustenance, his delight, and his refuge.",Madhurakavi Āḻvār,,Śrī Kṛṣṇa,Ācārya Śeṣatvam,1.01,Kaṇṇinuṇciṟuttāmpu
146,139,நாவினால் நவிற்றுஇன்பம் எய்தினேன்மேவினேன்அவன் பொன் அடி மெய்ம்மையேதேவு மற்றறியேன்குருகூர் நம்பிபாவின் இன் இசைபாடித் திரிவனே,"nāvināl naviṭru
inbam eydinēn
mēvinēn
avan pon aḍi meymmaiyē
tēvu maṭraṟiyēn
kurugūr nambi
pāvin in iśai
pāḍi ttirivanē","My tongue overflowed with bliss as I recited Āḻvār’s pāsurams. I have completely surrendered at his divine feet. I know no refuge apart from this Āḻvār of Thirukkuṟugūr, adorned with all auspicious qualities. With his pāsurams set to music, I shall go everywhere, joyfully singing his glories.","Madhurakavi Āḻvār continues to sing the glories of Nammāḻvār with unbounded devotion. Such is the greatness of his Ācārya that even without understanding the deeper meanings behind Nammāḻvār's sacred names, merely reciting them fills the heart with an indescribable sweetness. What divine taste lies hidden within those names! Their nectar is not dependent upon intellectual comprehension; it is experienced directly by the devotee whose heart has become attached to the Ācārya.

The feet of Nammāḻvār have completely captivated Madhurakavi Āḻvār. With pure, unwavering, and exclusive devotion, he has surrendered himself entirely unto them. So profound is his attachment that he declares that he knows no other deity apart from Nammāḻvār. This is the highest expression of *Ācārya-bhakti*. For Madhurakavi Āḻvār, Nammāḻvār is the one who revealed Bhagavān, instructed him in the truths of the scriptures, and transformed his life. Therefore, his devotion remains firmly fixed upon his Ācārya.

He marvels at the boundless compassion of Nammāḻvār. The mercy of the Ācārya is immediate and tangible, reaching out to uplift even the most fallen jīvātmā. It is this extraordinary compassion that overwhelms Madhurakavi Āḻvār and causes him to celebrate his master in the strongest possible terms. Through Nammāḻvār's grace, he has gained access to the sweetness of Bhagavān and the path leading to eternal service.

Overcome with emotion, he praises the divine pāsurams of Tiruvāymoḻi. To him, these hymns are not merely compositions but an inexhaustible ocean of nectar. Bhagavān, Nammāḻvār, the Tiruvāymoḻi itself, and the musical recitation of its verses merge into a single experience of divine bliss. Every word of Tiruvāymoḻi is saturated with devotion, every verse reveals profound truths, and every melody melts the heart of the listener.

The sweetness of these pāsurams surpasses all other forms of delight. Their musical recitation appears to Madhurakavi Āḻvār even more melodious and nectar-like than the chanting of the Sāma Veda itself. The ears never tire of hearing them, and the heart never becomes satiated with their beauty. The more they are recited, the greater becomes the longing to hear them again.

Therefore, Madhurakavi Āḻvār resolves that he will sing and recite these sacred hymns everywhere. He desires to spend his life celebrating the glory of Nammāḻvār and spreading the nectar of Tiruvāymoḻi throughout the world. His sole refuge, his greatest treasure, and his ultimate goal remain the sacred feet of Teṉkurugūr Nambi.

Thus, he declares his complete surrender to the beneficent Nammāḻvār. Having tasted the sweetness of his Ācārya's names, teachings, and divine hymns, he seeks nothing else. The feet of Nammāḻvār alone are his shelter",Madhurakavi Āḻvār,,,Ācārya Śeṣatvam,1.02,Kaṇṇinuṇciṟuttāmpu
147,140,திரி தந்தாகிலும்தேவ பிரான் உடைகரிய கோலத்திரு உருக் காண்பன் நான்பெரிய வண் குருகூர்நகர் நம்பிக்கு ஆள் உரியனாய்அடியேன்பெற்ற நன்மையே,"tiri tandāgilum\
tēva pirān uḍai\
kariya kōla\
tiru uru kkāṇban nān\
periya vaṇ kurugūr\
nagar nambikkāḻ uriyanāy\
aḍiyēn\
peṭra nanmaiyē","I, who was once the devoted servitor of Āḻvār, lost hold of that noble position. Yet by his grace, I beheld Śrīman Nārāyaṇa, the dark-hued sovereign of the eternal nityasūrīs. Such wondrous fortune came to me solely because I remained the true servant of the great Āḻvār who incarnated in the generous land of Thirukkuṟugūr.","By experiencing the pāsurams of Nammāḻvār and witnessing their profound effects, Madhurakavi Āḻvār comes to appreciate the true greatness of his master. It is solely through the grace of Nammāḻvār that he is able to experience Bhagavān Himself. Without the intervention of the Ācārya, the greatness of Bhagavān would have remained inaccessible to him. Therefore, every spiritual experience, every insight, and every glimpse of the Divine is attributed entirely to the compassion and blessings of Nammāḻvār.

Seeing the unparalleled devotion of Madhurakavi Āḻvār towards his Ācārya, Nammāḻvār desired that Bhagavān should reveal Himself to his disciple. Bhagavān, who never allows the wishes of His devotees and Ācāryas to go unfulfilled, gladly accepted this desire. Just as a loving child listens to the words of its mother, Bhagavān listened to Nammāḻvār and manifested Himself before Madhurakavi Āḻvār. Delighted by the extraordinary *Ācārya Śeṣatvam* displayed by Madhurakavi Āḻvār, Bhagavān revealed Himself in His enchanting form as Nīlamegha Śyāma, the dark cloud-hued Lord whose beauty captivates all beings.

Yet, even after receiving this divine vision, Madhurakavi Āḻvār does not attribute it to his own merit. He recognizes that this blessing has come solely through the grace, desire, and intercession of Nammāḻvār. Therefore, while he offers his reverence to Deivapirān, the Lord of the Nityasūris, he does so with the understanding that Bhagavān became accessible to him only because of his Ācārya's compassion. The vision of Bhagavān becomes yet another testimony to the greatness of Nammāḻvār.

Nammāḻvār's heart is filled with immeasurable love for Bhagavān and for Paramapada, the eternal abode where the Nityasūris render uninterrupted service to the Lord. Endowed with countless auspicious qualities and completely absorbed in devotion to Bhagavān, Nammāḻvār stands as the ideal Ācārya. For Madhurakavi Āḻvār, such a master alone is worthy of complete surrender. It is because he surrendered to Nammāḻvār that Bhagavān chose to reveal Himself to him.

Madhurakavi Āḻvār therefore proclaims that he has no desire to approach Bhagavān independently. To seek Bhagavān without the guidance and grace of an Ācārya would be, in his eyes, a grave mistake. The proper path is to approach the Lord through the lineage of Ācāryas, beginning with Nammāḻvār. Only through the mediation of the Ācārya does Bhagavān become truly known, loved, and attained. Thus, he does not adore Bhagavān separately; he adores Bhagavān because Bhagavān is beloved to Nammāḻvār. The Lord becomes precious to him because He is precious to his master.

For Madhurakavi Āḻvār, Nammāḻvār remains his refuge, his master, and his everything. The greatness of Bhagavān is not denied, but it is experienced entirely through the lens of Ācārya-bhakti. Even if, due to his own misfortune and accumulated karma, he were somehow to lose the intensity of his devotion towards Nammāḻvār, he declares that he would still remain devoted to Bhagavān, for such devotion itself is a gift received from his Ācārya. The bond established by Nammāḻvār can never truly be broken.",Madhurakavi Āḻvār,,,Ācārya Śeṣatvam,1.03,Kaṇṇinuṇciṟuttāmpu
148,141,நன்மையால் மிக்கநான்மறை ஆளர்கள்புன்மை ஆகக்கருதுவர் ஆதலின்அன்னையாய் அத்தனாய்என்னை ஆண்டிடும் தன்மையான்சடகோபன்என் நம்பியே,"nanmaiyāl mikka\
nānmaṟai āḻargaḻ\
punmai āga\
karuduvar ādalin\
annaiyāy attanāy\
ennai āṇḍiḍum tanmaiyān\
śaḍagōban\
en nambiyē","Those learned in the four Vedas and renowned for their noble deeds rejected me, considering me lowly and insignificant. But Nammāḻvār accepted me as his own, becoming both my mother and my father. He alone is my refuge, protector, and lord.","There are great and compassionate personalities who overlook countless faults and focus instead upon a single auspicious quality. Even if a person is burdened with many shortcomings, one noble trait is sufficient for them to shower their grace. Such is their greatness. Just as Gajendra, standing amidst muddy waters, noticed the beauty of a single lotus and desired to offer it to Bhagavān, these exalted beings seek out whatever is good and worthy in others rather than dwelling upon their defects.

There are also those whose compassion extends even towards those who have wronged them. Prahlāda desired forgiveness and welfare for his father Hiraṇyakaśipu, despite the immense suffering inflicted upon him. Sītā Devī, while enduring hardship in Aśokavana, showed kindness towards Trijaṭā and her companions. Similarly, Kūrattāzhvān prayed for the liberation of Nāḷūrān, the very minister whose actions resulted in the loss of his eyesight. Such incidents reveal the extraordinary mercy possessed by the great devotees of Bhagavān.

Madhurakavi Āḻvār, however, speaks from the depths of humility. Although he is adorned with many auspicious qualities, he represents the condition of the ordinary jīvātmā and regards himself as one filled with faults and deficiencies. He feels that even these great and compassionate personalities, who readily overlook the transgressions of others, might reject him because of his innumerable shortcomings.

Yet there is one refuge who never abandons anyone: Nammāḻvār. Madhurakavi Āḻvār proclaims that his Ācārya accepts him without examining whether he possesses virtues or faults. Nammāḻvār's compassion is not dependent upon qualification. He embraces those who seek refuge in him simply because it is his very nature to uplift and protect.

To Madhurakavi Āḻvār, Nammāḻvār fulfills every role necessary for the spiritual welfare of the jīvātmā. Like a mother, he offers unconditional affection and acceptance. Like a father, he imparts instruction and teaches the path of righteousness. Like a leader, he guides the disciple towards Bhagavān and protects him from spiritual downfall. Thus, Nammāḻvār becomes the complete benefactor of the jīvātmā.

The very nature of Śaṭhakōpan is to remove ignorance and destroy everything that obstructs the jīvātmā's progress towards Bhagavān. Therefore, Madhurakavi Āḻvār lovingly addresses him as Śaṭhakōpan. He is also *Nambi*, the perfect and complete one, adorned with every auspicious quality and lacking nothing. For Madhurakavi Āḻvār, Nammāḻvār has become everything. He is mother, (father, Ācārya, guide, protector, and master, hence called as nambi.

Having experienced such immeasurable grace, Madhurakavi Āḻvār finds no refuge apart from Nammāḻvār. The one who accepted him without considering his faults, instructed him in the truths of Bhagavān, and led him onto the path of eternal *kainkaryam* has become his all in all. Therefore, he remains firmly established at the sacred feet of Nammāḻvār, whom he regards as his greatest treasure, eternal refuge, and *sarvasvam*.",Madhurakavi Āḻvār,,,Ācārya Śeṣatvam,1.04,Kaṇṇinuṇciṟuttāmpu
149,142,நம்பினேன்பிறர் நன் பொருள் தன்னையும்நம்பினேன்மடவாரையும் முன் எலாம்செம்பொன் மாடத்திருக் குருகூர் நம்பிக்கு அன்பனாய்அடியேன்சதிர்த்தேன் இன்றே,"nambinēn\
piṟar nan poruḻ tannaiyum\
nambinēn\
maḍa vāraiyum mun elām\
śem pon māḍa\
tiru kkurugūr nambikkanbanāy\
aḍiyēn\
śadirttēn inṟē","In the past, I was attached to worldly pleasures and driven by desire and delusion. Through the grace of Nammāḻvār, I was corrected, uplifted, and transformed into his devoted servitor. That very Nammāḻvār is the illustrious leader of Thirukkuṟugūr, the town adorned with golden mansions.","Madhurakavi Āḻvār continues to express profound humility while glorifying the transformative grace of Nammāḻvār. He reflects upon his previous condition and how completely his life was redirected by the compassion of his Ācārya. He describes himself as one who had stolen another's property. What property had he stolen, and from whom? The answer lies in the fundamental truth of the relationship between the jīvātmā and Bhagavān.

Every jīvātmā belongs exclusively to Bhagavān. He alone is the rightful owner, while all jīvātmās exist as His eternal servants. Yet, when a person identifies with the notions of ""I"" and ""mine"" instead of recognizing their dependence upon Him, they falsely appropriate what belongs to Bhagavān. In that sense, Madhurakavi Āḻvār regards himself as a thief. By forgetting his true nature as a servant and imagining independence, he had unlawfully claimed ownership over what belonged solely to the Lord.

Nor was this his only fault. He had once been attracted to worldly pleasures, material possessions, and sensory enjoyments. Like ordinary people immersed in saṁsāra, his mind wandered towards transient objects and fleeting delights. But that belonged to his past. Everything changed through the grace of Nammāḻvār.

Madhurakavi Āḻvār beautifully compares this transformation to discovering an unexpected treasure. From a distance, he saw a radiant golden lustre shining beyond a great wall. Naturally, he expected to find something valuable, perhaps a heap of precious gems. Yet, when he approached and entered, he discovered something far more valuable than anything he had imagined. He found Nammāḻvār. What are ordinary gems when compared to an Ācārya who reveals Bhagavān and grants the wealth of eternal service? The treasure he discovered surpassed all worldly riches and even exceeded his highest expectations.

Such is the greatness of Nammāḻvār that he was prepared to grant even Vaikuṇṭha itself to Madhurakavi Āḻvār. This raises an astonishing question. How can one who considers himself a thief, burdened with faults and shortcomings, become worthy of such a reward? The answer lies entirely in the boundless compassion of the Ācārya. Nammāḻvār did not scrutinize his defects, nor did he demand qualifications. Instead, he accepted him exactly as he was and resolved to uplift him.

Through his grace, Nammāḻvār transformed Madhurakavi Āḻvār's entire outlook on life. The pride born of ego and possessiveness was removed. In place of self-centredness arose the realization that he was not an independent being but a servant. More specifically, he came to understand himself as a servant of his Ācārya, whose feet became his sole refuge and wealth.

Yet Madhurakavi Āḻvār marvels that Nammāḻvār's grace did not stop there. Accepting him despite all his shortcomings was itself extraordinary. Redirecting his life towards Bhagavān was an even greater blessing. But Nammāḻvār bestowed a favour surpassing all others: he accepted Madhurakavi Āḻvār as his own disciple. He became his Ācārya and took personal responsibility for his spiritual welfare.

For Madhurakavi Āḻvār, this is the pinnacle of grace and compassion. The one who was unworthy was accepted. The one who had forgotten his true nature was instructed. The one who wandered in worldly pursuits was guided towards eternal truth. Therefore, he stands overwhelmed with gratitude, seeing in Nammāḻvār not merely a teacher but the very embodiment of divine mercy, whose compassion transformed a fallen jīvātmā into a devoted servant.",Madhurakavi Āḻvār,,,Ācārya Śeṣatvam,1.05,Kaṇṇinuṇciṟuttāmpu
150,143,இன்று தொட்டும்எழுமையும் எம்பிரான்நின்று தன் புகழ்ஏத்த அருளினான்குன்ற மாடத்திருக் குருகூர் நம்பிஎன்றும் என்னைஇகழ்விலன் காண்மினே,"inṟu toṭṭum\
ezumaiyum embirān\
ninṟu tan pugaz\
ētta aruḻinān\
kunṟa māḍa\
tiru kkurugūr nambi\
enṟum ennai\
igaz vilan kāṇminē","As the lord of Thirukkuṟugūr, my svāmi Nammāḻvār showered his boundless mercy upon me and inspired me to sing his glories. His compassion is unwavering, and he will never abandon me.","Immersed in the bliss of his Ācārya's grace, Madhurakavi Āḻvār continues to describe the unique greatness of Nammāḻvār. He reflects upon the distinction between the grace of Bhagavān and the grace of the Ācārya. Once a jīvātmā surrenders at the sacred feet of Nammāḻvār, that relationship continues forever. The disciple remains eternally engaged in the service of the Ācārya, both in this world and in the eternal realm.

Bhagavān, out of His absolute independence (*Svātantrya*), determines when a surrendered jīvātmā will attain Mokṣa and enter Paramapada. The timing rests entirely upon His divine will. The Ācārya's grace, however, manifests immediately and tangibly. From the very moment one takes refuge under the Ācārya, opportunities for service arise. In this material world, one serves the Ācārya through devotion, obedience, and remembrance. Upon attaining Paramapada, that service does not cease, for the relationship with the Ācārya is eternal.

Madhurakavi Āḻvār further reflects upon the accessibility of the Ācārya. Bhagavān is attained through His grace by those who possess the required spiritual maturity, knowledge, devotion, or surrender. The Ācārya, however, extends his compassion even to the most fallen. Nammāḻvār does not wait for qualification. Rather, he himself creates qualification within the disciple. He showers grace even upon those who consider themselves the lowest among the lowly. Such is the boundless mercy of the Ācārya.

Indeed, the devotion shown towards the Ācārya is itself a gift granted by the Ācārya. Left to themselves, jīvātmās wander endlessly in saṁsāra. It is the Ācārya who redirects their lives, implants devotion within their hearts, and teaches them the path leading to Bhagavān. Therefore, the true devotees of the Ācārya cherish service to him above all else. Whether in this world or in Paramapada, their greatest joy lies in serving the one who revealed Bhagavān to them.

Nammāḻvār, the glorious Tirukkurugūr Nambi, is thus celebrated as the embodiment of grace. His compassion does not stand apart from Bhagavān's compassion; rather, it carries and conveys it. Just as a pond contains water drawn from the vast ocean and makes it accessible to those nearby, the Ācārya makes the immeasurable grace of Bhagavān accessible to ordinary jīvātmās.

The greatness of the Ācārya is further demonstrated by Bhagavān Himself. Was it not Bhagavān who appeared as Nara-Nārāyaṇa Ṛṣi and instructed the sacred truths of the Aṣṭākṣarī? Was it not Bhagavān who became the Gītācārya and taught the Bhagavad Gītā to Arjuna? The Lord Himself repeatedly assumes the role of an Ācārya for the upliftment of the world. Such is the exalted nature of the Ācārya's position.

Madhurakavi Āḻvār's praise of Nammāḻvār should not be misunderstood as diminishing the ontological supremacy of Bhagavān. Bhagavān alone remains the Supreme Reality, the ultimate goal, and the master of all. Rather, Madhurakavi Āḻvār is emphasizing the indispensable role of the Ācārya. Without the guidance and grace of the Ācārya, attainment of Bhagavān is impossible. Therefore, he celebrates the greatness of Nammāḻvār with unsurpassed enthusiasm and gratitude.

The grace of the Ācārya is visible and transformative. One can clearly observe the difference between a person before receiving Ācārya-anugraha and after receiving it. The mind becomes purified, conduct becomes refined, devotion becomes steady, and life itself acquires a divine purpose. This transformation is the living testimony to the power of the Ācārya's compassion. Thus, Madhurakavi Āḻvār remains forever immersed in gratitude towards Nammāḻvār, whose grace transformed his life and directed him towards eternal service to Bhagavān.",Madhurakavi Āḻvār,,,Ācārya Śeṣatvam,1.06,Kaṇṇinuṇciṟuttāmpu
151,144,கண்டு கொண்டென்னைக்காரி மாறப்பிரான்பண்டை வல்வினைபாற்றி அருளினான்எண்டிசையும்அறிய இயம்புகேன்ஒண் தமிழ்சடகோபன் அருளையே,"kaṇḍu koṇḍennai\
kāri māṟappirān\
paṇḍai valvinai\
pāṭri aruḻinān\
eṇḍiśaiyum\
aṟiya iyambugēn\
oṇ tamiz\
śaḍagōban aruḻaiyē","Nammāḻvār, the illustrious son of Poṟkāri and known as Kārimāran, graciously accepted me into his service and erased the sins accumulated from beginningless time. I shall proclaim in all directions the greatness of his mercy and the glory of the divine Tamil pāsurams he composed.","Nammāḻvār, born to Kari and Uḍaiya Naṅgai, came to be known as Māraṉ and Māri Pirān. Through the divine outpouring of Tiruvāymoḻi, he transformed the direction of devotion for countless jīvātmās and established the path leading directly to Bhagavān. Therefore, Madhurakavi Āḻvār glorifies him as the one who bestows immeasurable benefit upon all, guiding them towards right knowledge and true devotion. In the overwhelming gratitude of Ācārya-bhakti, he regards Nammāḻvār's beneficence as even more immediate and meaningful to him than that of Bhagavān Himself, for it was through Nammāḻvār that Bhagavān became known and attainable.

Madhurakavi Āḻvār especially celebrates the grace-filled glance of his master. Nammāḻvār cast his compassionate eyes upon him and transformed his life forever. The greatness of the Ācārya's glance is beautifully described by Vedānta Deśika in *Subhāṣita Nīvī*: &lt;verse&gt; ekaiva guroḥ dṛṣṭir dvābhyām vāpi labhyate |\
Yan na labhyaṁ aṣṭabhiḥ, sahasreṇāpi kā ratiḥ || &lt;/verse&gt;

The meaning conveyed is that a single glance from the Ācārya possesses a salvific power that surpasses even the combined gaze of many divine eyes. Even if one were to combine the three eyes of Śiva, the eight eyes of Brahmā, and the thousand eyes of Indra, they would still not equal the transformative grace contained in a single compassionate glance from an Ācārya directed towards his disciple. The *kaṭākṣa* of the Ācārya is regarded as the supreme means for removing ignorance and bestowing divine grace.

Madhurakavi Āḻvār experiences this truth directly. By the grace of Nammāḻvār's compassionate glance alone, the ignorance accumulated from beginningless time is destroyed. The burden of karma, which had bound him to saṁsāra for countless births, begins to dissolve. Not only are past sins removed, but even those obstacles that hinder service to the Ācārya are gradually eliminated. Such is the power of Nammāḻvār's mercy.

Overwhelmed by gratitude, Madhurakavi Āḻvār resolves to dedicate his life to spreading the glory of his master. Just as messengers travel throughout a village announcing joyful news, he desires to proclaim the greatness of Nammāḻvār in all eight directions of the world. The divine pāsurams of Tiruvāymoḻi are like intoxicating honey, overflowing with sweetness, wisdom, and devotion. Having tasted that nectar himself, he wishes to share it with everyone.

Therefore, he vows to spread the teachings and hymns of Nammāḻvār to the fullest extent of his ability. The one to whom he has surrendered is Śaṭhakōpan, the great saint who overcame the influence of the *śaṭa-vāyu* and remained untouched by the delusions of Māyā. By conquering the forces that bind ordinary jīvātmās to saṁsāra, Nammāḻvār became the beacon who illuminates the path to Bhagavān for all generations.

Thus, Madhurakavi Āḻvār concludes with a heart overflowing with gratitude. The grace-filled glance of Nammāḻvār removed his ignorance, purified his life, and bestowed upon him the wealth of devotion. In return, he seeks only one service: to proclaim the sweetness of Tiruvāymoḻi and the greatness of Śaṭhakōpan throughout the world, so that countless other jīvātmās may likewise come under the shelter of his divine feet.",Madhurakavi Āḻvār,,,Ācārya Śeṣatvam,1.07,Kaṇṇinuṇciṟuttāmpu
152,145,அருள் கொண்டாடும்அடியவர் இன்புறஅருளினான்அவ்வருமறையின் பொருள்அருள் கொண்டுஆயிரம் இன் தமிழ் பாடினான்அருள் கண்டீர்இவ்வுலகினில் மிக்கதே,"aruḻ koṇḍāḍum\
aḍiyavar inbuṟa\
aruḻinān\
avvarumaṟaiyin poruḻ\
aruḻ koṇḍu\
āyiram in tamiz pāḍinān\
aruḻ kaṇḍīr\
ivvulaginil mikkadē","Out of infinite compassion, Nammāḻvār composed the thousand pāsurams of Thiruvāymoḻi, presenting the very essence of the Vedas for the delight of the Lord’s devotees. This act of grace, through which profound divine truths were made accessible to all, surpasses every other blessing in this world.","The divine pāsurams of Nammāḻvār are especially relished by those who delight in the glories of Bhagavān. Periyavāccān Piḷḷai, in his commentary, explains that such devotees include the other Āḻvārs themselves, particularly Tirumaṅgai Āḻvār and the great devotees who recognized the immeasurable greatness of Nammāḻvār's compositions. Those whose hearts are immersed in Bhagavān naturally find themselves drawn to Tiruvāymoḻi, for it is nothing less than an ocean of His auspicious qualities, divine sports, and supreme truths.

Through the pāsurams of Tiruvāymoḻi, Nammāḻvār revealed the meanings of the Vedas in a manner accessible to all. The Vedas contain the highest truths concerning Bhagavān, the jīvātmā, and the means to attain Him. Yet their teachings are often presented in concise, symbolic, and deeply encoded language, making them difficult for ordinary people to comprehend. Their true meanings require extensive study, contemplation, and guidance from learned teachers.

Nammāḻvār, however, out of boundless compassion, took those profound truths and expressed them in the sweet language of Tamil. The essential teachings of the Vedas, which remain hidden beneath layers of mantra, upaniṣadic expression, flow openly and beautifully through the verses of Tiruvāymoḻi. What is difficult to grasp in the Vedas becomes clear and accessible through the grace-filled words of Nammāḻvār.

The Vedas themselves declare that their greatness lies in revealing Brahman, Bhagavān. As the scriptures affirm:  brahma̍ṇā̠ vāva sarvē̍ vē̠dā mahī̍yantē

The glory of the Vedas does not arise merely from their antiquity or sacredness, but because they reveal Bhagavān and impart knowledge of His true nature. That knowledge of Bhagavān is the hidden treasure contained within the Vedas. It is their essence, their purpose, and their highest teaching. Nammāḻvār brought forth this hidden treasure and distributed it freely to the world through Tiruvāymoḻi. By the grace bestowed upon him by Bhagavān Himself, he distilled the essence of the Vedas and poured it into the sacred language of Tamil. Therefore, Tiruvāymoḻi is celebrated as the *Drāviḍa Veda*, for it communicates the same eternal truths that are found in the Sanskrit Vedas while making them accessible to all seekers.

For this reason, Madhurakavi Āḻvār regards Nammāḻvār's grace as immeasurable. Bhagavān bestowed His grace upon Nammāḻvār, and Nammāḻvār, in turn, shared that grace with the entire world through his divine compositions. The treasure that remained hidden within the Vedas became available to all through the compassion of the Āḻvār. Periyavāccān Piḷḷai further makes a remarkable observation regarding this pāsuram. He explains that the greatness of Tiruvāymoḻi is not limited to this world alone. Even in Paramapada, the supreme abode of Bhagavān, the divine sweetness of Tiruvāymoḻi is celebrated. Its glory extends beyond the material realm and continues eternally. Such is its excellence that even Bhagavān Himself delights in hearing and enjoying the pāsurams of Nammāḻvār.

Thus, Madhurakavi Āḻvār glorifies Nammāḻvār as the one who unveiled the hidden treasure of the Vedas and offered it to all jīvātmās through Tiruvāymoḻi. The grace that made the inaccessible accessible, the hidden manifest, and the profound understandable is the grace of Nammāḻvār.",Madhurakavi Āḻvār,,,Ācārya Śeṣatvam,1.08,Kaṇṇinuṇciṟuttāmpu
153,146,மிக்க வேதியர்வேதத்தின் உட்பொருள்நிற்கப் பாடிஎன் நெஞ்சுள் நிறுத்தினான்தக்க சீர்ச்சடகோபன் என் நம்பிக்குஆட்புக்க காதல்அடிமைப் பயனன்றே,"mikka vēdiyar\
vēdattin uṭporuḻ\
niṟka ppāḍi\
en neñjuḻ niṟuttinān\
takka śīr\
śaḍagōban en nambikku\
āṭpukka kādal\
aḍimai ppayananṟē","Nammāḻvār revealed to me the essence of the Vedas, treasured by great scholars, and firmly established that wisdom within my heart. Through his grace, I attained the exalted state of becoming his devoted servitor.","The Vedas possess immeasurable glory. They reveal truths that cannot be discovered through logic, speculation, or mere intellectual analysis. Bhagavān transcends the grasp of the mind and senses, and therefore knowledge of Him cannot be attained by independent effort alone. Only the Vedas, which originate from Bhagavān Himself, are capable of revealing His true nature, His auspicious qualities, the nature of the jīvātmā, and the means to attain Him. Those who have properly studied, understood, and realized the teachings of the Vedas are indeed worthy of the highest reverence.

Yet even the Vedas remain difficult to comprehend without the grace of an Ācārya. Their teachings are profound and often expressed in subtle and concealed forms. Without proper guidance, the essential meanings remain inaccessible even to the learned. It is only through the compassion of the Ācārya that the hidden truths of the Vedas become clear and capable of being put into practice.

Recognizing the difficulty faced by ordinary people, Nammāḻvār out of boundless compassion composed the Tiruvāymoḻi. The profound teachings that are scattered throughout the Vedas were gathered together and presented in sweet Tamil verses so that they could remain firmly established in the minds of devotees. What is difficult to grasp in the Vedas becomes natural and accessible through the pāsurams of Tiruvāymoḻi. Nammāḻvār not only explained the truths of the Vedas but also enabled devotees to internalize them and live according to them.

Madhurakavi Āḻvār, representing the condition of ordinary jīvātmās, marvels at this grace. He describes his own mind as being hard like stone, incapable of understanding lofty spiritual truths. Yet the pāsurams of Nammāḻvār penetrated even such a hardened mind and revealed the treasures hidden within the Vedas. Through Tiruvāymoḻi, he came to understand the true nature of the jīvātmā and its eternal relationship with Bhagavān. More importantly, these pāsurams immersed his mind in *Bhagavat-śeṣatvam*, the realization that the jīvātmā exists solely for the service and pleasure of Bhagavān.

Madhurakavi Āḻvār therefore declares that Śaṭhakōpan alone is truly qualified to sing the glories of Bhagavān. Who else possesses such purity of heart, such realization of divine truths, and such intimate experience of Bhagavān's auspicious qualities? Nammāḻvār alone was uniquely fitted for this sacred task. Through Tiruvāymoḻi, he revealed Bhagavān in a manner that no one else could. Yet what amazes Madhurakavi Āḻvār even more is Nammāḻvār's compassion. The very Āḻvār who was qualified to glorify Bhagavān in the highest manner did not remain distant and inaccessible. Instead, he accepted even an insignificant person such as Madhurakavi Āḻvār. Therefore, Nammāḻvār is not merely Śaṭhakōpan, the revealer of divine truths, but also Nambi, the complete and compassionate master who graciously accepted an unworthy disciple.

The greatest wonder, according to Madhurakavi Āḻvār, is the immediate efficacy of the Ācārya's grace. The moment a genuine desire arises to serve the Ācārya, the Ācārya responds with compassion and acceptance. Through his grace, the disciple is led towards surrender (*śaraṇāgati*) and spiritual transformation. The path that would otherwise require immense effort and countless qualifications becomes attainable through the mercy of the Ācārya.

Thus, Madhurakavi Āḻvār concludes that Nammāḻvār's compassion is unparalleled. The one who revealed the essence of the Vedas, established countless jīvātmās in Bhagavat-śeṣatvam, and accepted even the most unworthy among them as his own disciple remains his sole refuge. Therefore, he clings firmly to the feet of Nammāḻvār, convinced that the grace of the Ācārya is the surest means to attain Bhagavān and eternal service at His divine feet.",Madhurakavi Āḻvār,,,Ācārya Śeṣatvam,1.09,Kaṇṇinuṇciṟuttāmpu
154,147,பயன் அன்றாகிலும்பாங்கல்லர் ஆகிலும்செயல் நன்றாகத்திருத்திப் பணி கொள்வான்குயில் நின்றார் பொழில் சூழ்குருகூர் நம்பிமுயல்கின்றேன்உன் தன் மொய் கழற்கன்பையே,"payan anṟāgilum\
pāṅgallar āgilum\
śeyal nanṟāga\
tirutti ppaṇi koḻvān\
kuyil ninṟār pozil śūz\
kurugūr nambi\
muyalginṟēn\
un tan moy kazaṟkanbaiyē","O Nammāḻvār, who dwells in fertile Thirukkuṟugūr where cuckoos sing amidst flourishing groves! Though you seek no personal gain, you tirelessly uplift the people of the world, guiding them toward divine servitude through your words and example. It is toward such a compassionate master that I continually deepen my affection.","In this pāsuram, Madhurakavi Āḻvār provides a clear and concise instruction regarding the indispensable role of the Ācārya. It is the Ācārya alone who makes a jīvātmā realize its true nature. Without the grace of the Ācārya, how can one understand that one's real identity is not that of an independent being, but that of a servant of the servants of Bhagavān? *Bhāgavata-śeṣatvam* is the true svarūpa of the jīvātmā, while *Bhagavat-śeṣatvam* is its eternal and intrinsic nature. These truths, though repeatedly taught in the scriptures, become firmly established in the heart only through the compassionate guidance of the Ācārya.

The greatness of the Ācārya lies in the fact that he seeks nothing in return for this service. He gains no personal benefit by correcting, instructing, and uplifting others. His actions are motivated solely by compassion. Throughout the scriptures we find numerous examples of exalted personalities who instructed others without any selfish motive. Sītā Devī advised Rāvaṇa to abandon his sinful desire and return to the path of righteousness. Vibhīṣaṇa repeatedly counselled Rāvaṇa to release Sītā and avoid enmity with Śrī Rāma. Prahlāda instructed his father Hiraṇyakaśipu that Nārāyaṇa alone is the true protector, father, and master of all beings. None of them stood to gain personally from offering such advice. They spoke only out of compassion and a desire for the welfare of others.

The Āḻvārs and Ācāryas stand in the same tradition. They derive no benefit by correcting us, teaching us the truths of the scriptures, or directing us towards Bhagavān. Their sole purpose is the upliftment of jīvātmās. Even when faced with individuals who seem unwilling to change, like Rāvaṇa or Hiraṇyakaśipu, compassionate teachers continue to show the proper path and impart right knowledge. Whether the disciple is receptive or resistant, qualified or unqualified, the Ācārya never abandons his duty. He continues to bestow grace and guidance without discrimination.

Such is Nammāḻvār, the embodiment of all auspicious qualities. Born in sacred Tirukkurugūr, he appeared for the welfare of all jīvātmās. The holy land of Tirukkurugūr itself is celebrated for its beauty, where nature joins in devotion to Bhagavān. The birds, trees, rivers, and all living beings seem to participate in the divine atmosphere created by Nammāḻvār's presence and his songs glorifying Bhagavān. Through the pāsurams of Tiruvāymoḻi, he repeatedly called out to Bhagavān with intense longing, inviting Him to manifest for the benefit of devotees.

It is this Nammāḻvār who became the Ācārya of Madhurakavi Āḻvār. Reflecting upon the immeasurable compassion and greatness of his master, Madhurakavi Āḻvār desires only one thing: that his devotion towards the sacred lotus feet of Nammāḻvār should continue to grow without limit. He seeks neither worldly prosperity nor even the joys of heaven. His sole aspiration is to deepen his attachment to the Ācārya who revealed his true nature, corrected his misconceptions, and established him firmly in the path of eternal service to Bhagavān.",Madhurakavi Āḻvār,,,Ācārya Śeṣatvam,1.10.,Kaṇṇinuṇciṟuttāmpu
155,148,அன்பன் தன்னைஅடைந்தவர்கட்கெல்லாம் அன்பன்தென் குருகூர்நகர் நம்பிக்குஅன்பனாய்மதுரகவி சொன்ன சொல்நம்புவார் பதிவைகுந்தம் காண்மினே,"anban tannai\
aḍaindavargaṭkellām anban\
ten kurugūr\
nagar nambikku\
anbanāy\
madurakavi śonna śol nambuvār padi\
vaigundam kāṇminē","Emperumān lovingly embraces all beings, especially His devoted servants. Nammāḻvār, in turn, cherishes those very devotees of the Lord. I, Madhurakavi Āḻvār, remain steadfast in my affection for Nammāḻvār. Those who recite these verses with devotion will attain the radiant abode of Śrī Vaikuṇṭham and dwell there eternally.","In the final pāsuram of *Kaṇṇinuṇ Ciṟuttāmbu*, Madhurakavi Āḻvār brings his Prabandham to a glorious conclusion by summarizing the entire philosophy of Ācārya-bhakti. Throughout these eleven pāsurams, he has demonstrated that Nammāḻvār is his sole refuge, master, and means to attain Bhagavān. In this concluding verse, he extends that blessing to all who follow the same path.

The pāsuram reveals a beautiful hierarchy of devotion. At the highest level stands Bhagavān, the loving Lord (*Anban*), who is dear to all devotees and who showers His grace upon the universe. Nammāḻvār stands as the foremost devotee of Bhagavān and the embodiment of *Bhāgavata-bhakti*. Having attained the Lord and become immersed in His service, he serves as the perfect guide for all jīvātmās. Madhurakavi Āḻvār then stands as the ideal disciple, demonstrating unwavering devotion towards his Ācārya. Finally come those devotees who place their trust in the teachings of Madhurakavi Āḻvār and walk the path shown by him. Thus, the flow of grace descends through the lineage of devotion, from Bhagavān to Nammāḻvār, from Nammāḻvār to Madhurakavi Āḻvār, and from Madhurakavi Āḻvār to all future devotees.

The central message of the pāsuram is that those who faithfully accept the teachings of Madhurakavi Āḻvār and cultivate devotion towards Nammāḻvār will surely attain the highest spiritual goal. The path of the Ācārya is presented not merely as one among many means, but as the most secure and compassionate route to Bhagavān.

Madhurakavi Āḻvār concludes by inviting devotees to behold *Vaikuṇṭha* through the famous expression *""Vaikuṇṭham Kaṇmiṉē.""* This statement carries several layers of meaning. At one level, it refers to the eternal abode of Bhagavān, Paramapada, which is the destination of liberated jīvātmās. At another level, it teaches that wherever a true Ācārya resides, that place itself becomes comparable to Vaikuṇṭha, for it is there that divine knowledge, devotion, and grace are freely distributed. The presence of an Ācārya transforms the ordinary into the sacred.

The commentators further explain that *Vaikuṇṭham Kaṇmiṉē* points towards the ultimate attainment of the jīvātmā. After completing its journey through saṁsāra, the liberated jīvātmā reaches Paramapada and continues rendering eternal *kainkaryam*. For Madhurakavi Āḻvār, this eternal service is inseparable from service to the Ācārya, for the relationship established with the Ācārya does not cease upon liberation but continues forever.

Periyavāccān Piḷḷai offers a particularly beautiful interpretation. He explains that while Āḻvār Tirunagari in this world is shared by Bhagavān and Nammāḻvār, Paramapada may be viewed as the realm where Nammāḻvār's greatness shines forth most brilliantly. Therefore, for those who have taken refuge in Nammāḻvār through Madhurakavi Āḻvār, Vaikuṇṭha becomes especially desirable because it is there that they may eternally remain in the company of their Ācārya and continue serving him without interruption.

The relationship between Bhagavān, Ācārya, and disciple may be understood through a simple analogy. Bhagavān is the source of all grace, like the source of electrical power. Nammāḻvār is connected directly to that source, while Madhurakavi Āḻvār remains firmly connected to Nammāḻvār. Those who hold on to Madhurakavi Āḻvār likewise become connected to that uninterrupted current of divine grace. One need not attempt to reach the source independently; by remaining attached to the lineage, the grace naturally flows.

This teaching beautifully echoes the words of Swāmi Vedānta Deśika, who praises the *tol vazhi*, the ancient and time-honoured path of the Ācāryas. The surest means of attaining Bhagavān is not self-reliance, scholarship, austerity, or personal effort alone, but humble dependence upon the grace of the Ācārya. Through the Ācārya, the meanings of the scriptures become clear. Through the Ācārya, devotion becomes firm. Through the Ācārya, surrender becomes possible. Through the Ācārya, Bhagavān becomes attainable.

Thus, Madhurakavi Āḻvār concludes *Kaṇṇinuṇ Ciṟuttāmbu* by glorifying the path of Ācārya-bhakti. The one who accepts Nammāḻvār as his refuge, follows the teachings transmitted through Madhurakavi Āḻvār, and remains steadfast in service to the Ācārya will surely attain the highest goal. Such a devotee will behold Vaikuṇṭha, enjoy the company of Bhagavān, the Nityasūris, and the Ācāryas, and engage forever in uninterrupted *kainkaryam*. This is the supreme blessing that Madhurakavi Āḻvār bestows upon all who study and cherish this divine Prabandham.",Madhurakavi Āḻvār,,,Ācārya Śeṣatvam,1.11,Kaṇṇinuṇciṟuttāmpu
